Symbol,Timeframe,Price,MA50,MA150,MA200,MA200 slope %,52W High,52W Low,% Above 52W Low,% Below 52W High,RS Rating,Score,TradingView,P > MA50,P > MA150,P > MA200,MA50 > MA150,MA150 > MA200,MA200 Rising,25% Above 52W Low,Within 25% 52W High,RS > Threshold
STLTECH,4h,818.0,781.2109997558593,650.4050030517578,610.1572518920898,17.285278282519513,912.0,84.5999984741211,866.9030907254968,11.49144254278729,100.0,9,https://www.tradingview.com/symbols/STLTECH/?exchange=NSE,True,True,True,True,True,True,True,True,True
WELCORP,4h,2755.0,2573.2279931640624,1952.5673282877603,1800.1489959716796,15.78507128713278,2837.5,707.6502693631002,289.31660444071576,2.9945553539020064,99.72222222222223,9,https://www.tradingview.com/symbols/WELCORP/?exchange=NSE,True,True,True,True,True,True,True,True,True
SHILPAMED,4h,1033.0,954.3610021972656,750.6156656901042,686.3489990234375,15.823659671854662,1075.0,259.33715759272434,298.3231749698874,4.065827686350443,99.44444444444444,9,https://www.tradingview.com/symbols/SHILPAMED/?exchange=NSE,True,True,True,True,True,True,True,True,True
SANSERA,4h,4445.0,4088.2380029296874,3598.5213297526043,3378.171496582031,9.277276467915009,4743.5,1362.8258521500732,226.16052836004764,6.715410573678282,99.16666666666667,9,https://www.tradingview.com/symbols/SANSERA/?exchange=NSE,True,True,True,True,True,True,True,True,True
AVALON,4h,2316.0,2287.79,1970.1066666666666,1840.8729974365235,12.407471862341568,2618.0,777.2999877929688,197.95446241752148,13.039723661485315,98.75,9,https://www.tradingview.com/symbols/AVALON/?exchange=NSE,True,True,True,True,True,True,True,True,True
CPPLUS,4h,3724.0,3646.04798828125,3584.310665690104,3393.0930017089845,7.534122850288516,4094.0,1226.4431802909007,203.64227710220564,9.935553168635881,98.61111111111111,9,https://www.tradingview.com/symbols/CPPLUS/?exchange=NSE,True,True,True,True,True,True,True,True,True
SYRMA,4h,1745.0,1576.4080029296874,1455.4026692708333,1367.851003112793,8.716767988325746,1803.9000244140625,633.8515990037583,175.30103304033048,3.375359565275793,98.19444444444444,9,https://www.tradingview.com/symbols/SYRMA/?exchange=NSE,True,True,True,True,True,True,True,True,True
AETHER,4h,1739.199951171875,1652.5519970703126,1512.5900016276041,1416.1135034179688,5.652121978794611,1798.0,728.0,138.90109219393887,3.380867667832299,98.05555555555556,9,https://www.tradingview.com/symbols/AETHER/?exchange=NSE,True,True,True,True,True,True,True,True,True
LAURUSLABS,4h,2010.699951171875,1929.1239965820312,1724.5160026041667,1630.983002319336,9.185373835473865,2055.300048828125,821.6033975811163,144.72877754541665,2.218137899205508,97.91666666666666,9,https://www.tradingview.com/symbols/LAURUSLABS/?exchange=NSE,True,True,True,True,True,True,True,True,True
SMLMAH,4h,6515.5,6022.28,4997.943999023438,4684.26349975586,9.411524457798027,6898.5,2703.052088847761,141.0423397640622,5.878290230987648,97.77777777777777,9,https://www.tradingview.com/symbols/SMLMAH/?exchange=NSE,True,True,True,True,True,True,True,True,True
MARKSANS,4h,332.0,328.6940020751953,291.0275346883138,274.72660064697266,9.608289298865213,350.95001220703125,154.57339337516265,114.78470049124692,5.707835002117845,97.36111111111111,9,https://www.tradingview.com/symbols/MARKSANS/?exchange=NSE,True,True,True,True,True,True,True,True,True
PGIL,4h,1296.0,1188.041005859375,1088.169002685547,1017.7512521362305,7.089973574729602,1355.0,594.6744698202933,117.93436001912822,4.552469135802473,96.94444444444444,9,https://www.tradingview.com/symbols/PGIL/?exchange=NSE,True,True,True,True,True,True,True,True,True
SONACOMS,4h,807.9000244140625,802.0130017089843,739.0503344726562,702.5647494506836,5.368736133802954,844.0,399.83497257584986,102.05836903393974,4.468371641914404,96.66666666666667,9,https://www.tradingview.com/symbols/SONACOMS/?exchange=NSE,True,True,True,True,True,True,True,True,True
WELSPUNLIV,4h,227.9499969482422,206.6507995605469,178.20906677246094,168.5310001373291,8.996261373450176,233.0,107.03568289025932,112.96635924858154,2.215399482064684,96.52777777777779,9,https://www.tradingview.com/symbols/WELSPUNLIV/?exchange=NSE,True,True,True,True,True,True,True,True,True
FINCABLES,4h,1408.0,1341.3210009765626,1178.2586649576822,1148.5302478027343,6.332151282403631,1498.0,695.8450204922062,102.34390683776837,6.392045454545459,96.11111111111111,9,https://www.tradingview.com/symbols/FINCABLES/?exchange=NSE,True,True,True,True,True,True,True,True,True
AKUMS,4h,801.9000244140625,777.5930004882813,706.3146663411459,664.7477496337891,6.416466490395623,838.7999877929688,407.37371334346585,96.84628589129478,4.6015665613514,95.55555555555556,9,https://www.tradingview.com/symbols/AKUMS/?exchange=NSE,True,True,True,True,True,True,True,True,True
NEOGEN,4h,2396.300048828125,2274.3400048828125,2139.6933349609376,2052.089501953125,6.3374513264720544,2499.699951171875,966.2326038611084,148.00447006780809,4.3149814395870845,95.27777777777777,9,https://www.tradingview.com/symbols/NEOGEN/?exchange=NSE,True,True,True,True,True,True,True,True,True
EMIL,4h,192.88999938964844,184.83500061035156,155.50240036010743,145.12290019989013,9.42658139224395,202.86000061035156,84.9000015258789,127.19669720012008,5.168749677147955,95.0,9,https://www.tradingview.com/symbols/EMIL/?exchange=NSE,True,True,True,True,True,True,True,True,True
SAILIFE,4h,1581.699951171875,1559.95,1387.0726700846353,1324.6825024414063,7.667542821236029,1697.0,783.8499755859375,101.78605606124242,7.289628399033554,94.86111111111111,9,https://www.tradingview.com/symbols/SAILIFE/?exchange=NSE,True,True,True,True,True,True,True,True,True
REDINGTON,4h,406.0,380.69,324.04066701253254,299.68995010375977,10.302191059565558,419.5,187.19874597305954,116.88179474152508,3.325123152709364,94.58333333333333,9,https://www.tradingview.com/symbols/REDINGTON/?exchange=NSE,True,True,True,True,True,True,True,True,True
ENTERO,4h,1790.0999755859375,1777.98,1417.5806632486979,1363.3679986572265,7.419900064540408,1920.0,944.0,89.62923470190016,7.256579307619027,94.44444444444444,9,https://www.tradingview.com/symbols/ENTERO/?exchange=NSE,True,True,True,True,True,True,True,True,True
QPOWER,4h,1592.699951171875,1455.6119970703126,1286.272666015625,1245.0074996948242,2.9650872417099405,1568.943822130586,580.4955789253012,174.36900624127327,-1.4915633684680962,93.88888888888889,9,https://www.tradingview.com/symbols/QPOWER/?exchange=NSE,True,True,True,True,True,True,True,True,True
DYNAMATECH,4h,13139.0,11946.08,11112.453333333333,11034.795,1.2869463850742502,13287.0,6707.758197256808,95.87766305251284,1.1264175355810924,93.61111111111111,9,https://www.tradingview.com/symbols/DYNAMATECH/?exchange=NSE,True,True,True,True,True,True,True,True,True
RAIN,4h,215.4499969482422,209.78120056152343,208.25766682942708,199.59994995117188,7.445096493839665,250.82236847510148,99.43315286007488,116.67823130523627,16.417903006680866,93.47222222222223,9,https://www.tradingview.com/symbols/RAIN/?exchange=NSE,True,True,True,True,True,True,True,True,True
GMMPFAUDLR,4h,1480.0999755859375,1252.2119934082032,984.2136653645833,943.9982492065429,8.548528584914905,1533.5999755859375,734.1152411860135,101.6168433166889,3.614620693363668,93.19444444444444,9,https://www.tradingview.com/symbols/GMMPFAUDLR/?exchange=NSE,True,True,True,True,True,True,True,True,True
ACMESOLAR,4h,437.8999938964844,415.88099853515627,384.71766540527346,365.28249923706056,6.069988127043424,476.8999938964844,195.72747422084996,123.72944607785516,8.906143079147721,93.05555555555556,9,https://www.tradingview.com/symbols/ACMESOLAR/?exchange=NSE,True,True,True,True,True,True,True,True,True
DIVISLAB,4h,9550.0,9269.81,8053.573333333334,7722.0725,6.864365732315725,9740.0,5613.352076705792,70.13007325213849,1.9895287958115127,92.91666666666667,9,https://www.tradingview.com/symbols/DIVISLAB/?exchange=NSE,True,True,True,True,True,True,True,True,True
OPTIEMUS,4h,808.0,617.6730004882812,567.7039998372396,531.8207496643066,7.506025305313013,850.6500244140625,288.0,180.55555555555554,5.278468368077038,92.77777777777779,9,https://www.tradingview.com/symbols/OPTIEMUS/?exchange=NSE,True,True,True,True,True,True,True,True,True
SHRIPISTON,4h,4645.2998046875,4525.513974609375,4316.917978515625,4085.0779858398437,3.8341520645861937,4789.10009765625,2518.619011912407,84.43836811826047,3.095608443262221,92.63888888888889,9,https://www.tradingview.com/symbols/SHRIPISTON/?exchange=NSE,True,True,True,True,True,True,True,True,True
ENGINERSIN,4h,313.29998779296875,274.7022006225586,249.77146718343099,246.80525062561034,2.6124883753679606,318.8999938964844,161.02693362262252,94.56371722708722,1.7874262118440232,91.94444444444444,9,https://www.tradingview.com/symbols/ENGINERSIN/?exchange=NSE,True,True,True,True,True,True,True,True,True
SHAREINDIA,4h,206.10000610351562,190.64480041503907,173.02480021158854,164.58385028839112,5.950516446305287,233.35000610351562,114.693516995367,79.69629975846058,13.221736629310655,91.52777777777777,9,https://www.tradingview.com/symbols/SHAREINDIA/?exchange=NSE,True,True,True,True,True,True,True,True,True
WOCKPHARMA,4h,2189.0,2083.492001953125,1973.532002766927,1920.2520013427734,6.806223339777362,2422.300048828125,1086.699951171875,101.4355478381523,10.657836858297177,91.38888888888889,9,https://www.tradingview.com/symbols/WOCKPHARMA/?exchange=NSE,True,True,True,True,True,True,True,True,True
YATHARTH,4h,1100.4000244140625,1019.5060021972656,904.455000813802,885.2420010375977,5.4587691587159926,1184.0,537.9315639475303,104.56134165821047,7.597234981019985,91.11111111111111,9,https://www.tradingview.com/symbols/YATHARTH/?exchange=NSE,True,True,True,True,True,True,True,True,True
WELENT,4h,749.5,746.4230004882812,643.282333984375,611.5462501525878,8.15519589972169,841.9000244140625,409.9812045484441,82.8132586774323,12.328222069921612,90.83333333333333,9,https://www.tradingview.com/symbols/WELENT/?exchange=NSE,True,True,True,True,True,True,True,True,True
SOUTHBANK,4h,48.900001525878906,46.44780006408691,46.362333348592124,45.14155002593994,2.6929236661103584,50.68000030517578,28.222522025082167,73.26588134972512,3.640079189680323,89.44444444444444,9,https://www.tradingview.com/symbols/SOUTHBANK/?exchange=NSE,True,True,True,True,True,True,True,True,True
LUMAXTECH,4h,2032.0,2001.5200048828126,1757.8200056966145,1734.7140051269532,2.816358370563643,2190.0,1116.3719883205647,82.01818222408801,7.775590551181111,89.16666666666667,9,https://www.tradingview.com/symbols/LUMAXTECH/?exchange=NSE,True,True,True,True,True,True,True,True,True
VIJAYA,4h,1501.4000244140625,1499.8419995117188,1414.6299975585937,1381.4059985351562,5.542303007493743,1593.5999755859375,846.8252647277601,77.29750008069693,6.140931775184777,89.02777777777777,9,https://www.tradingview.com/symbols/VIJAYA/?exchange=NSE,True,True,True,True,True,True,True,True,True
VARROC,4h,848.3499755859375,841.9029992675781,739.2009993489584,696.7724993896485,8.240329890223009,912.2000122070312,461.0607825414901,83.99959565192381,7.526379260751903,88.19444444444444,9,https://www.tradingview.com/symbols/VARROC/?exchange=NSE,True,True,True,True,True,True,True,True,True
NAZARA,4h,379.0,366.7489984130859,334.4119991048177,320.70724990844724,5.563102332643388,384.5,215.6999969482422,75.70700294953741,1.451187335092352,87.91666666666667,9,https://www.tradingview.com/symbols/NAZARA/?exchange=NSE,True,True,True,True,True,True,True,True,True
PCJEWELLER,4h,13.550000190734863,12.427000026702881,10.481400025685629,10.072150006294251,6.581342262571588,14.859999656677246,7.46999979019165,81.39224325717448,9.6678926014933,87.77777777777777,9,https://www.tradingview.com/symbols/PCJEWELLER/?exchange=NSE,True,True,True,True,True,True,True,True,True
CAPLIPOINT,4h,2840.60009765625,2694.046005859375,2593.958006184896,2450.519002685547,7.303265061080166,2990.0,1495.027411428422,90.00321170982426,5.259448609715189,87.5,9,https://www.tradingview.com/symbols/CAPLIPOINT/?exchange=NSE,True,True,True,True,True,True,True,True,True
LOTUSDEV,4h,208.0500030517578,199.2368002319336,173.5209996541341,165.02815010070802,6.977087088215295,225.48413604918645,101.81956678755641,104.33204502416334,8.379780217110323,87.36111111111111,9,https://www.tradingview.com/symbols/LOTUSDEV/?exchange=NSE,True,True,True,True,True,True,True,True,True
AUROPHARMA,4h,1697.5,1672.5139990234375,1600.1760034179688,1568.7115008544922,3.0901517966940073,1740.0,1066.800048828125,59.120727625078004,2.503681885125175,87.08333333333333,9,https://www.tradingview.com/symbols/AUROPHARMA/?exchange=NSE,True,True,True,True,True,True,True,True,True
RBLBANK,4h,407.0,403.1789996337891,383.4413330078125,372.85650024414065,4.111836282433434,429.6000061035156,260.9244632419414,55.983841048514684,5.552827052460851,86.38888888888889,9,https://www.tradingview.com/symbols/RBLBANK/?exchange=NSE,True,True,True,True,True,True,True,True,True
CARBORUNIV,4h,1247.800048828125,1130.7799951171876,1118.527997233073,1099.61899810791,3.145745404396849,1368.9000244140625,733.4511840295453,70.12721173517942,9.705078606117134,86.25,9,https://www.tradingview.com/symbols/CARBORUNIV/?exchange=NSE,True,True,True,True,True,True,True,True,True
GNFC,4h,620.6500244140625,586.817001953125,551.9940008544922,540.3377505493164,3.682107854710992,636.0,351.9886096859767,76.32673539287806,2.4732095355073813,85.83333333333333,9,https://www.tradingview.com/symbols/GNFC/?exchange=NSE,True,True,True,True,True,True,True,True,True
ABDL,4h,721.0999755859375,633.7560009765625,631.3216670735677,613.4192498779297,2.7102929246778373,753.7999877929688,378.81990505354565,90.35429922406296,4.534740440181051,84.16666666666667,9,https://www.tradingview.com/symbols/ABDL/?exchange=NSE,True,True,True,True,True,True,True,True,True
EMCURE,4h,1927.800048828125,1919.7860083007813,1882.709334309896,1839.1005010986328,2.7278077244426546,2100.699951171875,1257.554251234414,53.29756524903782,8.968767401414524,83.19444444444444,9,https://www.tradingview.com/symbols/EMCURE/?exchange=NSE,True,True,True,True,True,True,True,True,True
ASKAUTOLTD,4h,650.3499755859375,630.0439978027343,558.3833325195312,529.5154995727539,6.32569155083893,687.7000122070312,373.9332517882958,73.92140775812481,5.743067275038016,82.36111111111111,9,https://www.tradingview.com/symbols/ASKAUTOLTD/?exchange=NSE,True,True,True,True,True,True,True,True,True
TI,4h,561.6500244140625,554.9259948730469,499.7859989420573,484.1939991760254,3.244997174734654,607.7999877929688,380.8184953584051,47.484964953046436,8.216854157008523,80.97222222222223,9,https://www.tradingview.com/symbols/TI/?exchange=NSE,True,True,True,True,True,True,True,True,True
LALPATHLAB,4h,1942.0999755859375,1914.4619995117187,1814.962666015625,1762.4925006103515,4.619233278741208,2038.5999755859375,1266.1614521067843,53.38486038683688,4.968848216523236,80.69444444444444,9,https://www.tradingview.com/symbols/LALPATHLAB/?exchange=NSE,True,True,True,True,True,True,True,True,True
AEGISVOPAK,4h,298.0,288.5179998779297,275.57393239339194,256.5743994903564,7.08029552618441,320.95001220703125,157.88530940558778,88.7446027258147,7.701346378198415,80.41666666666667,9,https://www.tradingview.com/symbols/AEGISVOPAK/?exchange=NSE,True,True,True,True,True,True,True,True,True
AARTIPHARM,4h,914.0,857.5500036621094,766.9683345540365,746.0290008544922,3.3129127339133646,962.0,583.5851680913014,56.61809963220408,5.251641137855589,79.16666666666666,9,https://www.tradingview.com/symbols/AARTIPHARM/?exchange=NSE,True,True,True,True,True,True,True,True,True
THELEELA,4h,554.0,547.3380004882813,509.7806673177083,485.570750579834,3.9854012822828855,582.8499755859375,384.5,44.08322496749024,5.20757682056634,78.33333333333333,9,https://www.tradingview.com/symbols/THELEELA/?exchange=NSE,True,True,True,True,True,True,True,True,True
ACE,4h,1210.5,1163.4219921875,1078.8559993489582,1032.0775003051758,4.538736987380454,1268.0,743.7339869667156,62.7598067606091,4.750103263114425,77.91666666666667,9,https://www.tradingview.com/symbols/ACE/?exchange=NSE,True,True,True,True,True,True,True,True,True
JYOTICNC,4h,1046.0999755859375,1021.32,873.4373315429688,821.923249206543,6.124004314897702,1134.5999755859375,580.0999755859375,80.33098079849266,8.459994461851483,77.63888888888889,9,https://www.tradingview.com/symbols/JYOTICNC/?exchange=NSE,True,True,True,True,True,True,True,True,True
APLAPOLLO,4h,2197.0,2185.6680126953124,1985.6506705729166,1953.0375018310547,1.5260586458941683,2292.568366695916,1646.9555379628491,33.39765096011709,4.349948415835958,77.22222222222223,9,https://www.tradingview.com/symbols/APLAPOLLO/?exchange=NSE,True,True,True,True,True,True,True,True,True
ZYDUSLIFE,4h,1215.0,1149.446005859375,1131.242001953125,1108.229002685547,3.420210703831117,1208.5999755859375,834.749872350541,45.55258290471216,-0.5267509805812809,76.80555555555556,9,https://www.tradingview.com/symbols/ZYDUSLIFE/?exchange=NSE,True,True,True,True,True,True,True,True,True
EDELWEISS,4h,134.9499969482422,132.50500015258788,124.45586659749348,121.60184986114501,2.23716057730059,146.0,96.92496747850444,39.23140802515177,8.188220305033322,75.41666666666667,9,https://www.tradingview.com/symbols/EDELWEISS/?exchange=NSE,True,True,True,True,True,True,True,True,True
JSWINFRA,4h,348.75,342.497001953125,331.92200032552086,317.5614996337891,3.7318092412435666,375.5,232.71809982894663,49.85942230378282,7.670250896057351,72.91666666666666,9,https://www.tradingview.com/symbols/JSWINFRA/?exchange=NSE,True,True,True,True,True,True,True,True,True
SPLPETRO,4h,878.0,790.005,744.1290006510417,731.3380001831055,1.460402975754782,965.127357372077,457.2664603074991,92.01058380917972,9.923389222332224,72.08333333333333,9,https://www.tradingview.com/symbols/SPLPETRO/?exchange=NSE,True,True,True,True,True,True,True,True,True
APOLLOHOSP,4h,8860.0,8823.94,8780.346666666666,8637.8175,2.2544274835592404,9070.5,6679.845437739152,32.63779952068382,2.3758465011286756,70.27777777777777,9,https://www.tradingview.com/symbols/APOLLOHOSP/?exchange=NSE,True,True,True,True,True,True,True,True,True
CUPID,4h,264.5,276.0210009765625,239.83373362223307,212.2190500640869,14.50518856274119,299.0,41.816001892089844,532.5329731009849,13.043478260869556,99.86111111111111,8,https://www.tradingview.com/symbols/CUPID/?exchange=NSE,False,True,True,True,True,True,True,True,True
MTARTECH,4h,7100.0,7093.97,6948.32,7023.3325,4.506722716132017,8714.0,1824.5,289.1477117018361,22.732394366197184,99.58333333333333,8,https://www.tradingview.com/symbols/MTARTECH/?exchange=NSE,True,True,True,True,False,True,True,True,True
SKYGOLD,4h,797.0,801.207001953125,691.2100014241537,641.9775012207032,10.498642740986508,868.7999877929688,259.0,207.7220077220077,9.008781404387545,99.02777777777779,8,https://www.tradingview.com/symbols/SKYGOLD/?exchange=NSE,False,True,True,True,True,True,True,True,True
DIACABS,4h,339.25,352.90199890136716,299.33893290201826,272.2357996368408,13.907264621761328,404.0,115.56999969482422,193.54503841466504,19.08621960206338,98.88888888888889,8,https://www.tradingview.com/symbols/DIACABS/?exchange=NSE,False,True,True,True,True,True,True,True,True
ATHERENERG,4h,1454.9000244140625,1570.4800024414062,1352.037000325521,1253.0907507324218,9.548712686939599,1744.0,534.5,172.19832075099393,19.87077948550917,98.47222222222223,8,https://www.tradingview.com/symbols/ATHERENERG/?exchange=NSE,False,True,True,True,True,True,True,True,True
TDPOWERSYS,4h,721.0,749.0660009765625,660.5169986979166,652.1144982910156,5.69679872179476,817.5499877929688,281.9800339055006,155.6918622974658,13.391121746597602,98.33333333333333,8,https://www.tradingview.com/symbols/TDPOWERSYS/?exchange=NSE,False,True,True,True,True,True,True,True,True
APARINDS,4h,17244.0,17580.2,16007.393333333333,15266.1,6.725736194598064,19265.0,6777.469795325622,154.43123349502903,11.720018557179301,97.63888888888889,8,https://www.tradingview.com/symbols/APARINDS/?exchange=NSE,False,True,True,True,True,True,True,True,True
AEGISLOG,4h,1308.0999755859375,1328.36599609375,1277.7923323567709,1141.9952496337892,10.317560274287763,1528.699951171875,573.0465115667306,128.27116982346567,16.864152565030377,96.80555555555556,8,https://www.tradingview.com/symbols/AEGISLOG/?exchange=NSE,False,True,True,True,True,True,True,True,True
TMB,4h,861.75,903.1279992675782,841.1066650390625,808.4022485351562,4.512148178564357,954.2000122070312,413.1587106622762,108.57602121437804,10.728170839226149,95.97222222222223,8,https://www.tradingview.com/symbols/TMB/?exchange=NSE,False,True,True,True,True,True,True,True,True
LLOYDSENGG,4h,95.97000122070312,85.63819946289063,87.40919977823893,83.1312498474121,6.087056750533226,99.6500015258789,37.297425311917706,157.30998967920092,3.8345318936829464,95.69444444444444,8,https://www.tradingview.com/symbols/LLOYDSENGG/?exchange=NSE,True,True,True,False,True,True,True,True,True
INOXINDIA,4h,2051.10009765625,2112.7359838867187,1990.0366634114582,1870.5814971923828,6.063770860713658,2339.5,1066.9168905614442,92.2455362551153,14.060742460755504,95.41666666666667,8,https://www.tradingview.com/symbols/INOXINDIA/?exchange=NSE,False,True,True,True,True,True,True,True,True
KTKBANK,4h,322.0,329.97100036621094,299.8589998372396,290.030249710083,4.410129834620968,345.3999938964844,167.3874286313754,92.36809038336811,7.267078849839859,95.13888888888889,8,https://www.tradingview.com/symbols/KTKBANK/?exchange=NSE,False,True,True,True,True,True,True,True,True
CHENNPETRO,4h,1408.0,1428.3959936523438,1291.7573315429688,1239.5484991455078,5.684373151414968,1677.5,681.4494121069772,106.61841876810736,19.140625,94.72222222222221,8,https://www.tradingview.com/symbols/CHENNPETRO/?exchange=NSE,False,True,True,True,True,True,True,True,True
AZAD,4h,2720.0,2774.487998046875,2491.838663736979,2395.803000488281,5.276842491614153,2986.60009765625,1360.0,100.0,9.801474178538605,94.02777777777777,8,https://www.tradingview.com/symbols/AZAD/?exchange=NSE,False,True,True,True,True,True,True,True,True
ARVIND,4h,543.5999755859375,554.2519982910156,541.3723321533203,524.9682493591308,5.537590639749457,607.1500244140625,275.6944407527197,97.17480486794146,11.690590817195211,93.33333333333333,8,https://www.tradingview.com/symbols/ARVIND/?exchange=NSE,False,True,True,True,True,True,True,True,True
KRN,4h,1387.4000244140625,1506.0659985351563,1346.2466658528647,1301.4834991455077,3.472638258353511,1687.0,589.7999877929688,135.23229113749434,21.594347002586133,92.5,8,https://www.tradingview.com/symbols/KRN/?exchange=NSE,False,True,True,True,True,True,True,True,True
ICIL,4h,438.20001220703125,441.5560009765625,418.84766682942706,391.9757502746582,7.857476811832886,485.95001220703125,216.04358355223812,102.82944996655128,10.896850449524887,92.36111111111111,8,https://www.tradingview.com/symbols/ICIL/?exchange=NSE,False,True,True,True,True,True,True,True,True
NAVINFLUOR,4h,8420.0,8494.67,7991.946666666667,7759.7875,4.401638450992462,8949.5,4488.291781017636,87.59921170033476,6.2885985748218465,92.08333333333333,8,https://www.tradingview.com/symbols/NAVINFLUOR/?exchange=NSE,False,True,True,True,True,True,True,True,True
QUESS,4h,340.8999938964844,355.76299926757815,315.6166662597656,290.4744996643066,9.33065693275652,388.75,162.53922482226787,109.73398530062455,14.036376345036095,91.80555555555556,8,https://www.tradingview.com/symbols/QUESS/?exchange=NSE,False,True,True,True,True,True,True,True,True
GLAND,4h,2896.0,2904.09400390625,2641.756671549479,2522.966500854492,8.184272399754388,3042.0,1561.8007505195303,85.42698222142937,5.041436464088389,91.66666666666666,8,https://www.tradingview.com/symbols/GLAND/?exchange=NSE,False,True,True,True,True,True,True,True,True
BLUESTONE,4h,790.2000122070312,833.842998046875,732.0456663004558,672.5157493591308,8.691082878470024,969.9000244140625,399.79998779296875,97.64883350027166,22.74107940154653,91.25,8,https://www.tradingview.com/symbols/BLUESTONE/?exchange=NSE,False,True,True,True,True,True,True,True,True
MSTCLTD,4h,712.0,735.295,674.3796655273437,620.1404985046387,8.404942371108781,795.731978165477,357.9805560549056,98.8934840055381,11.760109292904076,90.97222222222221,8,https://www.tradingview.com/symbols/MSTCLTD/?exchange=NSE,False,True,True,True,True,True,True,True,True
HONASA,4h,466.04998779296875,474.9479998779297,461.5026668294271,441.80725036621095,5.0052555122695574,506.64561650495574,246.8630140577539,88.78890771540844,8.710573924533737,90.69444444444444,8,https://www.tradingview.com/symbols/HONASA/?exchange=NSE,False,True,True,True,True,True,True,True,True
CRAFTSMAN,4h,10534.0,11063.22,10147.676666666666,9807.41,6.275974934569106,11999.0,6316.2925601072975,66.77504880839551,13.907347636225564,90.55555555555556,8,https://www.tradingview.com/symbols/CRAFTSMAN/?exchange=NSE,False,True,True,True,True,True,True,True,True
NEULANDLAB,4h,21440.0,22891.12,20707.52,19765.525,6.766285544828499,24225.0,11478.786028437366,86.77933317064085,12.989738805970141,90.27777777777779,8,https://www.tradingview.com/symbols/NEULANDLAB/?exchange=NSE,False,True,True,True,True,True,True,True,True
RADICO,4h,4478.2998046875,4498.36400390625,4270.944679361979,4078.2115087890625,5.3254380708273485,4747.0,2494.465428414862,79.52943960154579,6.000049282793607,90.13888888888889,8,https://www.tradingview.com/symbols/RADICO/?exchange=NSE,False,True,True,True,True,True,True,True,True
PAYTM,4h,1635.800048828125,1712.980009765625,1453.822001139323,1368.4730004882813,7.860132183481761,1855.5,930.5999755859375,75.7790771269008,13.430733868070632,89.86111111111111,8,https://www.tradingview.com/symbols/PAYTM/?exchange=NSE,False,True,True,True,True,True,True,True,True
MOTHERSON,4h,162.3699951171875,163.72100006103517,155.43540008544923,150.66695030212404,4.398843958420495,173.27000427246094,100.52274639930697,61.52562572475331,6.713068598300165,89.30555555555556,8,https://www.tradingview.com/symbols/MOTHERSON/?exchange=NSE,False,True,True,True,True,True,True,True,True
DCBBANK,4h,207.0399932861328,218.69000061035158,198.06713338216147,193.03879997253418,2.738467626736707,234.8000030517578,121.38222908441647,70.56862017432948,13.408042245857388,88.88888888888889,8,https://www.tradingview.com/symbols/DCBBANK/?exchange=NSE,False,True,True,True,True,True,True,True,True
GRANULES,4h,851.4000244140625,859.2359973144531,843.9659981282553,823.4504977416992,3.8873355579257973,923.6500244140625,509.48866067465497,67.10872883542788,8.486022777568358,88.75,8,https://www.tradingview.com/symbols/GRANULES/?exchange=NSE,False,True,True,True,True,True,True,True,True
BALRAMCHIN,4h,677.0,680.9889978027344,625.020664469401,602.4727490234375,5.042851523124803,780.9500122070312,393.54998779296875,72.02389048380387,15.354506972973603,88.61111111111111,8,https://www.tradingview.com/symbols/BALRAMCHIN/?exchange=NSE,False,True,True,True,True,True,True,True,True
JINDALSAW,4h,276.1499938964844,298.755,274.64613291422523,264.819599609375,4.122747237061675,320.0,151.60325107352764,82.1530817716775,15.879053801447096,88.33333333333333,8,https://www.tradingview.com/symbols/JINDALSAW/?exchange=NSE,False,True,True,True,True,True,True,True,True
SOLARINDS,4h,19150.0,20360.86,19108.633333333335,18747.115,4.825804424217894,22700.0,11639.12322904721,64.53129349303777,18.537859007832893,87.63888888888889,8,https://www.tradingview.com/symbols/SOLARINDS/?exchange=NSE,False,True,True,True,True,True,True,True,True
ALIVUS,4h,1345.5,1383.630009765625,1255.8166715494792,1207.5610037231445,4.651196899405785,1488.4866814641196,816.0868402393627,64.87215988011246,10.627029465932324,87.22222222222223,8,https://www.tradingview.com/symbols/ALIVUS/?exchange=NSE,False,True,True,True,True,True,True,True,True
GRAPHITE,4h,799.0,769.2519934082031,695.6353304036459,703.306496887207,2.2200644461234376,874.3499755859375,510.5948183076055,56.4841575651569,9.430535117138605,86.80555555555556,8,https://www.tradingview.com/symbols/GRAPHITE/?exchange=NSE,True,True,True,True,False,True,True,True,True
PFOCUS,4h,315.6000061035156,313.7529998779297,280.53533315022787,272.96400001525876,-0.04092261046541035,367.0,161.00999450683594,96.01268049861112,16.286436280874273,85.97222222222223,8,https://www.tradingview.com/symbols/PFOCUS/?exchange=NSE,True,True,True,True,True,False,True,True,True
BELRISE,4h,248.5,234.71920013427734,236.6714661661784,231.60964950561524,1.6067320222708847,267.55305639788776,142.2460279440868,74.69732096679627,7.66722591464295,85.69444444444444,8,https://www.tradingview.com/symbols/BELRISE/?exchange=NSE,True,True,True,False,True,True,True,True,True
ANANDRATHI,4h,2149.0,2192.871982421875,2090.190655110677,2010.7889923095704,3.270118511466946,2268.39990234375,1351.1991966764108,59.043907462790536,5.5560680476384405,85.41666666666666,8,https://www.tradingview.com/symbols/ANANDRATHI/?exchange=NSE,False,True,True,True,True,True,True,True,True
APOLLO,4h,412.0,393.89300048828125,399.4949997965495,391.85699981689453,5.0905730692478945,466.21327810672074,179.38966604060064,129.66763308804724,13.158562647262318,85.13888888888889,8,https://www.tradingview.com/symbols/APOLLO/?exchange=NSE,True,True,True,False,True,True,True,True,True
IPCALAB,4h,1919.300048828125,1962.0019995117189,1816.497998046875,1758.975498046875,4.491380066109274,2038.0,1247.2697331943216,53.88011091335467,6.184543747828797,85.0,8,https://www.tradingview.com/symbols/IPCALAB/?exchange=NSE,False,True,True,True,True,True,True,True,True
MANORAMA,4h,1872.0,1946.2439990234375,1735.7686678059895,1663.878001098633,5.56844591338459,2148.6752714346185,1060.1930872125888,76.5716096981708,14.779661935609955,84.86111111111111,8,https://www.tradingview.com/symbols/MANORAMA/?exchange=NSE,False,True,True,True,True,True,True,True,True
PTCIL,4h,21650.0,22412.62,19557.286666666667,18981.54,6.215271599176764,24125.0,14499.0,49.32064280295192,11.431870669745958,84.30555555555556,8,https://www.tradingview.com/symbols/PTCIL/?exchange=NSE,False,True,True,True,True,True,True,True,True
VOLTAMP,4h,10513.0,10936.85,10211.783333333333,10009.565,0.2495330332059842,12724.746990128295,6594.353209382375,59.42427810876458,21.03820974154185,84.02777777777779,8,https://www.tradingview.com/symbols/VOLTAMP/?exchange=NSE,False,True,True,True,True,True,True,True,True
CGCL,4h,248.89999389648438,260.8542004394531,241.84573415120443,229.79175064086914,6.080554456281284,287.45001220703125,150.98878430750037,64.84667721383876,15.488155586930041,83.88888888888889,8,https://www.tradingview.com/symbols/CGCL/?exchange=NSE,False,True,True,True,True,True,True,True,True
KALYANKJIL,4h,564.0,594.342998046875,536.5629998779297,492.1604997253418,6.057301679788196,646.3128397837881,325.72095783386743,73.15434774315806,14.594475138969521,83.61111111111111,8,https://www.tradingview.com/symbols/KALYANKJIL/?exchange=NSE,False,True,True,True,True,True,True,True,True
BOSCHLTD,4h,47020.0,48044.5,44172.0,42383.325,4.43197393101451,50000.0,28422.960694251175,65.42963453314792,6.3377286261165455,83.47222222222223,8,https://www.tradingview.com/symbols/BOSCHLTD/?exchange=NSE,False,True,True,True,True,True,True,True,True
RKFORGE,4h,706.2000122070312,717.9519970703125,657.0606640625,635.7944982910157,3.8461208658677304,772.7999877929688,459.4101971519111,53.71883701865574,9.430752539609543,83.33333333333334,8,https://www.tradingview.com/symbols/RKFORGE/?exchange=NSE,False,True,True,True,True,True,True,True,True
PRICOLLTD,4h,753.0999755859375,767.5220007324219,695.6289998372396,664.0467501831055,4.37749452718692,823.0,498.2068341942702,51.162112579988126,9.281639447628166,83.05555555555556,8,https://www.tradingview.com/symbols/PRICOLLTD/?exchange=NSE,False,True,True,True,True,True,True,True,True
SUPRIYA,4h,990.7000122070312,881.2449987792969,882.2706656901041,865.4352490234374,5.15568728152902,1083.7124081428149,544.8526903164613,81.8289658497626,9.388553022077328,82.91666666666667,8,https://www.tradingview.com/symbols/SUPRIYA/?exchange=NSE,True,True,True,False,True,True,True,True,True
NYKAA,4h,325.5,335.44500061035154,324.09566691080727,310.01200012207033,3.8518500203889694,349.54998779296875,227.89999389648438,42.82580461491676,7.3886291222638345,82.5,8,https://www.tradingview.com/symbols/NYKAA/?exchange=NSE,False,True,True,True,True,True,True,True,True
LLOYDSENT,4h,76.37999725341797,72.07580001831055,75.65353352864584,74.12510009765624,1.2227280270071361,84.69999694824219,40.66239061884169,87.83941645090056,10.892903893698303,82.08333333333333,8,https://www.tradingview.com/symbols/LLOYDSENT/?exchange=NSE,True,True,True,False,True,True,True,True,True
RBA,4h,91.58999633789062,97.37259963989258,84.83866658528646,80.62369998931885,6.8165632404251,111.1500015258789,57.150001525878906,60.26245650477622,21.356049754416627,81.94444444444444,8,https://www.tradingview.com/symbols/RBA/?exchange=NSE,False,True,True,True,True,True,True,True,True
IIFL,4h,598.1500244140625,628.0730004882812,588.1993349202475,560.2715010070801,4.985470699096406,705.0,409.1000061035156,46.21119909314082,17.86340737687102,81.80555555555556,8,https://www.tradingview.com/symbols/IIFL/?exchange=NSE,False,True,True,True,True,True,True,True,True
AJANTPHARM,4h,3525.199951171875,3532.8760107421876,3440.5859993489585,3349.0854956054686,3.538521922195259,3796.0,2283.1397649802702,54.40140832562381,7.681835146346905,81.52777777777777,8,https://www.tradingview.com/symbols/AJANTPHARM/?exchange=NSE,False,True,True,True,True,True,True,True,True
STAR,4h,1151.4000244140625,1123.5180065917968,1076.5313346354167,1085.2170007324219,2.309879052871322,1260.9000244140625,765.0675335548549,50.49652140695731,9.510161340818414,80.83333333333333,8,https://www.tradingview.com/symbols/STAR/?exchange=NSE,True,True,True,True,False,True,True,True,True
TORNTPHARM,4h,4869.0,4924.32,4855.728671875,4750.193505859375,2.5593893580598825,5250.0,3450.040733610751,41.128768497298054,7.825015403573632,80.55555555555556,8,https://www.tradingview.com/symbols/TORNTPHARM/?exchange=NSE,False,True,True,True,True,True,True,True,True
TITAN,4h,4819.5,4976.79798828125,4780.2073372395835,4619.481004638672,1.7446207316474505,5186.7001953125,3292.2971645749917,46.38715034164169,7.619051671594557,80.27777777777779,8,https://www.tradingview.com/symbols/TITAN/?exchange=NSE,False,True,True,True,True,True,True,True,True
CARTRADE,4h,2880.10009765625,3023.837998046875,2837.79666015625,2604.7379949951173,8.713184352779969,3290.5,1600.0,80.00625610351561,14.249501351627414,78.75,8,https://www.tradingview.com/symbols/CARTRADE/?exchange=NSE,False,True,True,True,True,True,True,True,True
PRIVISCL,4h,3605.300048828125,3466.966005859375,3551.9439973958333,3476.787996826172,1.4563537457224829,3774.7057070510364,2332.9521093636263,54.53810793448155,4.69879499427448,77.77777777777779,8,https://www.tradingview.com/symbols/PRIVISCL/?exchange=NSE,True,True,True,False,True,True,True,True,True
GREAVESCOT,4h,230.49000549316406,198.47079956054688,212.49073282877603,203.30419944763185,3.2574958613013294,269.68934059737177,119.01442505726769,93.66560430154264,17.006956557762898,77.5,8,https://www.tradingview.com/symbols/GREAVESCOT/?exchange=NSE,True,True,True,False,True,True,True,True,True
SHYAMMETL,4h,1066.0,1074.0140014648437,1020.6166666666667,999.6125006103516,3.8501256661473082,1148.0,742.7285204868352,43.52485068181715,7.692307692307687,77.36111111111111,8,https://www.tradingview.com/symbols/SHYAMMETL/?exchange=NSE,False,True,True,True,True,True,True,True,True
COFORGE,4h,1773.0,1868.692001953125,1686.497334798177,1611.998500366211,6.548016053920103,2021.199951171875,1005.7569371911586,76.28513753547352,13.998869214431764,76.66666666666667,8,https://www.tradingview.com/symbols/COFORGE/?exchange=NSE,False,True,True,True,True,True,True,True,True
MEDANTA,4h,1433.0999755859375,1458.69,1391.7033341471354,1349.4410028076172,4.3649787035505705,1544.0,955.6610489257978,49.959023358417774,7.738470888517024,76.52777777777777,8,https://www.tradingview.com/symbols/MEDANTA/?exchange=NSE,False,True,True,True,True,True,True,True,True
MAHSEAMLES,4h,714.3499755859375,683.8449975585937,628.9373299153646,629.1532470703125,1.53827728010405,738.5999755859375,493.1502386104819,44.85443170396024,3.3946945935161787,76.38888888888889,8,https://www.tradingview.com/symbols/MAHSEAMLES/?exchange=NSE,True,True,True,True,False,True,True,True,True
PVRINOX,4h,1224.0,1244.6679956054688,1120.7749991861979,1089.4012493896485,3.904423166786941,1357.800048828125,907.4000244140625,34.89089343923881,10.931376538245496,75.83333333333333,8,https://www.tradingview.com/symbols/PVRINOX/?exchange=NSE,False,True,True,True,True,True,True,True,True
PPLPHARMA,4h,206.58999633789062,212.15140075683593,194.0875333658854,188.96389991760253,5.020114738559278,231.92999267578125,132.3000030517578,56.15267692553976,12.265838998537703,75.55555555555556,8,https://www.tradingview.com/symbols/PPLPHARMA/?exchange=NSE,False,True,True,True,True,True,True,True,True
JAMNAAUTO,4h,139.0,126.87780059814453,130.22360031127928,127.67340023040771,0.7084585211797334,150.8288738594787,87.88870597445316,58.15456429680908,8.509981193869564,75.13888888888889,8,https://www.tradingview.com/symbols/JAMNAAUTO/?exchange=NSE,True,True,True,False,True,True,True,True,True
FLUOROCHEM,4h,4443.7001953125,4616.7680078125,4352.833328450521,4186.618997802734,4.686791908082988,4955.618691060383,2914.6699865065048,52.459805600107615,11.520095264029905,74.86111111111111,8,https://www.tradingview.com/symbols/FLUOROCHEM/?exchange=NSE,False,True,True,True,True,True,True,True,True
MOTILALOFS,4h,1011.5999755859375,1020.1230004882813,957.3493334960938,932.3337503051757,3.902817681377302,1088.3156211947492,614.9000244140625,64.51454470991278,7.583595043522662,74.30555555555556,8,https://www.tradingview.com/symbols/MOTILALOFS/?exchange=NSE,False,True,True,True,True,True,True,True,True
ELGIEQUIP,4h,602.0,617.6090002441406,601.2493322753907,593.1024993896484,1.9900529508415588,653.4000244140625,406.3547440834414,48.14641855796435,8.538210035558546,73.75,8,https://www.tradingview.com/symbols/ELGIEQUIP/?exchange=NSE,False,True,True,True,True,True,True,True,True
TVSMOTOR,4h,4095.0,4190.60201171875,3979.5859993489585,3841.423994140625,2.187314746000557,4484.5,3228.0,26.858736059479547,9.511599511599522,73.61111111111111,8,https://www.tradingview.com/symbols/TVSMOTOR/?exchange=NSE,False,True,True,True,True,True,True,True,True
ANTHEM,4h,855.0,916.4100024414063,839.1526684570313,823.0465005493164,3.538345799656528,977.5499877929688,577.6439689831894,48.01504835323265,14.333331905610368,73.33333333333333,8,https://www.tradingview.com/symbols/ANTHEM/?exchange=NSE,False,True,True,True,True,True,True,True,True
METROPOLIS,4h,572.2999877929688,582.9320007324219,567.4269995117188,559.0092504882813,3.2405738411791285,609.0499877929688,411.4375158286193,39.097667513468856,6.4214574146198355,73.05555555555556,8,https://www.tradingview.com/symbols/METROPOLIS/?exchange=NSE,False,True,True,True,True,True,True,True,True
URBANCO,4h,161.2100067138672,169.64120056152345,146.90326716105145,141.2834003829956,3.333802826450838,183.97000122070312,100.69999694824219,60.089385898120675,14.118226883541297,72.77777777777777,8,https://www.tradingview.com/symbols/URBANCO/?exchange=NSE,False,True,True,True,True,True,True,True,True
TBOTEK,4h,1654.800048828125,1696.46400390625,1580.8593334960938,1487.1235009765626,4.996596992070601,1764.800048828125,1004.2000122070312,64.7878937176275,6.647328786211859,72.22222222222221,8,https://www.tradingview.com/symbols/TBOTEK/?exchange=NSE,False,True,True,True,True,True,True,True,True
RATNAMANI,4h,2748.39990234375,2721.1859912109376,2567.7653304036457,2586.129992675781,1.5019651522172106,3330.2583637320286,1927.9657490362597,42.554394636813655,21.17080781774472,70.97222222222223,8,https://www.tradingview.com/symbols/RATNAMANI/?exchange=NSE,True,True,True,True,False,True,True,True,True
JKPAPER,4h,398.1499938964844,407.4519989013672,383.66266581217445,380.88049957275393,1.9224154275993,442.0,301.6864340741184,31.97477543808509,11.013438848605439,70.13888888888889,8,https://www.tradingview.com/symbols/JKPAPER/?exchange=NSE,False,True,True,True,True,True,True,True,True
IIFLCAPS,4h,343.70001220703125,340.0680010986328,338.92799947102867,340.2092497253418,1.3767886962014364,407.5051309315702,240.39999389648438,42.97005862447219,18.564188669887294,70.0,8,https://www.tradingview.com/symbols/IIFLCAPS/?exchange=NSE,True,True,True,True,False,True,True,True,True
USHAMART,4h,509.5,503.0900006103516,500.04766764322915,495.79125030517577,1.9048925234843583,542.5999755859375,377.1664104167085,35.08626058112758,6.496560468289991,69.86111111111111,8,https://www.tradingview.com/symbols/USHAMART/?exchange=NSE,True,True,True,True,True,True,True,True,False
INDGN,4h,615.0,588.6240014648438,547.0746673583984,540.0820011901856,2.85253438266706,621.9500122070312,412.19021062389317,49.20296119336094,1.1300832856961485,69.44444444444444,8,https://www.tradingview.com/symbols/INDGN/?exchange=NSE,True,True,True,True,True,True,True,True,False
ETERNAL,4h,330.95001220703125,327.2549987792969,302.6053336588542,288.6992501068115,4.472460613793494,368.45001220703125,212.60000610351562,55.66792225108903,11.331016351962319,69.30555555555556,8,https://www.tradingview.com/symbols/ETERNAL/?exchange=NSE,True,True,True,True,True,True,True,True,False
TEGA,4h,2011.5,1767.7939965820312,1696.5133308919271,1690.7994982910157,1.4541281704716136,2175.0,1471.2888029532853,36.71686999604433,8.128262490678594,68.75,8,https://www.tradingview.com/symbols/TEGA/?exchange=NSE,True,True,True,True,True,True,True,True,False
OBEROIRLTY,4h,1830.0,1828.456005859375,1822.9986694335937,1778.666000366211,0.9963265331714988,1983.9545449282684,1387.9800889099738,31.846271760076817,8.412816662746913,68.19444444444444,8,https://www.tradingview.com/symbols/OBEROIRLTY/?exchange=NSE,True,True,True,True,True,True,True,True,False
CYIENT,4h,1085.0,1072.4110009765625,933.0543343098958,923.2592504882813,3.037382238185482,1219.0,750.2999877929688,44.608825490129874,12.350230414746544,64.58333333333334,8,https://www.tradingview.com/symbols/CYIENT/?exchange=NSE,True,True,True,True,True,True,True,True,False
LXCHEM,4h,178.14999389648438,174.64719970703126,171.09166656494142,167.3103500366211,3.4769633551657186,221.82242807009806,107.41716450845627,65.84872139541514,24.51441800160259,62.083333333333336,8,https://www.tradingview.com/symbols/LXCHEM/?exchange=NSE,True,True,True,True,True,True,True,True,False
PCBL,4h,333.5,327.77699890136716,321.5843320719401,312.98899856567385,2.2766169285645788,382.23402387266384,223.3811204499978,49.296412932377365,14.612900711443434,60.97222222222223,8,https://www.tradingview.com/symbols/PCBL/?exchange=NSE,True,True,True,True,True,True,True,True,False
IONEXCHANG,4h,422.8999938964844,409.31800170898435,405.5350016276042,398.8867514038086,1.0979464709864217,484.3644916198611,311.64769712027083,35.69809685879988,14.534050274406418,59.583333333333336,8,https://www.tradingview.com/symbols/IONEXCHANG/?exchange=NSE,True,True,True,True,True,True,True,True,False
CRISIL,4h,4650.60009765625,4646.232021484375,4390.596673177083,4298.477006835938,1.5316637074950679,5005.772176274182,3669.9050085491053,26.722628700813743,7.6371236218940375,58.47222222222223,8,https://www.tradingview.com/symbols/CRISIL/?exchange=NSE,True,True,True,True,True,True,True,True,False
APLLTD,4h,854.3499755859375,827.4769995117188,815.6916666666667,799.939499206543,1.469548779547858,983.3745824758901,626.4825498908483,36.372509614959014,15.102078840871247,57.49999999999999,8,https://www.tradingview.com/symbols/APLLTD/?exchange=NSE,True,True,True,True,True,True,True,True,False
TEXRAIL,4h,123.4000015258789,114.8761996459961,112.11013320922852,111.31665004730225,1.846922963654385,142.93391772426418,77.55295586446476,59.11708348233511,15.829753611703733,56.94444444444444,8,https://www.tradingview.com/symbols/TEXRAIL/?exchange=NSE,True,True,True,True,True,True,True,True,False
AARTIDRUGS,4h,429.6499938964844,426.9179986572266,409.6739998372396,402.08524978637695,2.37565543578504,531.1493690336815,318.95001220703125,34.707627356225814,23.62373480253124,53.05555555555556,8,https://www.tradingview.com/symbols/AARTIDRUGS/?exchange=NSE,True,True,True,True,True,True,True,True,False
HFCL,4h,206.5,229.16979858398437,215.8470657348633,202.55779907226562,10.80418131696652,256.46045809851773,59.764173305578176,245.52473259213644,24.193926439960165,99.30555555555556,7,https://www.tradingview.com/symbols/HFCL/?exchange=NSE,False,False,True,True,True,True,True,True,True
PARAS,4h,1315.0,1414.04400390625,1321.7133349609376,1205.3287521362304,9.080832864210153,1583.9105379095645,580.1009628646058,126.68467804403866,20.449470563464978,96.38888888888889,7,https://www.tradingview.com/symbols/PARAS/?exchange=NSE,False,False,True,True,True,True,True,True,True
RRKABEL,4h,2462.199951171875,2576.156005859375,2517.0239957682293,2393.9644970703125,6.718007205678012,2983.800048828125,1175.2575873580836,109.5030040781757,21.184311103897002,96.25,7,https://www.tradingview.com/symbols/RRKABEL/?exchange=NSE,False,False,True,True,True,True,True,True,True
BALAMINES,4h,2153.89990234375,2298.453994140625,2208.812002766927,2109.5475024414063,8.594316891347841,2629.800048828125,963.3273935013657,123.58960379140265,22.094812575390698,94.30555555555556,7,https://www.tradingview.com/symbols/BALAMINES/?exchange=NSE,False,False,True,True,True,True,True,True,True
MCX,4h,3263.5,3289.0459912109377,2977.335330403646,3007.6855004882814,2.3910363321455463,3481.39990234375,1541.323282972979,111.73364705846805,6.676877657231506,94.16666666666667,7,https://www.tradingview.com/symbols/MCX/?exchange=NSE,False,True,True,True,False,True,True,True,True
BHEL,4h,411.8999938964844,424.5230017089844,412.5920009358724,409.86300079345705,3.694267862821654,446.5,228.8019259330385,80.02470574353104,8.40009871721703,92.22222222222223,7,https://www.tradingview.com/symbols/BHEL/?exchange=NSE,False,False,True,True,True,True,True,True,True
WABAG,4h,1984.0,2066.517998046875,2019.0119954427084,1884.8689971923827,5.724733039790397,2319.0,1030.4859602847353,92.53052214819091,16.8850806451613,86.52777777777779,7,https://www.tradingview.com/symbols/WABAG/?exchange=NSE,False,False,True,True,True,True,True,True,True
SHAILY,4h,3033.5,3237.21798828125,3077.8413330078124,3018.8549987792967,5.927654446646491,3611.994309186523,1769.3296744445486,71.4491111416145,19.070193149382654,84.44444444444444,7,https://www.tradingview.com/symbols/SHAILY/?exchange=NSE,False,False,True,True,True,True,True,True,True
KARURVYSYA,4h,320.6000061035156,337.7050006103516,323.8980008951823,315.26350021362305,2.231485603192107,358.6499938964844,203.21947309421242,57.76047502833828,11.868367769364019,83.75,7,https://www.tradingview.com/symbols/KARURVYSYA/?exchange=NSE,False,False,True,True,True,True,True,True,True
LLOYDSME,4h,1836.0,1822.227998046875,1858.686669921875,1831.8070013427734,1.366152517570085,2125.0,1042.2770517704853,76.1527798085203,15.740740740740744,82.63888888888889,7,https://www.tradingview.com/symbols/LLOYDSME/?exchange=NSE,True,False,True,False,True,True,True,True,True
GESHIP,4h,1534.0,1393.9639965820313,1391.118662923177,1428.60849609375,-0.3392116068794193,1766.7330608502607,941.3309959266335,62.960744588034224,15.171646730786215,81.38888888888889,7,https://www.tradingview.com/symbols/GESHIP/?exchange=NSE,True,True,True,True,False,False,True,True,True
UJJIVANSFB,4h,63.09000015258789,65.63420059204101,65.34900009155274,62.79995010375976,1.5235005464651508,73.94000244140625,43.849998474121094,43.876858262199605,17.197657731140925,79.44444444444444,7,https://www.tradingview.com/symbols/UJJIVANSFB/?exchange=NSE,False,False,True,True,True,True,True,True,True
SAIL,4h,184.1999969482422,185.47939910888672,175.37440002441406,180.07279998779296,0.39682513249132967,209.6999969482422,124.0,48.548384635679184,13.843648437825529,79.30555555555556,7,https://www.tradingview.com/symbols/SAIL/?exchange=NSE,False,True,True,True,False,True,True,True,True
GABRIEL,4h,1349.199951171875,1362.1939990234375,1349.5079988606772,1282.159998779297,4.646559985108745,1596.6964052725275,794.0570601010174,69.91221651001176,18.34394182164656,78.61111111111111,7,https://www.tradingview.com/symbols/GABRIEL/?exchange=NSE,False,False,True,True,True,True,True,True,True
BAJAJ-AUTO,4h,11024.0,11676.4,11056.593333333334,10896.1275,2.710469869450094,12470.0,8373.654962449684,31.650994093205,13.116835994194487,78.19444444444444,7,https://www.tradingview.com/symbols/BAJAJ-AUTO/?exchange=NSE,False,False,True,True,True,True,True,True,True
CUB,4h,216.0,228.7406005859375,219.1022671508789,211.53488792419432,2.485120628403936,248.85000610351562,152.6275926992233,41.52093745307377,15.208336159035007,76.94444444444444,7,https://www.tradingview.com/symbols/CUB/?exchange=NSE,False,False,True,True,True,True,True,True,True
SIEMENS,4h,3785.5,3943.2900048828124,3792.7146712239582,3764.7150024414063,0.6529973592553917,4149.39990234375,2812.180840788319,34.61083103527714,9.612994382347107,75.0,7,https://www.tradingview.com/symbols/SIEMENS/?exchange=NSE,False,False,True,True,True,True,True,True,True
AXISCADES,4h,1879.5,1765.1459936523438,1682.4286645507811,1751.6994989013672,-0.7246869363290442,2211.0,1063.300048828125,76.76101887434486,17.637669592976856,73.88888888888889,7,https://www.tradingview.com/symbols/AXISCADES/?exchange=NSE,True,True,True,True,False,False,True,True,True
LODHA,4h,1117.0999755859375,1181.8839990234376,1145.3796663411458,1082.8570001220703,4.350335749147138,1340.2415520455131,648.5216337409466,72.25330929086098,19.9750766570856,73.47222222222223,7,https://www.tradingview.com/symbols/LODHA/?exchange=NSE,False,False,True,True,True,True,True,True,True
SKIPPER,4h,537.9000244140625,558.857001953125,547.6503340657553,535.8119996643067,3.4639268059076134,616.7999877929688,326.99588499101935,64.49749036714496,14.668146458043463,73.19444444444444,7,https://www.tradingview.com/symbols/SKIPPER/?exchange=NSE,False,False,True,True,True,True,True,True,True
SUDARSCHEM,4h,1204.0,1237.0820043945312,1084.7256685384114,1041.8625003051757,5.924766936544246,1595.8711433648984,723.169537946061,66.4893136151156,32.547437156553016,72.5,7,https://www.tradingview.com/symbols/SUDARSCHEM/?exchange=NSE,False,True,True,True,True,True,True,False,True
IDFCFIRSTB,4h,80.55000305175781,85.3622004699707,82.98086690266928,79.79410018920899,3.7145689203114562,89.61000061035156,57.90987854420542,39.09544464036492,11.24766879620378,70.83333333333334,7,https://www.tradingview.com/symbols/IDFCFIRSTB/?exchange=NSE,False,False,True,True,True,True,True,True,True
PHOENIXLTD,4h,1952.199951171875,1918.0719995117188,1951.38533203125,1903.8884997558594,1.159362657916163,2166.9299087704976,1463.661338687736,33.37784496802687,10.999383412018005,69.02777777777777,7,https://www.tradingview.com/symbols/PHOENIXLTD/?exchange=NSE,True,True,True,False,True,True,True,True,False
ELLEN,4h,359.04998779296875,345.53700073242186,306.0790003458659,297.816000289917,5.6303671767073515,520.7000122070312,175.0,105.17142159598217,45.021593067779534,68.61111111111111,7,https://www.tradingview.com/symbols/ELLEN/?exchange=NSE,True,True,True,True,True,True,True,False,False
GLENMARK,4h,2325.699951171875,2432.6379833984374,2301.183995768229,2296.453497314453,0.8507378680147948,2535.0776323504288,1790.8181412412814,29.868013820758343,9.002781337852817,68.47222222222223,7,https://www.tradingview.com/symbols/GLENMARK/?exchange=NSE,False,True,True,True,True,True,True,True,False
KPIL,4h,1378.0,1404.7980029296875,1363.0593310546874,1340.2264965820314,2.055927072539321,1468.0,999.0966928066694,37.924588272723916,6.531204644412192,67.5,7,https://www.tradingview.com/symbols/KPIL/?exchange=NSE,False,True,True,True,True,True,True,True,False
INDIGOPNTS,4h,1110.0,1133.6980004882812,1093.9406665039062,1063.6852490234376,4.24719872546937,1340.211918083566,705.057642497368,57.43393633296354,20.739812439960904,67.36111111111111,7,https://www.tradingview.com/symbols/INDIGOPNTS/?exchange=NSE,False,True,True,True,True,True,True,True,False
GLAXO,4h,2896.39990234375,2919.7099853515624,2644.248662109375,2559.1159936523436,3.0599025816634873,3120.699951171875,2088.10009765625,38.70982074062261,7.744098066245031,66.38888888888889,7,https://www.tradingview.com/symbols/GLAXO/?exchange=NSE,False,True,True,True,True,True,True,True,False
CASTROLIND,4h,201.0399932861328,190.09220001220703,187.35533304850262,186.2874496459961,0.8227101777914969,202.10000610351562,164.60383017436243,22.135671492682828,0.5272646502102463,65.0,7,https://www.tradingview.com/symbols/CASTROLIND/?exchange=NSE,True,True,True,True,True,True,False,True,False
HCG,4h,691.2000122070312,702.3030017089844,677.150332845052,666.6564999389649,3.0695615558991918,804.6500244140625,513.2999877929688,34.658100261988636,16.41348527248727,64.86111111111111,7,https://www.tradingview.com/symbols/HCG/?exchange=NSE,False,True,True,True,True,True,True,True,False
ANANTRAJ,4h,609.0,609.0940002441406,589.7433341471354,572.9117510986329,3.133082466312098,742.4300925158334,402.3389018697037,51.36493070143708,21.909703204570352,64.16666666666667,7,https://www.tradingview.com/symbols/ANANTRAJ/?exchange=NSE,False,True,True,True,True,True,True,True,False
HAL,4h,4738.0,4842.38001953125,4675.852669270834,4606.993500976562,1.754477606040128,5149.89990234375,3472.0644756594256,36.46059954287411,8.693539517597081,63.74999999999999,7,https://www.tradingview.com/symbols/HAL/?exchange=NSE,False,True,True,True,True,True,True,True,False
GODREJAGRO,4h,642.5,648.5459997558594,593.67,589.1697500610352,1.7877697555918948,713.1427548958242,496.4533186222811,29.418008884101422,10.994981306743057,63.61111111111111,7,https://www.tradingview.com/symbols/GODREJAGRO/?exchange=NSE,False,True,True,True,True,True,True,True,False
BEML,4h,1993.0,2021.3079956054687,1879.707998860677,1861.2345001220704,2.4232060035730196,2256.1876561257286,1345.285007075603,48.14704612908811,13.205602414738005,62.916666666666664,7,https://www.tradingview.com/symbols/BEML/?exchange=NSE,False,True,True,True,True,True,True,True,False
AGARWALEYE,4h,503.6000061035156,503.72700134277346,492.5223331705729,484.61625,1.9242660439325654,568.0,401.0,25.586036434791936,12.787925559168256,61.94444444444444,7,https://www.tradingview.com/symbols/AGARWALEYE/?exchange=NSE,False,True,True,True,True,True,True,True,False
SMARTWORKS,4h,511.5,536.5540075683593,498.3403350830078,485.17275146484377,3.5664887376525067,619.0,361.5,41.49377593360997,21.016617790811342,61.66666666666667,7,https://www.tradingview.com/symbols/SMARTWORKS/?exchange=NSE,False,True,True,True,True,True,True,True,False
JUBLPHARMA,4h,1060.449951171875,976.56,963.3310009765624,969.3962503051757,1.6216121232542902,1178.6978642896322,782.0015188448107,35.607147251886964,11.150730214762582,61.111111111111114,7,https://www.tradingview.com/symbols/JUBLPHARMA/?exchange=NSE,True,True,True,True,False,True,True,True,False
PETRONET,4h,289.8500061035156,288.59400329589846,283.20766784667967,280.36750076293947,0.6524140783011889,322.6775170144611,232.6659092397909,24.57777207265439,11.325689225351132,60.27777777777777,7,https://www.tradingview.com/symbols/PETRONET/?exchange=NSE,True,True,True,True,True,True,False,True,False
DLF,4h,663.5499877929688,666.4419982910156,655.8299979654948,637.6157482910156,1.7464905479019688,776.7480127911251,483.3317854758361,37.28664402646504,17.059457023677126,59.30555555555556,7,https://www.tradingview.com/symbols/DLF/?exchange=NSE,False,True,True,True,True,True,True,True,False
NAUKRI,4h,1253.9000244140625,1297.3280004882813,1212.1286673990885,1151.274500732422,3.9121118012349854,1409.9440640081355,905.5050975494345,38.4752032658334,12.444695474584666,58.75,7,https://www.tradingview.com/symbols/NAUKRI/?exchange=NSE,False,True,True,True,True,True,True,True,False
PERSISTENT,4h,5328.5,5530.49,5271.073994140625,5211.763994140625,1.1414834420121478,6552.654210942315,4229.809203861739,25.97494929878106,22.97371138110753,57.638888888888886,7,https://www.tradingview.com/symbols/PERSISTENT/?exchange=NSE,False,True,True,True,True,True,True,True,False
HEROMOTOCO,4h,5390.0,5386.36,5266.339993489583,5197.032492675781,0.5013432816223462,6175.521739453033,4603.781580166306,17.077665526549413,14.573687188367956,56.52777777777778,7,https://www.tradingview.com/symbols/HEROMOTOCO/?exchange=NSE,True,True,True,True,True,True,False,True,False
LICHSGFIN,4h,564.1500244140625,547.9760034179687,539.1886673990886,542.2660009765625,0.3569529949146055,586.4255760885916,449.86740023054796,25.403624295725137,3.9485155916930026,56.388888888888886,7,https://www.tradingview.com/symbols/LICHSGFIN/?exchange=NSE,True,True,True,True,False,True,True,True,False
AIIL,4h,548.25,540.7360015869141,542.3100006103516,527.856000213623,2.160964898392992,683.0,400.0,37.0625,24.578203374372997,55.69444444444444,7,https://www.tradingview.com/symbols/AIIL/?exchange=NSE,True,True,True,False,True,True,True,True,False
HERITGFOOD,4h,402.04998779296875,393.0599981689453,356.86999837239586,350.49724899291994,2.1363565278250896,514.5629873930291,290.35662689794395,38.467646524314844,27.98482850794106,54.44444444444444,7,https://www.tradingview.com/symbols/HERITGFOOD/?exchange=NSE,True,True,True,True,True,True,True,False,False
WESTLIFE,4h,579.8499755859375,560.4599975585937,526.9593339029948,510.6240003967285,2.8036638287278315,763.2721271776468,398.1246588021791,45.645330618431856,31.632691095030484,53.61111111111111,7,https://www.tradingview.com/symbols/WESTLIFE/?exchange=NSE,True,True,True,True,True,True,True,False,False
CHALET,4h,868.9500122070312,884.4759985351562,844.6450004069011,827.5845013427735,1.9726456400464443,1016.809549498192,690.5603579956495,25.832594087670692,17.015885288454612,52.361111111111114,7,https://www.tradingview.com/symbols/CHALET/?exchange=NSE,False,True,True,True,True,True,True,True,False
BLACKBUCK,4h,601.4000244140625,599.2459997558594,575.6029984537761,563.637748260498,0.396634639705562,748.0,496.0,21.250004922190023,24.376449889367446,49.30555555555556,7,https://www.tradingview.com/symbols/BLACKBUCK/?exchange=NSE,True,True,True,True,True,True,False,True,False
COHANCE,4h,453.29998779296875,450.1069989013672,443.24199951171875,442.0177500915527,1.4255220293770687,917.8499755859375,266.70001220703125,69.96624186169346,102.4818001991957,25.13888888888889,7,https://www.tradingview.com/symbols/COHANCE/?exchange=NSE,True,True,True,True,True,True,True,False,False
GRWRHITECH,4h,6687.0,6858.24,6902.13,6585.845498046875,7.049120728815406,7975.480119830348,2685.810234604558,148.97514775404645,19.268433076571668,97.5,6,https://www.tradingview.com/symbols/GRWRHITECH/?exchange=NSE,False,False,True,False,True,True,True,True,True
DATAPATTNS,4h,4275.0,4574.9580078125,4517.503349609375,4406.100511474609,2.818218913481685,5000.0,2126.3648658097904,101.04733993391757,16.959064327485372,90.0,6,https://www.tradingview.com/symbols/DATAPATTNS/?exchange=NSE,False,False,False,True,True,True,True,True,True
IDEA,4h,13.470000267028809,14.59700008392334,14.086133352915446,13.952500004768371,5.900926514173999,15.789999961853027,7.900000095367432,70.50633043571266,17.223456932684677,88.47222222222221,6,https://www.tradingview.com/symbols/IDEA/?exchange=NSE,False,False,False,True,True,True,True,True,True
MAHABANK,4h,80.8499984741211,83.29739990234376,83.2233332824707,82.4836499786377,1.2714852909887275,94.5,52.24685139086835,54.74616426024856,16.883119089047447,86.94444444444444,6,https://www.tradingview.com/symbols/MAHABANK/?exchange=NSE,False,False,False,True,True,True,True,True,True
HSCL,4h,672.0,666.2649987792969,700.6896667480469,680.2649993896484,3.0563233593659422,819.5,417.9330556788151,60.7913015898023,21.949404761904766,86.66666666666667,6,https://www.tradingview.com/symbols/HSCL/?exchange=NSE,True,False,False,False,True,True,True,True,True
THYROCARE,4h,548.2999877929688,572.4780017089844,566.6213342285156,549.2847512817383,4.980701437425239,662.0,338.148639887055,62.14762477711173,20.73682559518184,85.27777777777777,6,https://www.tradingview.com/symbols/THYROCARE/?exchange=NSE,False,False,False,True,True,True,True,True,True
OFSS,4h,10800.0,11619.68,11259.886666666667,10851.3325,4.363116929081223,12540.0,6060.863819699785,78.19242143168562,16.11111111111112,82.22222222222221,6,https://www.tradingview.com/symbols/OFSS/?exchange=NSE,False,False,False,True,True,True,True,True,True
GAEL,4h,160.50999450683594,166.0989990234375,163.4883329264323,162.7703995513916,0.9357476194352454,184.66065065257942,101.01982127662673,58.88960451365759,15.046200842474612,81.25,6,https://www.tradingview.com/symbols/GAEL/?exchange=NSE,False,False,False,True,True,True,True,True,True
ABB,4h,6972.5,7309.9,7294.326666666667,7169.63,0.015275087587629521,7832.294844565128,4564.870705303207,52.7425517638374,12.331227602224848,79.02777777777777,6,https://www.tradingview.com/symbols/ABB/?exchange=NSE,False,False,False,True,True,True,True,True,True
JSFB,4h,499.20001220703125,532.1969982910156,519.6649983723959,507.85099822998046,2.938249229571177,606.9500122070312,330.0,51.27273097182765,21.58453472859958,77.08333333333334,6,https://www.tradingview.com/symbols/JSFB/?exchange=NSE,False,False,False,True,True,True,True,True,True
ABCAPITAL,4h,382.70001220703125,398.7589990234375,398.1840000406901,386.99649948120117,2.132530786220599,430.70001220703125,277.70001220703125,37.81058530228665,12.542461057992638,76.11111111111111,6,https://www.tradingview.com/symbols/ABCAPITAL/?exchange=NSE,False,False,False,True,True,True,True,True,True
AARTIIND,4h,476.6000061035156,504.04600402832034,495.1466678873698,488.2955009460449,0.7481906460790944,550.655353408149,337.3793264159987,41.265326232779806,15.538259831358214,75.97222222222221,6,https://www.tradingview.com/symbols/AARTIIND/?exchange=NSE,False,False,False,True,True,True,True,True,True
PNBHOUSING,4h,1085.0,1147.797998046875,1105.7233365885418,1088.8470022583008,2.43055090096691,1211.5,723.9501950006703,49.87218837602432,11.658986175115205,75.27777777777777,6,https://www.tradingview.com/symbols/PNBHOUSING/?exchange=NSE,False,False,False,True,True,True,True,True,True
UNIONBANK,4h,171.75,181.85439880371095,176.61453257242837,173.5573494720459,0.07989301017747863,199.59697275189,130.0600176038324,32.0544185401826,16.21366681332752,74.44444444444444,6,https://www.tradingview.com/symbols/UNIONBANK/?exchange=NSE,False,False,False,True,True,True,True,True,True
SAREGAMA,4h,489.54998779296875,496.6369970703125,497.53399759928385,475.80324783325193,5.6021700982276545,574.5,307.04998779296875,59.436576210858625,17.35267374635432,74.16666666666667,6,https://www.tradingview.com/symbols/SAREGAMA/?exchange=NSE,False,False,True,False,True,True,True,True,True
AUBANK,4h,995.2999877929688,1059.9819958496093,1050.790663248698,1034.9487475585938,0.41231733844910856,1144.0999755859375,718.3523818731599,38.55316873839081,14.950265208274116,71.80555555555556,6,https://www.tradingview.com/symbols/AUBANK/?exchange=NSE,False,False,False,True,True,True,True,True,True
PRUDENT,4h,3170.0,3338.9780078125,3176.5093359375,3061.997999267578,3.115421348275693,4105.5,2118.407683707669,49.64069590475702,29.51104100946371,71.52777777777779,6,https://www.tradingview.com/symbols/PRUDENT/?exchange=NSE,False,False,True,True,True,True,True,False,True
MINDACORP,4h,673.0,696.0859948730468,695.2256652832032,666.1679981994629,4.263105465097383,769.0,467.97365403461544,43.811514643561324,14.264487369985135,69.58333333333333,6,https://www.tradingview.com/symbols/MINDACORP/?exchange=NSE,False,False,True,True,True,True,True,True,False
MRPL,4h,170.0,170.89880004882812,166.40859975179038,163.1446997833252,-0.4299989283829575,212.0,123.49462473239058,37.65781334077114,24.705882352941178,68.33333333333333,6,https://www.tradingview.com/symbols/MRPL/?exchange=NSE,False,True,True,True,True,False,True,True,False
VMART,4h,766.5,814.0989978027344,788.3483325195313,756.6747494506836,3.8478653506584637,886.8128854091074,457.2878261718021,67.61871979334684,15.696397313647402,67.63888888888889,6,https://www.tradingview.com/symbols/VMART/?exchange=NSE,False,False,True,True,True,True,True,True,False
KRBL,4h,383.70001220703125,415.61199951171875,386.3443326822917,377.46599945068357,2.148353194358288,447.6467343412539,271.52423694470116,41.31335623094887,16.665811858176127,67.22222222222223,6,https://www.tradingview.com/symbols/KRBL/?exchange=NSE,False,False,True,True,True,True,True,True,False
KAJARIACER,4h,1190.0,1222.4679907226562,1210.4273315429687,1177.7084991455079,0.6858031566039369,1278.9527251914608,865.2617122743181,37.5306434017652,7.475018923652166,65.97222222222221,6,https://www.tradingview.com/symbols/KAJARIACER/?exchange=NSE,False,False,True,True,True,True,True,True,False
EPL,4h,235.0,245.0420001220703,238.80599985758462,233.89774978637695,0.8329467666124746,274.0299987792969,176.39999389648438,33.21995925799377,16.60851011884974,64.02777777777777,6,https://www.tradingview.com/symbols/EPL/?exchange=NSE,False,False,True,True,True,True,True,True,False
CONCORDBIO,4h,1392.699951171875,1483.5420068359374,1399.500000813802,1342.1575,4.96856803152812,1657.674495573315,981.1254498447715,41.9492228432379,19.025960629816897,63.33333333333333,6,https://www.tradingview.com/symbols/CONCORDBIO/?exchange=NSE,False,False,True,True,True,True,True,True,False
BLUEJET,4h,557.2999877929688,576.6549987792969,572.0273341878255,543.904250793457,4.408183069228611,691.4547089915617,324.3221064393442,71.83533799512887,24.072263437484587,62.5,6,https://www.tradingview.com/symbols/BLUEJET/?exchange=NSE,False,False,True,True,True,True,True,True,False
KPRMILL,4h,1101.199951171875,1133.5180004882814,1117.7320003255209,1082.841749267578,3.218101693510844,1331.0754095910231,794.3546009216013,38.628258701375316,20.87499714965655,62.22222222222222,6,https://www.tradingview.com/symbols/KPRMILL/?exchange=NSE,False,False,True,True,True,True,True,True,False
ASAHIINDIA,4h,933.5499877929688,958.0630017089844,914.1646659342448,900.0777484130859,2.1062704532723853,1071.7996569938532,773.5120327669628,20.68978222013269,14.809026941098713,60.83333333333333,6,https://www.tradingview.com/symbols/ASAHIINDIA/?exchange=NSE,False,True,True,True,True,True,False,True,False
PNB,4h,112.5999984741211,116.37459991455079,112.28726669311523,110.44080001831054,0.6897526195260184,131.33111679644097,95.71672519141161,17.638791181945244,16.635096426422113,60.0,6,https://www.tradingview.com/symbols/PNB/?exchange=NSE,False,True,True,True,True,True,False,True,False
GPPL,4h,159.8800048828125,163.83419952392578,156.85753326416017,156.41144996643067,0.5530980089561099,194.17086460013374,137.3626328109463,16.392647411510453,21.44787257321856,59.86111111111111,6,https://www.tradingview.com/symbols/GPPL/?exchange=NSE,False,True,True,True,True,True,False,True,False
MANYAVAR,4h,541.2999877929688,553.5569982910156,477.06499938964845,463.05949951171874,4.479225139911014,715.4154766283395,324.51227449559855,66.80416438309811,32.166172688325425,59.166666666666664,6,https://www.tradingview.com/symbols/MANYAVAR/?exchange=NSE,False,True,True,True,True,True,True,False,False
ECLERX,4h,1816.199951171875,1922.4539990234375,1761.6026708984375,1699.4450048828126,4.217783215747906,2496.1160957516863,1319.2685842580436,37.66718717048094,37.43619440916215,58.333333333333336,6,https://www.tradingview.com/symbols/ECLERX/?exchange=NSE,False,True,True,True,True,True,True,False,False
KOTAKBANK,4h,401.54998779296875,415.31300170898436,399.4900010172526,395.50500106811523,1.5777744635006474,452.4189269358333,344.9045390549985,16.423515008869604,12.66814610615592,52.77777777777778,6,https://www.tradingview.com/symbols/KOTAKBANK/?exchange=NSE,False,True,True,True,True,True,False,True,False
JUSTDIAL,4h,658.9500122070312,678.3029968261719,656.8936661783854,624.4599990844727,3.7306383507722085,878.5999755859375,480.5,37.13840004308664,33.3333271583423,52.63888888888889,6,https://www.tradingview.com/symbols/JUSTDIAL/?exchange=NSE,False,True,True,True,True,True,True,False,False
DEVYANI,4h,131.08999633789062,140.0445999145508,126.7012668355306,123.7250500869751,3.467595094465059,178.22000122070312,91.55000305175781,43.18950515357041,35.95240384425116,52.5,6,https://www.tradingview.com/symbols/DEVYANI/?exchange=NSE,False,True,True,True,True,True,True,False,False
PARADEEP,4h,155.8800048828125,156.39220001220704,146.74919993082682,141.3149500274658,3.2045154511297413,200.0165475038783,98.72591600991848,57.891677467091874,28.31443497467605,51.94444444444445,6,https://www.tradingview.com/symbols/PARADEEP/?exchange=NSE,False,True,True,True,True,True,True,False,False
JSL,4h,745.7000122070312,734.2740014648438,723.9340006510416,722.3975006103516,-0.755839475619613,879.2203373423794,649.5262533837296,14.806754665001009,17.90536716503075,50.27777777777778,6,https://www.tradingview.com/symbols/JSL/?exchange=NSE,True,True,True,True,True,False,False,True,False
DIXON,4h,13640.0,13926.1,13599.386666666667,13020.07,3.116689132573125,18456.797063638267,9592.617659981392,42.19267861475946,35.31376146362366,50.0,6,https://www.tradingview.com/symbols/DIXON/?exchange=NSE,False,True,True,True,True,True,True,False,False
SAPPHIRE,4h,216.67999267578125,231.5140005493164,207.21900065104165,200.1177505493164,4.136793599455335,313.0,139.91000366210938,54.87097920394297,44.452653950539215,48.888888888888886,6,https://www.tradingview.com/symbols/SAPPHIRE/?exchange=NSE,False,True,True,True,True,True,True,False,False
TSFINV,4h,434.70001220703125,428.0610015869141,434.3583339436849,426.4140003967285,1.266442067341611,684.5682054144123,328.50158671142503,32.32813167167352,57.48060413864866,48.61111111111111,6,https://www.tradingview.com/symbols/TSFINV/?exchange=NSE,True,True,True,False,True,True,True,False,False
BALUFORGE,4h,495.79998779296875,554.7780023193359,492.4016668701172,490.0224996948242,0.8289199017245341,677.7972608890275,340.948005664704,45.418063621275365,36.70780104416931,37.638888888888886,6,https://www.tradingview.com/symbols/BALUFORGE/?exchange=NSE,False,True,True,True,True,True,True,False,False
ACUTAAS,4h,3219.0,3271.8600146484373,3314.329332682292,3229.6595007324217,4.425775580776858,3737.2044731885353,1301.0268289605388,147.4199554033666,16.09830609470442,97.22222222222221,5,https://www.tradingview.com/symbols/ACUTAAS/?exchange=NSE,False,False,False,False,True,True,True,True,True
KIRLOSENG,4h,2141.199951171875,2146.6040087890624,2195.9566658528647,2087.7729998779296,4.309375059847165,2714.2611782271474,862.2056409078928,148.3398216830518,26.763555021642738,95.83333333333334,5,https://www.tradingview.com/symbols/KIRLOSENG/?exchange=NSE,False,False,True,False,True,True,True,False,True
ASTRAMICRO,4h,1590.0999755859375,1664.116005859375,1708.3946687825521,1595.9934997558594,6.143266099994582,1957.2277658555508,849.7963206864241,87.11542246988458,23.08834638742323,90.41666666666667,5,https://www.tradingview.com/symbols/ASTRAMICRO/?exchange=NSE,False,False,False,False,True,True,True,True,True
SPARC,4h,202.85000610351562,198.615,217.19726623535155,211.36209968566894,4.290338316646269,289.0,108.0,87.82407972547743,42.46980098808648,89.58333333333334,5,https://www.tradingview.com/symbols/SPARC/?exchange=NSE,True,False,False,False,True,True,True,False,True
BHARATFORG,4h,1957.0,1988.063994140625,2078.03466796875,2041.4794995117188,0.7762787905438273,2295.0,1174.091384580817,66.68208503196733,17.271333673990807,86.11111111111111,5,https://www.tradingview.com/symbols/BHARATFORG/?exchange=NSE,False,False,False,False,True,True,True,True,True
FEDERALBNK,4h,325.0,340.8899987792969,341.0596665445964,329.0447496032715,2.3181707566305887,370.4344787597656,188.40633889864634,72.49950394441589,13.979839618389423,84.72222222222221,5,https://www.tradingview.com/symbols/FEDERALBNK/?exchange=NSE,False,False,False,False,True,True,True,True,True
IFCI,4h,70.66000366210938,84.28000015258789,79.48106679280599,76.51880006790161,5.087238894961188,107.5,46.22999954223633,52.84448272069196,52.13698617121025,81.11111111111111,5,https://www.tradingview.com/symbols/IFCI/?exchange=NSE,False,False,False,True,True,True,True,False,True
NETWEB,4h,4566.5,4971.9880078125,4767.213346354167,4626.4005053710935,3.483555296741492,5813.0,2918.180990781822,56.484468044477595,27.29661666484178,80.13888888888889,5,https://www.tradingview.com/symbols/NETWEB/?exchange=NSE,False,False,False,True,True,True,True,False,True
NAM-INDIA,4h,1093.9000244140625,1170.7180053710938,1173.8586702473958,1151.5300024414062,2.1003847625308047,1269.5,787.2052851605498,38.959944125751456,16.052653045692722,79.72222222222223,5,https://www.tradingview.com/symbols/NAM-INDIA/?exchange=NSE,False,False,False,False,True,True,True,True,True
SHRIRAMFIN,4h,976.2999877929688,1038.1299963378906,1049.9103336588541,1021.2180004882813,0.1819517973133511,1153.699951171875,596.1247988119,63.77442940450939,18.17064074536536,79.58333333333333,5,https://www.tradingview.com/symbols/SHRIRAMFIN/?exchange=NSE,False,False,False,False,True,True,True,True,True
ADANIENT,4h,2831.10009765625,2983.9580078125,3032.0166715494793,2971.3060046386718,3.823407315826155,3245.0,1752.216581309528,61.57249782104064,14.619755150529667,75.69444444444444,5,https://www.tradingview.com/symbols/ADANIENT/?exchange=NSE,False,False,False,False,True,True,True,True,True
ADANIPORTS,4h,1743.699951171875,1729.727998046875,1758.032665201823,1765.4854998779297,1.38890447803377,1891.0999755859375,1286.5777387006826,35.53008875568149,8.453290620040477,74.02777777777779,5,https://www.tradingview.com/symbols/ADANIPORTS/?exchange=NSE,True,False,False,False,False,True,True,True,True
ABSLAMC,4h,987.7000122070312,1040.4700061035155,1070.2726684570312,1063.2120022583008,0.00425631915208502,1194.9557175378152,690.6919781874805,43.00151781101638,20.98366941068146,72.63888888888889,5,https://www.tradingview.com/symbols/ABSLAMC/?exchange=NSE,False,False,False,False,True,True,True,True,True
CGPOWER,4h,865.0,890.3439978027344,899.9443334960938,894.9555007934571,1.768124253491954,980.9000244140625,524.3427016609982,64.96844473278205,13.398846753070814,71.94444444444444,5,https://www.tradingview.com/symbols/CGPOWER/?exchange=NSE,False,False,False,False,True,True,True,True,True
TIPSMUSIC,4h,653.5499877929688,654.8520043945313,664.0423343912761,662.062751159668,1.1108541231220403,741.0,478.56920878389656,36.56331744654444,13.38076870024112,71.25,5,https://www.tradingview.com/symbols/TIPSMUSIC/?exchange=NSE,False,False,False,False,True,True,True,True,True
EXIDEIND,4h,411.3999938964844,428.5379998779297,430.55999938964845,415.1937493896484,3.14917787471114,496.3999938964844,285.6312149356571,44.03187480372501,20.66115733132157,70.69444444444444,5,https://www.tradingview.com/symbols/EXIDEIND/?exchange=NSE,False,False,False,False,True,True,True,True,True
STARHEALTH,4h,553.7999877929688,561.635,574.6783325195313,561.0969998168945,1.4062488261682216,624.9000244140625,416.54998779296875,32.949226748799035,12.838576776508281,70.55555555555556,5,https://www.tradingview.com/symbols/STARHEALTH/?exchange=NSE,False,False,False,False,True,True,True,True,True
MANAPPURAM,4h,313.0,332.8019989013672,338.0516664632161,331.5487501525879,1.8661188441579935,380.45671483079525,244.06078978586396,28.246737329098416,21.551666080126285,70.41666666666667,5,https://www.tradingview.com/symbols/MANAPPURAM/?exchange=NSE,False,False,False,False,True,True,True,True,True
IKS,4h,1768.4000244140625,1783.19400390625,1791.7946663411458,1758.2614978027343,2.5453774795004547,1970.0,1262.0,40.12678481886391,11.400134177940613,69.72222222222221,5,https://www.tradingview.com/symbols/IKS/?exchange=NSE,False,False,True,False,True,True,True,True,False
GRASIM,4h,3150.0,3245.6659912109376,3198.9406575520834,3161.9039978027345,2.3783119127576136,3411.10009765625,2494.7282248871606,26.26625892856438,8.288891989087311,66.80555555555556,5,https://www.tradingview.com/symbols/GRASIM/?exchange=NSE,False,False,False,True,True,True,True,True,False
OIL,4h,468.0,481.9260003662109,454.2726670328776,461.9707507324219,0.30048616844524645,529.9163379046904,388.8457252612527,20.35621574226285,13.229986731771447,66.66666666666666,5,https://www.tradingview.com/symbols/OIL/?exchange=NSE,False,True,True,True,False,True,False,True,False
MIDHANI,4h,415.0,422.31499938964845,420.7626674397786,419.45025024414065,1.896792632676414,480.94770175684044,265.84722513732504,56.10469501256941,15.891012471527821,65.55555555555556,5,https://www.tradingview.com/symbols/MIDHANI/?exchange=NSE,False,False,False,True,True,True,True,True,False
TECHM,4h,1542.199951171875,1570.6660034179688,1543.6493343098957,1521.5420013427733,1.0960798349351375,1807.040094106148,1271.0685229802766,21.33098438751957,17.172879738002077,63.19444444444444,5,https://www.tradingview.com/symbols/TECHM/?exchange=NSE,False,False,True,True,True,True,False,True,False
ALKYLAMINE,4h,1799.800048828125,1941.276005859375,1881.4246704101563,1845.90400390625,3.6586499308666864,2115.0,1205.1967651271746,49.33661464302113,17.513053818234205,62.361111111111114,5,https://www.tradingview.com/symbols/ALKYLAMINE/?exchange=NSE,False,False,False,True,True,True,True,True,False
UNITDSPR,4h,1415.4000244140625,1446.82400390625,1436.2120003255209,1395.8034985351562,1.0499893025206264,1563.4000244140625,1201.5470073699987,17.79813987570533,10.456407902159537,60.55555555555555,5,https://www.tradingview.com/symbols/UNITDSPR/?exchange=NSE,False,False,True,True,True,True,False,True,False
GAIL,4h,172.4499969482422,173.2645993041992,173.57673299153646,171.21434959411621,1.0989752035000855,181.85195677766524,133.97098293430795,28.721901691803087,5.451991879272033,58.19444444444445,5,https://www.tradingview.com/symbols/GAIL/?exchange=NSE,False,False,True,False,True,True,True,True,False
MANKIND,4h,2435.60009765625,2364.09,2440.81267578125,2435.6560046386717,0.9586834115447251,2642.0,1909.699951171875,27.538365184628066,8.47429356495617,58.05555555555556,5,https://www.tradingview.com/symbols/MANKIND/?exchange=NSE,True,False,False,False,True,True,True,True,False
LTFOODS,4h,406.8500061035156,436.4620001220703,408.3269986979167,405.89249862670897,0.42947452485593285,489.53692311570376,331.46884023524086,22.74155417286805,20.323685823209736,57.77777777777777,5,https://www.tradingview.com/symbols/LTFOODS/?exchange=NSE,False,False,True,True,True,True,False,True,False
INDHOTEL,4h,711.0,724.0970031738282,725.3860001627604,708.2377502441407,1.8148734400695865,757.4000244140625,562.4948988120375,26.401146304010624,6.5260231243407185,56.111111111111114,5,https://www.tradingview.com/symbols/INDHOTEL/?exchange=NSE,False,False,True,False,True,True,True,True,False
CHOLAFIN,4h,1634.199951171875,1802.4999951171876,1802.0553369140625,1736.3170050048827,1.9571792207803362,1952.5,1298.889892127893,25.815125752858357,19.477423714269104,55.55555555555556,5,https://www.tradingview.com/symbols/CHOLAFIN/?exchange=NSE,False,False,False,True,True,True,True,True,False
ENDURANCE,4h,2700.39990234375,2776.8859814453126,2766.7806608072915,2726.8069970703127,2.0804432603713785,3072.0,2134.0128277243602,26.540940488317766,13.760928421517438,55.13888888888889,5,https://www.tradingview.com/symbols/ENDURANCE/?exchange=NSE,False,False,False,True,True,True,True,True,False
UNOMINDA,4h,1173.0,1235.9159985351562,1190.8619995117188,1168.606499633789,1.55402142706198,1378.852549646065,992.4616833454146,18.19096088889016,17.549236968973993,53.75,5,https://www.tradingview.com/symbols/UNOMINDA/?exchange=NSE,False,False,True,True,True,True,False,True,False
SAGILITY,4h,43.45000076293945,45.34839996337891,42.97206662495931,42.627999992370604,1.3045683447992618,57.700033807096844,35.748125066049155,21.54483817727535,32.79639308156679,53.19444444444444,5,https://www.tradingview.com/symbols/SAGILITY/?exchange=NSE,False,True,True,True,True,True,False,False,False
BRIGADE,4h,583.0499877929688,640.7929992675781,583.5127512613932,564.7215008544922,1.5691746472137336,799.2478861619728,449.19622544946475,29.798505588414102,37.0805081717577,50.138888888888886,5,https://www.tradingview.com/symbols/BRIGADE/?exchange=NSE,False,False,True,True,True,True,True,False,False
BAJAJHLDNG,4h,10800.0,11172.92,10976.273333333333,10815.1,1.2323509018745682,13024.741318443412,8433.723545663051,28.0573158643999,20.59945665225382,49.166666666666664,5,https://www.tradingview.com/symbols/BAJAJHLDNG/?exchange=NSE,False,False,False,True,True,True,True,True,False
IDBI,4h,83.95999908447266,86.61259994506835,84.74766667683919,81.80395008087159,1.8566145312619131,118.37999725341797,61.0099983215332,37.616786419152135,40.99571051009081,48.05555555555556,5,https://www.tradingview.com/symbols/IDBI/?exchange=NSE,False,False,True,True,True,True,True,False,False
BECTORFOOD,4h,211.52000427246094,229.6679995727539,211.87473307291665,204.12454986572266,2.3224040317233463,278.33899243412714,164.52941938217484,28.56059728815714,31.589914340014857,47.5,5,https://www.tradingview.com/symbols/BECTORFOOD/?exchange=NSE,False,False,True,True,True,True,True,False,False
CHOICEIN,4h,756.9000244140625,763.92,779.3353332519531,751.8417498779297,1.2812006794964192,860.5,568.7000122070312,33.093020602665014,13.687405501953464,47.083333333333336,5,https://www.tradingview.com/symbols/CHOICEIN/?exchange=NSE,False,False,True,False,True,True,True,True,False
JUBLFOOD,4h,478.70001220703125,486.17800048828127,459.3536661783854,455.0809996032715,0.35669905106257005,633.1992004085787,407.64069289260294,17.431851273285325,32.27474081089612,36.52777777777778,5,https://www.tradingview.com/symbols/JUBLFOOD/?exchange=NSE,False,True,True,True,True,True,False,False,False
KAYNES,4h,3658.0,3633.5600048828123,3507.3973388671875,3480.066004638672,-2.9172533889437413,7705.0,2995.0,22.13689482470784,110.63422635319849,15.833333333333332,5,https://www.tradingview.com/symbols/KAYNES/?exchange=NSE,True,True,True,True,True,False,False,False,False
THANGAMAYL,4h,5011.5,5219.13,5660.002001953125,5319.917503662109,3.432043114367578,7430.0,1934.089956974078,159.11411110580352,48.2590042901327,97.08333333333333,4,https://www.tradingview.com/symbols/THANGAMAYL/?exchange=NSE,False,False,False,False,True,True,True,False,True
CEMPRO,4h,1224.5,1266.4060009765626,1330.1413346354166,1245.1785009765624,7.971816953997535,1649.199951171875,502.01526853255285,143.91688395840058,34.68354031620049,93.75,4,https://www.tradingview.com/symbols/CEMPRO/?exchange=NSE,False,False,False,False,True,True,True,False,True
BBOX,4h,783.1500244140625,766.4780017089844,831.8993343098958,860.9245013427734,3.8917258402103583,1101.5073628455477,443.6987723274004,76.50488873477993,40.65087512059697,89.72222222222223,4,https://www.tradingview.com/symbols/BBOX/?exchange=NSE,True,False,False,False,False,True,True,False,True
SCHNEIDER,4h,1187.4000244140625,1199.9919995117189,1299.6553369140624,1286.74150390625,0.9183691627562718,1548.0,571.8499755859375,107.64187725940025,30.368870487760024,84.58333333333333,4,https://www.tradingview.com/symbols/SCHNEIDER/?exchange=NSE,False,False,False,False,True,True,True,False,True
ADANIENSOL,4h,1287.9000244140625,1424.3339965820312,1545.0133317057291,1515.6319970703125,0.6137031962965667,1789.0,803.0999755859375,60.36608934951311,38.9082977006632,82.77777777777777,4,https://www.tradingview.com/symbols/ADANIENSOL/?exchange=NSE,False,False,False,False,True,True,True,False,True
J&KBANK,4h,142.25,147.64480072021485,158.707400004069,154.3051502609253,1.79910562966914,201.75,97.3499984741211,46.12224163292087,41.827768014059764,81.66666666666667,4,https://www.tradingview.com/symbols/J&KBANK/?exchange=NSE,False,False,False,False,True,True,True,False,True
RATEGAIN,4h,831.0,878.40900390625,903.6156697591146,853.9347528076172,5.463885277986025,1050.0,437.0,90.16018306636155,26.35379061371841,80.0,4,https://www.tradingview.com/symbols/RATEGAIN/?exchange=NSE,False,False,False,False,True,True,True,False,True
NUVAMA,4h,1628.199951171875,1747.7980004882813,1774.7400040690104,1712.4110034179687,3.7127458148765724,2066.0,1086.5091731363827,49.85607037921411,26.888592430740733,79.86111111111111,4,https://www.tradingview.com/symbols/NUVAMA/?exchange=NSE,False,False,False,False,True,True,True,False,True
GRINDWELL,4h,1918.199951171875,1958.0000073242188,2044.8053401692707,2000.860005493164,2.7723774053274086,2455.0,1316.5038257707065,45.70409243200824,27.98457212451604,76.25,4,https://www.tradingview.com/symbols/GRINDWELL/?exchange=NSE,False,False,False,False,True,True,True,False,True
BANDHANBNK,4h,181.0,173.34259887695313,185.6039330037435,189.33534973144532,-0.6533720488266614,218.86288600994448,133.09632102479327,35.991737868008535,20.91872155245551,71.66666666666667,4,https://www.tradingview.com/symbols/BANDHANBNK/?exchange=NSE,True,False,False,False,False,False,True,True,True
HINDALCO,4h,955.9000244140625,1003.6160046386718,994.5390022786459,1017.2982513427735,-0.779655970428661,1169.8969824893504,728.1514177780007,31.277643780609644,22.38696020605937,71.38888888888889,4,https://www.tradingview.com/symbols/HINDALCO/?exchange=NSE,False,False,False,True,False,False,True,True,True
VIYASH,4h,241.10000610351562,257.03400177001953,263.7843333943685,258.4920500183105,2.942083719585109,298.0,178.1300048828125,35.350586366474076,23.600162777289402,68.88888888888889,4,https://www.tradingview.com/symbols/VIYASH/?exchange=NSE,False,False,False,False,True,True,True,True,False
ASTERDM,4h,747.3499755859375,762.6589990234374,791.1400004069011,781.6207504272461,1.4170896912829578,891.2999877929688,516.8361420654307,44.60095081572759,19.261392508131348,67.77777777777779,4,https://www.tradingview.com/symbols/ASTERDM/?exchange=NSE,False,False,False,False,True,True,True,True,False
GOKULAGRO,4h,216.5,231.1397998046875,224.32120005289713,226.5588501739502,0.3201663135698585,259.79998779296875,151.0,43.37748344370862,19.999994361648387,67.08333333333333,4,https://www.tradingview.com/symbols/GOKULAGRO/?exchange=NSE,False,False,False,True,False,True,True,True,False
INDUSINDBK,4h,909.7000122070312,976.8480017089844,985.9966703287761,966.7410028076172,1.5632801545883979,1077.8499755859375,709.4508644993872,28.225936104672545,18.48411136886281,66.94444444444444,4,https://www.tradingview.com/symbols/INDUSINDBK/?exchange=NSE,False,False,False,False,True,True,True,True,False
AVL,4h,595.1500244140625,608.1270007324218,619.6093339029948,599.2457495117187,2.6972243993794276,703.5025243881884,435.6227250181752,36.62051822232908,18.205913724157384,66.25,4,https://www.tradingview.com/symbols/AVL/?exchange=NSE,False,False,False,False,True,True,True,True,False
ZENTEC,4h,1642.0999755859375,1753.1040014648438,1785.8086669921875,1752.1865008544921,0.8104539931242272,2042.629425992547,1222.3593609523095,34.33856098640409,24.391295071038034,66.11111111111111,4,https://www.tradingview.com/symbols/ZENTEC/?exchange=NSE,False,False,False,False,True,True,True,True,False
TVSSCS,4h,128.5,129.8661996459961,132.50693293253582,129.13914974212648,1.9585743581663095,146.5,90.31999969482422,42.271922535628256,14.00778210116731,65.69444444444444,4,https://www.tradingview.com/symbols/TVSSCS/?exchange=NSE,False,False,False,False,True,True,True,True,False
TATATECH,4h,706.0,771.6519982910156,765.9849991861979,746.4119995117187,3.872760690902921,891.0,499.7255286427323,41.27755328360243,26.203966005665723,65.27777777777779,4,https://www.tradingview.com/symbols/TATATECH/?exchange=NSE,False,False,False,True,True,True,True,False,False
KIMS,4h,767.0,773.252998046875,793.2199995930989,784.7022509765625,2.3164896825637715,858.0,575.7999877929688,33.20597712061397,11.864406779661007,65.13888888888889,4,https://www.tradingview.com/symbols/KIMS/?exchange=NSE,False,False,False,False,True,True,True,True,False
M&MFIN,4h,331.75,361.21799926757814,353.36900024414064,341.50875,2.3570746333454906,415.0,263.56995824155,25.867910824634286,25.094197437829703,64.72222222222223,4,https://www.tradingview.com/symbols/M&MFIN/?exchange=NSE,False,False,False,True,True,True,True,False,False
JINDALSTEL,4h,1139.5999755859375,1145.9519970703125,1103.1206689453124,1129.4320025634765,-1.676218835768839,1303.865138167474,975.3534332608737,16.83969489664303,14.414282739614649,64.30555555555556,4,https://www.tradingview.com/symbols/JINDALSTEL/?exchange=NSE,False,True,True,True,False,False,False,True,False
ZYDUSWELL,4h,524.4000244140625,535.0160021972656,542.3456665039063,532.3184997558594,1.1266886240669294,611.8499755859375,366.8171926721902,42.95949996070598,16.676191285381247,63.888888888888886,4,https://www.tradingview.com/symbols/ZYDUSWELL/?exchange=NSE,False,False,False,False,True,True,True,True,False
3MINDIA,4h,33415.0,33376.5,34250.63333333333,33713.05,0.4705686012430377,37487.09942436396,28319.862583025053,17.99139173799866,12.186441491437861,61.52777777777778,4,https://www.tradingview.com/symbols/3MINDIA/?exchange=NSE,True,False,False,False,True,True,False,True,False
FIVESTAR,4h,518.0,529.3279992675781,531.1699993896484,510.38349975585936,1.7342118882933688,663.5913003653413,336.9270432139827,53.74248236613577,28.10642864195778,61.25000000000001,4,https://www.tradingview.com/symbols/FIVESTAR/?exchange=NSE,False,False,True,False,True,True,True,False,False
NIACL,4h,169.97000122070312,193.01959991455078,183.58599934895832,177.32839942932128,2.969614144571464,242.60000610351562,116.0144662714778,46.50759227126689,42.73107275471728,60.69444444444444,4,https://www.tradingview.com/symbols/NIACL/?exchange=NSE,False,False,False,True,True,True,True,False,False
EICHERMOT,4h,7213.5,7672.88,7671.833333333333,7536.9325,0.7662825004085994,8165.0,6375.239328850012,13.148693373072117,13.190545504955974,57.22222222222222,4,https://www.tradingview.com/symbols/EICHERMOT/?exchange=NSE,False,False,False,True,True,True,False,True,False
FEDFINA,4h,150.39999389648438,156.5572003173828,154.62446655273436,154.71250007629394,0.8168306439033657,178.47999572753906,119.06999969482422,26.312248494128475,18.670214741086543,56.80555555555556,4,https://www.tradingview.com/symbols/FEDFINA/?exchange=NSE,False,False,False,True,False,True,True,True,False
BAJFINANCE,4h,985.0,1040.6300036621094,1041.2343343098958,1008.400251159668,1.6010166063234799,1176.4000244140625,783.0862114062364,25.784362647782345,19.4314745598033,55.41666666666667,4,https://www.tradingview.com/symbols/BAJFINANCE/?exchange=NSE,False,False,False,False,True,True,True,True,False
DEEPAKFERT,4h,1350.5,1377.8079956054687,1496.4913354492187,1469.4810028076172,1.2888212668725307,1669.6119086916185,860.5304973022847,56.938075319090075,23.6291676187796,54.02777777777777,4,https://www.tradingview.com/symbols/DEEPAKFERT/?exchange=NSE,False,False,False,False,True,True,True,True,False
RAINBOW,4h,1372.5999755859375,1438.5439916992189,1459.8813297526042,1428.9874951171876,2.0887293559465503,1610.0,1081.4576042961687,26.92129308936242,17.295645390982962,53.47222222222222,4,https://www.tradingview.com/symbols/RAINBOW/?exchange=NSE,False,False,False,False,True,True,True,True,False
ETHOSLTD,4h,2518.199951171875,2731.816005859375,2650.9166715494794,2578.419504394531,1.0686328276458879,3245.89990234375,1919.4000244140625,31.197244927649148,28.89762390922257,51.52777777777777,4,https://www.tradingview.com/symbols/ETHOSLTD/?exchange=NSE,False,False,False,True,True,True,True,False,False
POLYMED,4h,1636.699951171875,1724.7159912109375,1697.4499975585939,1643.480498046875,2.2235358053608767,2090.02010392206,1179.584393160086,38.752255511552214,27.69720573557839,51.388888888888886,4,https://www.tradingview.com/symbols/POLYMED/?exchange=NSE,False,False,False,True,True,True,True,False,False
PRESTIGE,4h,1470.800048828125,1533.4819995117186,1582.3419995117188,1532.2619989013672,1.1659159797909435,1802.9302554788078,1088.629585901896,35.10564730882384,22.581601551843235,50.97222222222222,4,https://www.tradingview.com/symbols/PRESTIGE/?exchange=NSE,False,False,False,False,True,True,True,True,False
HBLENGINE,4h,785.9500122070312,717.8469995117188,739.0250008138021,751.6317510986328,-1.2034569187685862,1117.5594259540492,612.1496526863262,28.391808891503633,42.19217616853563,50.83333333333333,4,https://www.tradingview.com/symbols/HBLENGINE/?exchange=NSE,True,True,True,False,False,False,True,False,False
TITAGARH,4h,818.2000122070312,841.7209997558593,852.4020003255208,841.402250366211,1.7030747590796702,969.8369391372275,568.0188408461157,44.04451989448941,18.532990059627032,49.583333333333336,4,https://www.tradingview.com/symbols/TITAGARH/?exchange=NSE,False,False,False,False,True,True,True,True,False
HONAUT,4h,33855.0,35038.9,37032.86666666667,35978.6,1.4231650163853526,41495.0,26146.075333867524,29.484060485922935,22.56682912420618,48.47222222222222,4,https://www.tradingview.com/symbols/HONAUT/?exchange=NSE,False,False,False,False,True,True,True,True,False
HOMEFIRST,4h,1094.0,1191.3499951171875,1188.985332845052,1164.0920001220702,0.6490005208828364,1311.570558920454,889.5428439967044,22.9845203503265,19.887619645379708,47.638888888888886,4,https://www.tradingview.com/symbols/HOMEFIRST/?exchange=NSE,False,False,False,True,True,True,False,True,False
ABBOTINDIA,4h,26780.0,26253.4,26759.833333333332,26817.95,0.4256809068959866,29954.070075835953,24574.941813474234,8.972791078254971,11.852390126347846,45.97222222222222,4,https://www.tradingview.com/symbols/ABBOTINDIA/?exchange=NSE,True,True,False,False,False,True,False,True,False
PAGEIND,4h,37500.0,35952.9,38488.76666666667,38293.675,-0.5181444738508456,43614.205560919945,29525.273567492757,27.009830795564227,16.30454816245319,45.416666666666664,4,https://www.tradingview.com/symbols/PAGEIND/?exchange=NSE,True,False,False,False,True,False,True,True,False
INDIGO,4h,4874.5,4999.26,5139.385325520833,4958.216496582031,1.4496558646860613,5970.0,3895.199951171875,25.141200993635813,22.47409990768283,44.72222222222222,4,https://www.tradingview.com/symbols/INDIGO/?exchange=NSE,False,False,False,False,True,True,True,True,False
SUPREMEIND,4h,3499.800048828125,3506.7180078125,3459.99400390625,3482.7020043945313,-1.0232169258763357,4340.558135822838,3140.0,11.458600281150488,24.02303203796552,43.47222222222222,4,https://www.tradingview.com/symbols/SUPREMEIND/?exchange=NSE,False,True,True,True,False,False,False,True,False
HYUNDAI,4h,2050.699951171875,2175.207998046875,2090.7793367513023,2035.9515032958984,2.6912714961850215,2740.627560568808,1642.3163104887294,24.86632070052428,33.64351810720399,42.77777777777778,4,https://www.tradingview.com/symbols/HYUNDAI/?exchange=NSE,False,False,True,True,True,True,False,False,False
HCLTECH,4h,1252.5999755859375,1277.242001953125,1245.5273356119792,1225.456000366211,-0.6476577704688125,1729.0085007948294,1019.5907239069678,22.853214158922697,38.033572927864626,42.638888888888886,4,https://www.tradingview.com/symbols/HCLTECH/?exchange=NSE,False,True,True,True,True,False,False,False,False
WHIRLPOOL,4h,913.7999877929688,791.602001953125,792.0993347167969,805.3575012207032,-2.8287506979730814,1428.4580610250364,706.0,29.433426032998412,56.32064785589262,39.30555555555556,4,https://www.tradingview.com/symbols/WHIRLPOOL/?exchange=NSE,True,True,True,False,False,False,True,False,False
AFFLE,4h,1547.0,1596.3140063476562,1564.4040055338542,1544.770005493164,1.5824898170981205,2077.0,1251.300048828125,23.631418495412483,34.259857789269546,35.0,4,https://www.tradingview.com/symbols/AFFLE/?exchange=NSE,False,False,True,True,True,True,False,False,False
FSL,4h,255.85000610351562,266.37600189208985,264.86326690673826,262.78040016174316,2.709738226257863,363.80970663815475,202.0,26.658418863126542,42.19648151618929,34.166666666666664,4,https://www.tradingview.com/symbols/FSL/?exchange=NSE,False,False,False,True,True,True,True,False,False
ELECON,4h,479.0,428.80000061035156,462.10033223470055,475.9227488708496,-1.5366193186045818,623.6463522815318,351.0001816860465,36.46716582854748,30.19756832599829,32.77777777777778,4,https://www.tradingview.com/symbols/ELECON/?exchange=NSE,True,True,True,False,False,False,True,False,False
POWERINDIA,4h,30260.0,31897.1,32972.0,33408.2,0.03870308000157863,38775.74235339215,16107.154467866794,87.86682688346743,28.141911280211996,88.05555555555556,3,https://www.tradingview.com/symbols/POWERINDIA/?exchange=NSE,False,False,False,False,False,True,True,False,True
NATIONALUM,4h,349.0,370.20399963378907,364.77000040690103,375.00850006103514,-2.7930802659880904,443.3731066930094,191.85563717985323,81.90760778784588,27.041004783097257,85.55555555555556,3,https://www.tradingview.com/symbols/NATIONALUM/?exchange=NSE,False,False,False,True,False,False,True,False,True
GVT&D,4h,4203.0,4364.46201171875,4496.630006510417,4552.576000976563,0.10831975681095951,5636.049839022599,2516.9699521199827,66.98649884397369,34.09588006239828,78.47222222222221,3,https://www.tradingview.com/symbols/GVT&D/?exchange=NSE,False,False,False,False,False,True,True,False,True
HINDCOPPER,4h,479.6000061035156,516.6700006103515,511.35600016276044,521.6607502746582,-1.3550285901358539,755.9652099609375,306.8420198526935,56.30193228872582,57.6241034904766,74.72222222222223,3,https://www.tradingview.com/symbols/HINDCOPPER/?exchange=NSE,False,False,False,True,False,False,True,False,True
ADANIGREEN,4h,1235.0,1292.8519995117188,1397.666669921875,1403.086001586914,1.0962106180844478,1631.5,765.0,61.43790849673203,32.10526315789475,74.58333333333333,3,https://www.tradingview.com/symbols/ADANIGREEN/?exchange=NSE,False,False,False,False,False,True,True,False,True
HINDZINC,4h,573.0,592.5820043945313,564.2780033365885,578.2625015258789,-0.3366418267565119,719.8477125036038,437.60457926809016,30.94012886207993,25.62787303727816,69.16666666666667,3,https://www.tradingview.com/symbols/HINDZINC/?exchange=NSE,False,True,False,True,False,False,True,False,False
KIRLPNU,4h,676.7999877929688,720.7610009765625,794.5223323567708,793.7297500610351,0.436776663038807,1093.5391904117103,491.2850813456647,37.76115202585952,61.57494239586494,66.52777777777777,3,https://www.tradingview.com/symbols/KIRLPNU/?exchange=NSE,False,False,False,False,True,True,True,False,False
JSWSTEEL,4h,1264.0999755859375,1293.0839990234374,1272.6800016276043,1275.7555004882813,0.3152751814151422,1351.0,1067.0708089952848,18.46448847908868,6.874458198908084,65.41666666666667,3,https://www.tradingview.com/symbols/JSWSTEEL/?exchange=NSE,False,False,False,True,False,True,False,True,False
EQUITASBNK,4h,66.19999694824219,72.56599975585938,75.54786651611329,74.23769989013672,1.1323935758863035,83.9000015258789,51.25,29.170725752667682,26.737168268263357,64.44444444444444,3,https://www.tradingview.com/symbols/EQUITASBNK/?exchange=NSE,False,False,False,False,True,True,True,False,False
NESTLEIND,4h,1346.0,1403.9160009765626,1438.8639998372396,1436.383500366211,0.047084782629602806,1553.0,1133.4029066422722,18.7574155767388,15.37890044576522,63.47222222222222,3,https://www.tradingview.com/symbols/NESTLEIND/?exchange=NSE,False,False,False,False,True,True,False,True,False
MARICO,4h,813.25,821.8259997558594,838.5156669108073,835.1557504272461,0.826441563543101,889.0999755859375,687.1576231263153,18.349847637578478,9.32677228231633,63.05555555555556,3,https://www.tradingview.com/symbols/MARICO/?exchange=NSE,False,False,False,False,True,True,False,True,False
AIAENG,4h,3841.39990234375,4100.783984375,4476.45732421875,4403.893995361328,0.25048424364562116,5160.600958593338,3022.637905259502,27.0876639130202,34.34167464430624,62.77777777777778,3,https://www.tradingview.com/symbols/AIAENG/?exchange=NSE,False,False,False,False,True,True,True,False,False
SUNPHARMA,4h,1838.0,1883.0140112304687,1902.7146704101563,1885.05900390625,1.2506073668876017,2046.9000244140625,1533.9890668325556,19.818324637422524,11.365616126989252,61.80555555555556,3,https://www.tradingview.com/symbols/SUNPHARMA/?exchange=NSE,False,False,False,False,True,True,False,True,False
INDIANB,4h,802.4500122070312,858.9490014648437,849.8590010579427,845.7385012817383,-1.1632971721232344,980.0229061203939,686.818914447126,16.83574743322056,22.12884182342676,61.38888888888889,3,https://www.tradingview.com/symbols/INDIANB/?exchange=NSE,False,False,False,True,True,False,False,True,False
LTF,4h,280.8500061035156,307.5219976806641,308.83099873860675,300.8297489929199,0.9000105830690996,338.6000061035156,232.5061628263369,20.792499729690018,20.562577441680574,60.138888888888886,3,https://www.tradingview.com/symbols/LTF/?exchange=NSE,False,False,False,False,True,True,False,True,False
ENRIN,4h,3198.10009765625,3206.8199951171873,3387.8693359375,3397.3035046386717,0.14721534805921532,3968.0,2111.5907386684353,51.454542733643805,24.073664952137563,59.44444444444444,3,https://www.tradingview.com/symbols/ENRIN/?exchange=NSE,False,False,False,False,False,True,True,True,False
YESBANK,4h,21.18000030517578,22.59640007019043,23.226600023905437,23.046099996566774,1.9932997378256934,25.780000686645508,17.200000762939453,23.139531195905327,21.718603943294656,58.611111111111114,3,https://www.tradingview.com/symbols/YESBANK/?exchange=NSE,False,False,False,False,True,True,False,True,False
CCL,4h,1031.5999755859375,1080.7519995117189,1136.2426684570312,1127.9525012207032,-0.6698026532182211,1238.748718225596,811.0436585583728,27.19413618492532,20.080336132423838,57.36111111111111,3,https://www.tradingview.com/symbols/CCL/?exchange=NSE,False,False,False,False,True,False,True,True,False
NH,4h,1820.0999755859375,1891.4800073242188,1923.174003092448,1916.888003540039,0.8229094800262127,2092.89990234375,1585.4858653846154,14.797616006775826,14.988183639197672,56.666666666666664,3,https://www.tradingview.com/symbols/NH/?exchange=NSE,False,False,False,False,True,True,False,True,False
PIDILITIND,4h,1503.0,1592.1459985351562,1604.5219970703124,1570.9399975585939,1.9669798899262902,1707.5,1249.9992446237347,20.24007266119763,13.606121091151024,55.97222222222222,3,https://www.tradingview.com/symbols/PIDILITIND/?exchange=NSE,False,False,False,False,True,True,False,True,False
GODREJIND,4h,1076.0999755859375,1133.596005859375,1208.9593351236979,1184.2355010986328,2.392029868380652,1443.0,744.2000122070312,44.598220630850236,34.09534734115063,55.00000000000001,3,https://www.tradingview.com/symbols/GODREJIND/?exchange=NSE,False,False,False,False,True,True,True,False,False
360ONE,4h,1045.0,1121.4740063476563,1128.5126676432292,1120.1060028076172,0.3911974461613843,1229.0652744329707,900.8207868154223,16.005315962376887,17.613901859614423,54.861111111111114,3,https://www.tradingview.com/symbols/360ONE/?exchange=NSE,False,False,False,False,True,True,False,True,False
SFL,4h,629.2999877929688,654.3489990234375,708.3660001627604,684.2719995117187,3.1199858233010858,832.4500122070312,456.183017738798,37.94901680300917,32.281905030148536,53.888888888888886,3,https://www.tradingview.com/symbols/SFL/?exchange=NSE,False,False,False,False,True,True,True,False,False
KIRLOSBROS,4h,1732.300048828125,1830.0100073242188,1882.2806681315103,1825.5485009765625,0.6549150520688496,2180.905610301624,1329.942047366491,30.25379957407699,25.896527670075066,51.80555555555556,3,https://www.tradingview.com/symbols/KIRLOSBROS/?exchange=NSE,False,False,False,False,True,True,True,False,False
DATAMATICS,4h,784.2000122070312,777.0779992675781,815.7676652018229,806.4712496948242,0.860534097708654,1003.5294156461148,627.9510538752943,24.882346700029046,27.968553943503373,50.55555555555556,3,https://www.tradingview.com/symbols/DATAMATICS/?exchange=NSE,True,False,False,False,True,True,False,False,False
ICICIBANK,4h,1302.0,1387.4200073242187,1400.0486694335937,1365.134503173828,0.5315497004125147,1467.6271961496604,1177.67166509731,10.557130530300807,12.720982807193582,49.72222222222222,3,https://www.tradingview.com/symbols/ICICIBANK/?exchange=NSE,False,False,False,False,True,True,False,True,False
CIPLA,4h,1383.699951171875,1391.5319946289062,1421.0646655273438,1412.752498779297,1.1877135316257004,1657.4505258313652,1154.8655900414417,19.81480469274539,19.78395492661882,47.91666666666667,3,https://www.tradingview.com/symbols/CIPLA/?exchange=NSE,False,False,False,False,True,True,False,True,False
NIVABUPA,4h,75.7300033569336,80.35319992065429,83.88960021972656,83.60330001831055,0.31515241404276306,91.4000015258789,67.5,12.192597565827556,20.691928528101155,46.111111111111114,3,https://www.tradingview.com/symbols/NIVABUPA/?exchange=NSE,False,False,False,False,True,True,False,True,False
HCC,4h,20.59000015258789,22.64680000305176,22.911333274841308,22.794299964904784,1.207017907334329,29.5,13.649999618530273,50.842496175870686,43.273432643914965,45.55555555555556,3,https://www.tradingview.com/symbols/HCC/?exchange=NSE,False,False,False,False,True,True,True,False,False
RELIGARE,4h,234.60000610351562,246.11020141601563,251.0008673095703,245.70305046081543,1.8422780297437047,280.0,196.50999450683594,19.383243937424588,19.352085556405285,45.13888888888889,3,https://www.tradingview.com/symbols/RELIGARE/?exchange=NSE,False,False,False,False,True,True,False,True,False
TEJASNET,4h,491.1000061035156,537.3520013427734,547.3180010986329,537.3025003051757,3.724048760171317,644.75,294.0,67.04081840255634,31.28690531192897,44.30555555555556,3,https://www.tradingview.com/symbols/TEJASNET/?exchange=NSE,False,False,False,False,True,True,True,False,False
REFEX,4h,275.79998779296875,280.4669970703125,307.68299947102867,303.0962493133545,1.3961458764844448,413.67773156512,187.40098243331008,47.171046924002646,49.99193251438798,42.916666666666664,3,https://www.tradingview.com/symbols/REFEX/?exchange=NSE,False,False,False,False,True,True,True,False,False
ONESOURCE,4h,1565.800048828125,1562.4719946289063,1597.843330078125,1648.4164990234376,-0.7922877034214904,1925.0,1057.0,48.13623924580179,22.940346147051606,42.36111111111111,3,https://www.tradingview.com/symbols/ONESOURCE/?exchange=NSE,True,False,False,False,False,False,True,True,False
CDSL,4h,1289.0,1368.8280004882813,1353.6260026041666,1319.0205010986328,0.4498851666349335,1658.570789743815,1106.2094182590258,16.524048586447005,28.671124107355705,41.52777777777778,3,https://www.tradingview.com/symbols/CDSL/?exchange=NSE,False,False,False,True,True,True,False,False,False
OLAELEC,4h,37.86000061035156,38.36559989929199,39.807733383178714,39.66225008010864,0.3882674419042109,58.650001525878906,22.25,70.1573061139396,54.912838299962964,41.11111111111111,3,https://www.tradingview.com/symbols/OLAELEC/?exchange=NSE,False,False,False,False,True,True,True,False,False
SUNTV,4h,519.9000244140625,471.88899963378907,491.1359999593099,498.8562501525879,-4.368769355890678,653.9340000086492,447.20001220703125,16.25671069377672,25.78072115800447,40.0,3,https://www.tradingview.com/symbols/SUNTV/?exchange=NSE,True,True,True,False,False,False,False,False,False
GMRP&UI,4h,101.9000015258789,94.67260055541992,97.59333328247071,100.51130001068115,-2.005636091559837,136.3000030517578,86.80000305175781,17.396310994502095,33.75858784177011,39.861111111111114,3,https://www.tradingview.com/symbols/GMRP&UI/?exchange=NSE,True,True,True,False,False,False,False,False,False
DRREDDY,4h,1221.0,1175.882001953125,1216.4086686197916,1236.847000732422,-1.334581010375191,1405.9838095385528,1101.0,10.899182561307907,15.150189151396631,39.02777777777778,3,https://www.tradingview.com/symbols/DRREDDY/?exchange=NSE,True,True,False,False,False,False,False,True,False
SONATSOFTW,4h,274.04998779296875,282.9779986572266,295.05366739908857,288.6010001373291,0.7680304501509472,390.5481555478003,203.57848075867477,34.6163832108719,42.50982409925892,38.47222222222222,3,https://www.tradingview.com/symbols/SONATSOFTW/?exchange=NSE,False,False,False,False,True,True,True,False,False
MAXHEALTH,4h,1000.0999755859375,1021.1260034179687,1060.0116682942707,1048.3252502441405,0.44939078207613115,1219.732372328196,901.3980430128952,10.949872072401456,21.96104410597357,37.361111111111114,3,https://www.tradingview.com/symbols/MAXHEALTH/?exchange=NSE,False,False,False,False,True,True,False,True,False
BAJAJFINSV,4h,1752.0,1913.0280029296875,1905.4313346354168,1866.4735003662108,0.6080771784275685,2193.128599829014,1595.6384533474438,9.799309256086786,25.178573049601273,37.083333333333336,3,https://www.tradingview.com/symbols/BAJAJFINSV/?exchange=NSE,False,False,False,True,True,True,False,False,False
CONCOR,4h,450.0,496.69099975585937,493.72899841308595,492.1364993286133,-0.5993187814364753,547.7380341214969,419.3328127807616,7.3133287652526136,21.71956313811041,36.94444444444444,3,https://www.tradingview.com/symbols/CONCOR/?exchange=NSE,False,False,False,True,True,False,False,True,False
MAHSCOOTER,4h,12804.0,13357.68,13135.14,12935.765,0.6707614843292298,17899.76088444639,10721.758704587743,19.420706553685886,39.7981949738081,35.55555555555556,3,https://www.tradingview.com/symbols/MAHSCOOTER/?exchange=NSE,False,False,False,True,True,True,False,False,False
CLEAN,4h,782.9000244140625,831.3290014648437,795.4519999186198,793.3404998779297,0.9314661039453442,1132.8438716886724,648.9423872407145,20.642454524034438,44.698408016593774,34.44444444444444,3,https://www.tradingview.com/symbols/CLEAN/?exchange=NSE,False,False,False,True,True,True,False,False,False
GOKEX,4h,671.8499755859375,752.1649987792969,792.3866654459636,767.6294998168945,0.6084639207718512,954.9000244140625,531.0,26.52541913106168,42.12994851734122,33.47222222222222,3,https://www.tradingview.com/symbols/GOKEX/?exchange=NSE,False,False,False,False,True,True,True,False,False
HDBFS,4h,637.4000244140625,676.61900390625,698.5333337402344,689.5144998168945,0.1821984021247003,794.4312900037413,553.7186859929476,15.112608719544053,24.63621894806667,31.52777777777778,3,https://www.tradingview.com/symbols/HDBFS/?exchange=NSE,False,False,False,False,True,True,False,True,False
IFBIND,4h,1214.199951171875,1286.3259985351563,1317.180000813802,1282.8830004882811,1.440078404948708,2019.800048828125,883.2000122070312,37.477347643792136,66.34822352601249,26.52777777777778,3,https://www.tradingview.com/symbols/IFBIND/?exchange=NSE,False,False,False,False,True,True,True,False,False
PRSMJOHNSN,4h,115.0,112.93400024414062,112.72346705118815,115.21650035858154,-2.3876029262779763,172.0,97.0999984741211,18.434605362686575,49.56521739130435,17.36111111111111,3,https://www.tradingview.com/symbols/PRSMJOHNSN/?exchange=NSE,True,True,False,True,False,False,False,False,False
THOMASCOOK,4h,102.18000030517578,107.0413996887207,106.12473327636718,103.6214500427246,0.7694233462113065,168.23674919231718,85.96001645922374,18.869219102169676,64.64743461524083,15.277777777777779,3,https://www.tradingview.com/symbols/THOMASCOOK/?exchange=NSE,False,False,False,True,True,True,False,False,False
ADANIPOWER,4h,196.13999938964844,206.5013998413086,213.12133331298827,216.60800018310547,-0.23960497581251294,254.1999969482422,128.10000610351562,53.1147463265152,29.60130403755774,78.88888888888889,2,https://www.tradingview.com/symbols/ADANIPOWER/?exchange=NSE,False,False,False,False,False,False,True,False,True
BSE,4h,3097.5,3281.4820068359377,3553.633338216146,3677.581005859375,-1.1881875707580147,4435.115403617064,2016.1882450384737,53.63148791401133,43.183709559872916,78.05555555555556,2,https://www.tradingview.com/symbols/BSE/?exchange=NSE,False,False,False,False,False,False,True,False,True
ANGELONE,4h,279.20001220703125,293.94,311.4803330485026,315.4627500915527,-0.7973158755228194,359.3387168134344,206.12108714450565,35.454366205283996,28.702973174291646,72.36111111111111,2,https://www.tradingview.com/symbols/ANGELONE/?exchange=NSE,False,False,False,False,False,False,True,False,True
VTL,4h,543.25,577.5989990234375,608.9280017089844,608.9750018310547,-0.3715361327458089,682.2146139481268,382.25830878098185,42.115942942461906,25.580232664174286,71.11111111111111,2,https://www.tradingview.com/symbols/VTL/?exchange=NSE,False,False,False,False,False,False,True,False,True
JAYNECOIND,4h,87.9800033569336,93.3854002380371,90.69940027872721,93.46465007781983,-1.9913761985678957,117.0,64.4000015258789,36.61490880800547,32.98476419162284,67.91666666666667,2,https://www.tradingview.com/symbols/JAYNECOIND/?exchange=NSE,False,False,False,True,False,False,True,False,False
CUMMINSIND,4h,4855.0,5062.83,5372.95,5406.15,-0.49955879023925176,6049.821052103703,3784.261865546783,28.294504251980655,24.61011435846967,65.83333333333333,2,https://www.tradingview.com/symbols/CUMMINSIND/?exchange=NSE,False,False,False,False,False,False,True,True,False
POLYCAB,4h,8191.0,8564.12,9083.81,9151.2775,0.4690646510518537,10126.0,6631.534745548168,23.5159026422763,23.623489195458426,62.638888888888886,2,https://www.tradingview.com/symbols/POLYCAB/?exchange=NSE,False,False,False,False,False,True,False,True,False
COALINDIA,4h,422.5,416.2790002441406,423.0290008544922,432.93775054931643,-1.2167150620074452,478.7148709533388,355.1755291130353,18.955267288568912,13.30529490019854,60.416666666666664,2,https://www.tradingview.com/symbols/COALINDIA/?exchange=NSE,True,False,False,False,False,False,False,True,False
TATASTEEL,4h,186.3000030517578,185.64199951171875,187.8255995686849,193.40379966735838,-2.1419810102226267,219.86575104195882,156.82581752306186,18.794217683170466,18.017041030791493,59.02777777777778,2,https://www.tradingview.com/symbols/TATASTEEL/?exchange=NSE,True,False,False,False,False,False,False,True,False
ASHOKLEY,4h,155.22000122070312,166.3611996459961,164.0171330769857,161.35729957580565,-0.7983116123859046,211.80679384961218,131.07000684605995,18.42526368599875,36.45586405353123,57.91666666666667,2,https://www.tradingview.com/symbols/ASHOKLEY/?exchange=NSE,False,False,False,True,True,False,False,False,False
TRITURBINE,4h,551.6500244140625,565.6190026855469,609.2783325195312,619.6472485351562,0.4054557541607329,784.8771245029434,426.8691302829629,29.23165093910278,42.27809113878025,56.25,2,https://www.tradingview.com/symbols/TRITURBINE/?exchange=NSE,False,False,False,False,False,True,True,False,False
PNGJL,4h,582.0999755859375,602.8839990234375,601.424999186198,593.9774987792969,-1.7086626908807578,736.4000244140625,503.0,15.72564126957008,26.50748244282397,55.27777777777778,2,https://www.tradingview.com/symbols/PNGJL/?exchange=NSE,False,False,False,True,True,False,False,False,False
V2RETAIL,4h,211.22000122070312,216.7779995727539,221.62933329264322,224.15764999389648,1.1533069542944085,259.25,172.02999877929688,22.780911887167086,22.73932321831136,54.72222222222223,2,https://www.tradingview.com/symbols/V2RETAIL/?exchange=NSE,False,False,False,False,False,True,False,True,False
LT,4h,3766.39990234375,3946.8000048828126,3988.679991861979,3980.534991455078,-0.6106256512775299,4397.052414797838,3256.294765660181,15.665201506416771,16.744172918591204,54.58333333333333,2,https://www.tradingview.com/symbols/LT/?exchange=NSE,False,False,False,False,True,False,False,True,False
SENCO,4h,320.0,349.0629992675781,357.21766682942706,353.0562501525879,0.8097041190268328,428.75506028088586,275.20093917748864,16.278672942180105,33.985956337776834,54.166666666666664,2,https://www.tradingview.com/symbols/SENCO/?exchange=NSE,False,False,False,False,True,True,False,False,False
GMRAIRPORT,4h,94.75,96.9097999572754,104.36093338012695,102.85190006256103,-0.008944045457359717,115.63999938964844,84.11000061035156,12.65010024068285,22.047492759523422,53.333333333333336,2,https://www.tradingview.com/symbols/GMRAIRPORT/?exchange=NSE,False,False,False,False,True,False,False,True,False
BIOCON,4h,374.8999938964844,396.0589990234375,413.8916662597656,414.9677500915527,1.2168923235918783,447.1499938964844,336.647387893357,11.362810875349783,19.27180612863635,52.22222222222223,2,https://www.tradingview.com/symbols/BIOCON/?exchange=NSE,False,False,False,False,False,True,False,True,False
POONAWALLA,4h,445.5,460.7139990234375,460.84533264160154,446.9262496948242,1.3480724046988524,570.4000244140625,361.20001220703125,23.338866263562032,28.035920182730067,52.083333333333336,2,https://www.tradingview.com/symbols/POONAWALLA/?exchange=NSE,False,False,False,False,True,True,False,False,False
TIMKEN,4h,3180.5,3167.1019775390623,3267.909991861979,3346.061494140625,-1.5638441953672255,3921.832239688061,2798.2399489351046,13.660731675650894,23.30866969621319,51.66666666666667,2,https://www.tradingview.com/symbols/TIMKEN/?exchange=NSE,True,False,False,False,False,False,False,True,False
JUBLINGREA,4h,660.6500244140625,665.2729992675781,690.3320003255209,690.1130004882813,-1.103730904828093,792.3323631991859,535.497064674972,23.371362421016073,19.932238540657575,51.24999999999999,2,https://www.tradingview.com/symbols/JUBLINGREA/?exchange=NSE,False,False,False,False,True,False,False,True,False
SCHAEFFLER,4h,3955.5,3999.337998046875,4082.234005533854,4081.2650048828127,-0.5766230448352672,4445.0,3489.687030472257,13.348273511642251,12.375173808620898,50.69444444444444,2,https://www.tradingview.com/symbols/SCHAEFFLER/?exchange=NSE,False,False,False,False,True,False,False,True,False
TATACOMM,4h,1655.300048828125,1722.2659985351563,1797.5946663411457,1803.2035015869142,1.7228597869919593,2110.0,1310.5824719426591,26.302623777235134,27.469337144874807,50.416666666666664,2,https://www.tradingview.com/symbols/TATACOMM/?exchange=NSE,False,False,False,False,False,True,True,False,False
AXISBANK,4h,1209.9000244140625,1246.4000024414063,1276.5826708984375,1275.8700024414063,-1.1377676114054491,1417.2070248903838,1124.5327321092266,7.591356824689033,17.134225662712677,49.44444444444444,2,https://www.tradingview.com/symbols/AXISBANK/?exchange=NSE,False,False,False,False,True,False,False,True,False
NSLNISP,4h,41.880001068115234,43.61560005187988,43.624733479817706,44.2530001449585,0.49061067017961424,53.75,33.0099983215332,26.870654945765082,28.342881158429158,49.02777777777778,2,https://www.tradingview.com/symbols/NSLNISP/?exchange=NSE,False,False,False,False,False,True,True,False,False
LUPIN,4h,2062.0,2119.902004394531,2289.5540079752604,2286.3370013427734,-1.6608944777132484,2523.699951171875,1886.322723198068,9.31321425763716,22.39088027021703,48.19444444444444,2,https://www.tradingview.com/symbols/LUPIN/?exchange=NSE,False,False,False,False,True,False,False,True,False
CCAVENUE,4h,15.40999984741211,15.618800086975098,16.068800029754637,15.524250030517578,1.4249175233075784,20.5,12.920000076293945,19.27244393509642,33.03050099278673,47.77777777777778,2,https://www.tradingview.com/symbols/CCAVENUE/?exchange=NSE,False,False,False,False,True,True,False,False,False
ASIANPAINT,4h,2420.0,2508.056005859375,2638.170665690104,2637.646005859375,-0.042046224785918795,2960.0187763517797,2096.8080953222207,15.413518547490824,22.31482546908181,47.36111111111111,2,https://www.tradingview.com/symbols/ASIANPAINT/?exchange=NSE,False,False,False,False,True,False,False,True,False
LICI,4h,400.6499938964844,408.94300048828126,418.0113330078125,414.22137466430667,-0.14409889784336993,457.74492274879265,352.4872671490231,13.663678446319372,14.250575245749243,46.94444444444444,2,https://www.tradingview.com/symbols/LICI/?exchange=NSE,False,False,False,False,True,False,False,True,False
BPCL,4h,302.25,311.4770001220703,312.41333333333336,308.0087493896484,0.03735049756061759,391.6499938964844,266.6000061035156,13.372090427725713,29.578161752352152,45.83333333333333,2,https://www.tradingview.com/symbols/BPCL/?exchange=NSE,False,False,False,False,True,True,False,False,False
ULTRACEMCO,4h,11025.0,11192.14,11513.353333333333,11488.275,-1.214580991055092,12847.756783521221,10118.465708821142,8.959207030652404,16.532941347131256,45.27777777777778,2,https://www.tradingview.com/symbols/ULTRACEMCO/?exchange=NSE,False,False,False,False,True,False,False,True,False
POWERMECH,4h,2364.300048828125,2430.4460107421874,2561.700662434896,2549.9484985351564,-0.23131146235708666,3005.643635770155,1716.6396917096176,37.72838064075614,27.12615039110262,45.0,2,https://www.tradingview.com/symbols/POWERMECH/?exchange=NSE,False,False,False,False,True,False,True,False,False
KSB,4h,804.2000122070312,804.0990014648437,851.9536665852864,845.2095004272461,-2.86182032715786,1023.2461180887996,663.373535570316,21.228835503008693,27.237764555688383,44.861111111111114,2,https://www.tradingview.com/symbols/KSB/?exchange=NSE,True,False,False,False,True,False,False,False,False
CERA,4h,5200.0,5629.79,6000.973333333333,5929.055,0.7650784424824808,6663.070811519553,4410.181828561342,17.908970698750238,28.135977144606784,43.888888888888886,2,https://www.tradingview.com/symbols/CERA/?exchange=NSE,False,False,False,False,True,True,False,False,False
ALKEM,4h,5175.0,5268.37,5448.496666666667,5443.45,-0.7010368705626546,5875.533923201399,5051.0,2.45495941397742,13.536887404857968,42.22222222222222,2,https://www.tradingview.com/symbols/ALKEM/?exchange=NSE,False,False,False,False,True,False,False,True,False
SUNDARMFIN,4h,4439.0,4620.384033203125,4557.241344401042,4518.40201171875,-0.46520332549355725,5612.405266256894,3979.0182224383775,11.56018273471846,26.434000140952783,41.94444444444444,2,https://www.tradingview.com/symbols/SUNDARMFIN/?exchange=NSE,False,False,False,True,True,False,False,False,False
CREDITACC,4h,1254.0,1391.1140014648438,1467.6553312174478,1431.2025006103515,1.1004330941529972,1634.0,1113.0,12.668463611859849,30.303030303030297,41.25,2,https://www.tradingview.com/symbols/CREDITACC/?exchange=NSE,False,False,False,False,True,True,False,False,False
MGL,4h,1048.800048828125,1086.2680029296876,1117.4933333333333,1109.0715014648438,-0.6762800891738086,1300.4367957814911,885.652283987356,18.421198453443854,23.992823725983992,40.97222222222222,2,https://www.tradingview.com/symbols/MGL/?exchange=NSE,False,False,False,False,True,False,False,True,False
SUMICHEM,4h,434.0,484.40600158691404,497.8406665039063,491.3159996032715,0.8456038757815643,572.0499877929688,361.7279903344155,19.979656426025926,31.808752947688657,40.27777777777778,2,https://www.tradingview.com/symbols/SUMICHEM/?exchange=NSE,False,False,False,False,True,True,False,False,False
NHPC,4h,74.5,76.01420028686523,77.49773325602213,77.434649848938,-1.2903632736122717,86.59303970157107,71.42454681386315,4.305877073538422,16.23226805580009,40.13888888888889,2,https://www.tradingview.com/symbols/NHPC/?exchange=NSE,False,False,False,False,True,False,False,True,False
PURVA,4h,209.99000549316406,214.47679901123047,216.71906616210939,216.5409494781494,-0.392306514042573,287.29998779296875,160.69000244140625,30.68019310643453,36.81602946685069,39.58333333333333,2,https://www.tradingview.com/symbols/PURVA/?exchange=NSE,False,False,False,False,True,False,True,False,False
TIMETECHNO,4h,183.44000244140625,183.52000061035156,189.36619995117186,185.8209999847412,-0.6600707769007785,225.61254472714933,152.72234380182346,20.113401794987396,22.98982867666155,39.166666666666664,2,https://www.tradingview.com/symbols/TIMETECHNO/?exchange=NSE,False,False,False,False,True,False,False,True,False
TRAVELFOOD,4h,1203.0,1262.9980053710938,1305.0006681315103,1274.5525006103517,-0.6069392959194064,1459.2622453212896,1027.1088179140447,17.124882876886673,21.301932279408952,38.88888888888889,2,https://www.tradingview.com/symbols/TRAVELFOOD/?exchange=NSE,False,False,False,False,True,False,False,True,False
BHARTIARTL,4h,1771.4000244140625,1849.822001953125,1894.6586653645834,1880.4194995117186,-0.14979498141403091,2147.4734560986562,1718.8676127570984,3.056222088721605,21.230293920143197,38.333333333333336,2,https://www.tradingview.com/symbols/BHARTIARTL/?exchange=NSE,False,False,False,False,True,False,False,True,False
RHIM,4h,386.6000061035156,373.89600158691405,386.3946671549479,386.87725036621094,-1.2021662473041816,504.94444206371475,320.9173739231228,20.467147470840086,30.61159702323215,37.916666666666664,2,https://www.tradingview.com/symbols/RHIM/?exchange=NSE,True,True,False,False,False,False,False,False,False
NUVOCO,4h,326.5,330.0070007324219,331.08366638183594,329.21050018310547,1.6510828812619671,452.8999938964844,276.25,18.19004524886878,38.713627533379594,36.80555555555556,2,https://www.tradingview.com/symbols/NUVOCO/?exchange=NSE,False,False,False,False,True,True,False,False,False
JLHL,4h,263.8500061035156,284.78999755859377,295.7016658528646,287.3375485992432,1.5099081088038258,340.0,235.42042234373233,12.076090713266098,28.861092338428307,36.25,2,https://www.tradingview.com/symbols/JLHL/?exchange=NSE,False,False,False,False,True,True,False,False,False
EIEL,4h,193.0500030517578,198.91920013427733,210.53893330891927,206.49384979248046,-0.762278776207681,258.0199890136719,134.7100067138672,43.3078416080912,33.65448585074367,36.11111111111111,2,https://www.tradingview.com/symbols/EIEL/?exchange=NSE,False,False,False,False,True,False,True,False,False
MPHASIS,4h,2237.5,2355.1199951171875,2355.0119970703126,2327.38599609375,-0.023776537924846686,2897.3238943204424,1960.4413570175507,14.13246267177013,29.48933605901418,35.97222222222222,2,https://www.tradingview.com/symbols/MPHASIS/?exchange=NSE,False,False,False,True,True,False,False,False,False
VGUARD,4h,307.25,327.63499938964844,316.3519999186198,315.21425033569335,-0.33231600996845856,390.34213160745503,287.43192892625956,6.894874604840706,27.043818261173325,32.63888888888889,2,https://www.tradingview.com/symbols/VGUARD/?exchange=NSE,False,False,False,True,True,False,False,False,False
INOXGREEN,4h,170.0,171.82559967041016,183.58286661783853,182.21199981689452,-0.1730694539964106,279.0,132.5800018310547,28.224466474686906,64.11764705882352,31.944444444444443,2,https://www.tradingview.com/symbols/INOXGREEN/?exchange=NSE,False,False,False,False,True,False,True,False,False
KFINTECH,4h,884.0499877929688,921.4930004882813,911.8913338216146,895.2902505493164,-0.7156138817642654,1198.7685004367224,774.4636355142945,14.149967442422472,35.599628639716244,31.38888888888889,2,https://www.tradingview.com/symbols/KFINTECH/?exchange=NSE,False,False,False,True,True,False,False,False,False
SBFC,4h,86.81999969482422,95.4052001953125,93.43266657511393,93.2321499633789,-0.1844130969850144,123.0,79.5999984741211,9.070353466213232,41.672426206346394,30.694444444444446,2,https://www.tradingview.com/symbols/SBFC/?exchange=NSE,False,False,False,True,True,False,False,False,False
EMBDL,4h,55.9900016784668,58.6910001373291,61.3486666615804,61.92844997406006,2.852129703749351,99.20999908447266,39.459999084472656,41.89052959329294,77.1923488307875,29.02777777777778,2,https://www.tradingview.com/symbols/EMBDL/?exchange=NSE,False,False,False,False,False,True,True,False,False
OLECTRA,4h,1173.800048828125,1237.4000073242187,1336.6366723632811,1318.2450024414063,-0.281323728231786,1647.1663811189844,866.1616606732061,35.51743307546229,40.32768040548724,28.749999999999996,2,https://www.tradingview.com/symbols/OLECTRA/?exchange=NSE,False,False,False,False,True,False,True,False,False
TANLA,4h,498.5,514.8919976806641,548.901333618164,542.6980003356933,-0.3308086759173934,733.291039730163,361.8340643388348,37.77033428593559,47.09950646542889,28.47222222222222,2,https://www.tradingview.com/symbols/TANLA/?exchange=NSE,False,False,False,False,True,False,True,False,False
TARC,4h,127.0,126.37540023803712,126.65433303833008,127.60729972839356,-0.7127885829515845,186.3000030517578,109.0999984741211,16.406967714234067,46.69291578878567,28.194444444444443,2,https://www.tradingview.com/symbols/TARC/?exchange=NSE,True,True,False,False,False,False,False,False,False
DMART,4h,3803.5,3784.3499951171875,3971.3560091145832,4025.7815087890626,-2.9971788805872035,4651.7001953125,3600.0,5.652777777777773,22.300517820757193,28.055555555555557,2,https://www.tradingview.com/symbols/DMART/?exchange=NSE,True,False,False,False,False,False,False,True,False
LTM,4h,4091.39990234375,4373.639985351562,4234.001990559896,4198.423990478515,-0.7395434879697182,6344.474916122625,3528.0,15.969384987067748,55.068560090843356,27.22222222222222,2,https://www.tradingview.com/symbols/LTM/?exchange=NSE,False,False,False,True,True,False,False,False,False
NESCO,4h,1086.4000244140625,1066.9959973144532,1074.9686673990886,1106.7445016479492,-1.7912810464070006,1502.6235370813627,989.6270152436205,9.778735592279574,38.312178140071886,26.111111111111114,2,https://www.tradingview.com/symbols/NESCO/?exchange=NSE,True,True,False,False,False,False,False,False,False
HEXT,4h,489.25,525.2439978027344,538.4193336995443,530.5289999389648,1.398137849932457,792.7687780924847,392.77756486306447,24.561595102960897,62.03756322789671,18.194444444444443,2,https://www.tradingview.com/symbols/HEXT/?exchange=NSE,False,False,False,False,True,True,False,False,False
RELAXO,4h,291.6000061035156,329.40100036621095,372.9773337809245,357.73475006103513,0.4581255994184241,467.82154146357,233.86133830038253,24.689274517436832,60.43262403002048,16.666666666666664,2,https://www.tradingview.com/symbols/RELAXO/?exchange=NSE,False,False,False,False,True,True,False,False,False
SBICARD,4h,591.0,642.717001953125,634.3283341471354,629.5260000610351,-0.7336652371518926,961.6311031378486,565.4500122070312,4.5185228121657595,62.712538602004855,16.25,2,https://www.tradingview.com/symbols/SBICARD/?exchange=NSE,False,False,False,True,True,False,False,False,False
KPIGREEN,4h,357.3500061035156,309.4659991455078,358.4173333740234,375.3024998474121,-5.866204532416807,541.0236304500187,271.56159908116916,31.590772521819076,51.39880263309615,13.61111111111111,2,https://www.tradingview.com/symbols/KPIGREEN/?exchange=NSE,True,False,False,False,False,False,True,False,False
SWIGGY,4h,256.0,276.5079998779297,270.280732828776,266.6035496520996,-0.2939532281713064,459.95001220703125,235.75,8.589607635206796,79.66797351837158,12.222222222222221,2,https://www.tradingview.com/symbols/SWIGGY/?exchange=NSE,False,False,False,True,True,False,False,False,False
PATANJALI,4h,390.79998779296875,359.53300048828123,372.06833312988283,391.1617497253418,-3.9281674963960955,605.9581114957105,326.057353105007,19.856210593450818,55.05581638265671,11.666666666666666,2,https://www.tradingview.com/symbols/PATANJALI/?exchange=NSE,True,True,False,False,False,False,False,False,False
SAFARI,4h,1453.199951171875,1507.3779931640624,1555.0233325195313,1548.7389990234376,0.11629400056734074,2504.019782423858,1361.4252325150483,6.7410766647306275,72.31075327277512,10.694444444444445,2,https://www.tradingview.com/symbols/SAFARI/?exchange=NSE,False,False,False,False,True,True,False,False,False
NEWGEN,4h,474.1499938964844,511.36900024414064,515.2776670328776,503.8532504272461,0.7115323729177225,1030.4143551726484,396.6099082577377,19.550718230760154,117.31822596998845,9.166666666666666,2,https://www.tradingview.com/symbols/NEWGEN/?exchange=NSE,False,False,False,False,True,True,False,False,False
POLICYBZR,4h,1151.300048828125,1737.4880053710938,1663.9413313802083,1664.1974993896483,0.6747249170820702,1964.199951171875,1115.0,3.2556097603699596,70.6071282782605,3.4722222222222223,2,https://www.tradingview.com/symbols/POLICYBZR/?exchange=NSE,False,False,False,True,False,True,False,False,False
SCI,4h,271.95001220703125,284.19000122070315,291.0820011393229,296.9857507324219,-0.7830662088889384,367.499792159746,192.34996969124379,41.38292438702216,35.1350526434153,68.05555555555556,1,https://www.tradingview.com/symbols/SCI/?exchange=NSE,False,False,False,False,False,False,True,False,False
BANKINDIA,4h,129.99000549316406,140.6798001098633,142.09606719970702,141.8978002166748,-0.7597002781058126,172.71800537071604,112.33061399933865,15.720907119700577,32.87021930297478,59.72222222222222,1,https://www.tradingview.com/symbols/BANKINDIA/?exchange=NSE,False,False,False,False,True,False,False,False,False
SBIN,4h,962.0,1009.932001953125,1030.1799955240886,1017.041245727539,-1.453167669761668,1212.8384373028666,837.8968429308584,14.811269205293144,26.07468163231461,57.08333333333333,1,https://www.tradingview.com/symbols/SBIN/?exchange=NSE,False,False,False,False,True,False,False,False,False
ZFCVINDIA,4h,2332.800048828125,2488.775986328125,2490.3004459635417,2474.1169982910155,-0.10735066989100428,3038.7327548607846,2046.7853151927584,13.973851166136143,30.2611750367239,52.916666666666664,1,https://www.tradingview.com/symbols/ZFCVINDIA/?exchange=NSE,False,False,False,False,True,False,False,False,False
PICCADIL,4h,600.5,621.3449987792969,659.3603324381511,641.6387484741211,-0.07681453860441945,808.3517449655756,514.14246279787,16.79642189680033,34.613113233234905,51.11111111111111,1,https://www.tradingview.com/symbols/PICCADIL/?exchange=NSE,False,False,False,False,True,False,False,False,False
ANURAS,4h,1187.0999755859375,1222.3720043945314,1237.8833357747396,1264.2050018310547,-1.4848516681987722,1413.2033352966978,1043.872746633716,13.720755658589724,19.046699044801052,48.333333333333336,1,https://www.tradingview.com/symbols/ANURAS/?exchange=NSE,False,False,False,False,False,False,False,True,False
JSWENERGY,4h,495.0,525.9649981689453,547.8126666259766,550.5825010681152,-0.8822053831127108,615.2574202859911,426.30011443485296,16.1153805122062,24.29442834060427,46.80555555555556,1,https://www.tradingview.com/symbols/JSWENERGY/?exchange=NSE,False,False,False,False,False,False,False,True,False
ASTRAL,4h,1370.5,1456.9339965820313,1452.1433341471354,1473.2439990234375,-1.6734109334975322,1765.9224658214252,1309.540253350694,4.655049472005879,28.852423627977043,46.52777777777778,1,https://www.tradingview.com/symbols/ASTRAL/?exchange=NSE,False,False,False,True,False,False,False,False,False
ATGL,4h,594.4500122070312,618.2010009765625,667.1073327636718,670.9147494506836,-0.31417646632424523,859.5498025483846,462.63840779150803,28.491280057086232,44.59580871352158,45.69444444444444,1,https://www.tradingview.com/symbols/ATGL/?exchange=NSE,False,False,False,False,False,False,True,False,False
DEEPAKNTR,4h,1551.699951171875,1664.3140014648438,1672.0800016276041,1691.9615008544922,-0.3462927757620693,1895.7415042243763,1274.1803312746065,21.780246726902153,22.17191234637046,44.583333333333336,1,https://www.tradingview.com/symbols/DEEPAKNTR/?exchange=NSE,False,False,False,False,False,False,False,True,False
POWERGRID,4h,261.8500061035156,266.707998046875,276.6396659342448,281.4569989013672,-2.8317733324512484,323.4425459044702,246.07771802547202,6.40947429316252,23.522069263044255,44.44444444444444,1,https://www.tradingview.com/symbols/POWERGRID/?exchange=NSE,False,False,False,False,False,False,False,True,False
BEL,4h,385.5,402.22199951171876,406.28166625976564,409.37574981689454,-1.79903830121666,472.8081629796919,378.3236519637461,1.8968806203376376,22.648031901346787,44.166666666666664,1,https://www.tradingview.com/symbols/BEL/?exchange=NSE,False,False,False,False,False,False,False,True,False
IGIL,4h,324.0,327.0310009765625,342.76100158691406,345.95000122070314,-1.6068696266226756,385.39286639838434,282.6708709611926,14.620936673903495,18.948415555056886,44.02777777777778,1,https://www.tradingview.com/symbols/IGIL/?exchange=NSE,False,False,False,False,False,False,False,True,False
PGEL,4h,507.0,551.1070013427734,572.5529996744791,549.8894993591308,-0.29898178219655014,644.0957170393084,436.34383127169804,16.192773602958653,27.040575352920794,43.333333333333336,1,https://www.tradingview.com/symbols/PGEL/?exchange=NSE,False,False,False,False,True,False,False,False,False
BALKRISIND,4h,2160.0,2249.8620166015626,2251.1886686197918,2230.016500244141,-0.32173934458000764,2765.3795041598637,1963.1702396041112,10.026117777517918,28.026828896289977,43.19444444444444,1,https://www.tradingview.com/symbols/BALKRISIND/?exchange=NSE,False,False,False,False,True,False,False,False,False
ATUL,4h,5991.0,6284.04,6446.456666666667,6552.5325,-1.287177188826416,7144.769440445724,5533.215936920114,8.273381489150733,19.258378241457596,42.5,1,https://www.tradingview.com/symbols/ATUL/?exchange=NSE,False,False,False,False,False,False,False,True,False
CAMS,4h,691.5499877929688,728.9700012207031,765.2426676432292,767.9205020141602,-0.7544668662797238,837.8765073351432,606.3175046422562,14.057401031329618,21.159210776528937,41.80555555555556,1,https://www.tradingview.com/symbols/CAMS/?exchange=NSE,False,False,False,False,False,False,False,True,False
IOC,4h,133.32000732421875,136.1997998046875,139.4842663574219,139.44830001831053,-1.0679050583539795,184.95879041358242,129.06965104614895,3.2930717977614155,38.732958485206325,40.833333333333336,1,https://www.tradingview.com/symbols/IOC/?exchange=NSE,False,False,False,False,True,False,False,False,False
GICRE,4h,329.29998779296875,347.85200256347656,356.38433430989585,363.95425079345705,-2.399032916357946,402.400829796409,333.80156967786814,-1.3485802026765747,22.198859615324018,40.69444444444444,1,https://www.tradingview.com/symbols/GICRE/?exchange=NSE,False,False,False,False,False,False,False,True,False
CEATLTD,4h,3274.699951171875,3391.9119970703123,3526.117999674479,3449.386999511719,-1.1313302906517109,4393.1588210528225,3030.269696896854,8.066287120427917,34.154545044064236,40.416666666666664,1,https://www.tradingview.com/symbols/CEATLTD/?exchange=NSE,False,False,False,False,True,False,False,False,False
VBL,4h,430.0,417.9050006103516,454.8729998779297,471.15849990844725,-2.3573492211787395,555.1842484654879,379.7399002549519,13.23540131318941,29.11261592220651,39.72222222222222,1,https://www.tradingview.com/symbols/VBL/?exchange=NSE,True,False,False,False,False,False,False,False,False
NTPCGREEN,4h,91.6500015258789,89.96060028076172,92.46113367716471,95.39550029754639,-3.4625097368450652,119.94999694824219,84.0,9.107144673665356,30.87833600785299,39.44444444444444,1,https://www.tradingview.com/symbols/NTPCGREEN/?exchange=NSE,True,False,False,False,False,False,False,False,False
SBILIFE,4h,1728.0999755859375,1736.543994140625,1790.3699967447917,1800.8384948730468,-1.325080442000437,2129.040438508761,1652.9000244140625,4.549576505604613,23.201230749793787,38.75,1,https://www.tradingview.com/symbols/SBILIFE/?exchange=NSE,False,False,False,False,False,False,False,True,False
GRAVITA,4h,1476.4000244140625,1677.27,1718.7066658528645,1702.7674981689454,-0.25411437615854293,1913.5999755859375,1266.9000244140625,16.536427181528634,29.612567322016005,38.611111111111114,1,https://www.tradingview.com/symbols/GRAVITA/?exchange=NSE,False,False,False,False,True,False,False,False,False
AMBER,4h,6990.0,7274.83,7437.823333333334,7520.6975,-1.6162158591201625,8974.0,5400.5,29.43245995741135,28.383404864091567,38.19444444444444,1,https://www.tradingview.com/symbols/AMBER/?exchange=NSE,False,False,False,False,False,False,True,False,False
DELHIVERY,4h,407.5,442.78600036621094,465.76233357747395,463.0497505187988,-0.9486940149251777,524.0,374.45001220703125,8.826274994136085,28.588957055214713,38.05555555555556,1,https://www.tradingview.com/symbols/DELHIVERY/?exchange=NSE,False,False,False,False,True,False,False,False,False
VAIBHAVGBL,4h,200.00999450683594,214.06940063476563,234.8768672688802,232.4329503631592,-0.6535250117358893,286.08045169934377,171.95281788079984,16.31678792579354,43.0330781242865,34.86111111111111,1,https://www.tradingview.com/symbols/VAIBHAVGBL/?exchange=NSE,False,False,False,False,True,False,False,False,False
SARDAEN,4h,501.29998779296875,508.6080023193359,509.0153340657552,518.2782510375977,-2.4618453945267293,621.6151182855507,451.3682929916116,11.06229559688745,24.000625059314928,34.72222222222222,1,https://www.tradingview.com/symbols/SARDAEN/?exchange=NSE,False,False,False,False,False,False,False,True,False
REDTAPE,4h,120.0,119.69660018920898,128.04320037841796,129.57030048370362,-0.8790584690748671,156.6134844830799,105.92267660028074,13.290188514441258,30.511237069233243,34.30555555555556,1,https://www.tradingview.com/symbols/REDTAPE/?exchange=NSE,True,False,False,False,False,False,False,False,False
COROMANDEL,4h,1900.199951171875,1937.7080029296876,2003.8000024414061,1963.5495007324218,-0.7765861215521364,2486.7668094210435,1704.8401341065546,11.45912822891757,30.868691365212708,34.02777777777778,1,https://www.tradingview.com/symbols/COROMANDEL/?exchange=NSE,False,False,False,False,True,False,False,False,False
BHARTIHEXA,4h,1426.5,1526.4219995117187,1543.914666341146,1536.8860009765624,-0.14556965237177977,1934.317756973946,1414.4376742506906,0.8528000893146093,35.598861337115025,33.88888888888889,1,https://www.tradingview.com/symbols/BHARTIHEXA/?exchange=NSE,False,False,False,False,True,False,False,False,False
GODREJPROP,4h,1669.800048828125,1852.7359912109375,1950.8793277994791,1896.180496826172,-0.27930723946368863,2340.6858887816,1427.1018020889294,17.00637238240079,40.177615303359616,33.75,1,https://www.tradingview.com/symbols/GODREJPROP/?exchange=NSE,False,False,False,False,True,False,False,False,False
M&M,4h,2995.0,3166.0919970703126,3214.002659505208,3186.357994384766,-0.44455921477080107,3799.9943064302024,2865.903724597869,4.504557298771283,26.877940114530972,33.05555555555556,1,https://www.tradingview.com/symbols/M&M/?exchange=NSE,False,False,False,False,True,False,False,False,False
ARE&M,4h,774.7999877929688,842.8690014648438,873.9683325195313,867.994499206543,-0.5205227032711424,1017.2999877929688,666.0087356197063,16.334808592568173,31.298400080098787,32.5,1,https://www.tradingview.com/symbols/ARE&M/?exchange=NSE,False,False,False,False,True,False,False,False,False
PREMIERENE,4h,906.0,963.5500073242188,1019.2760005696615,1020.9954998779297,-1.2092007359635448,1134.0,666.4089382565205,35.95255825504155,25.16556291390728,32.083333333333336,1,https://www.tradingview.com/symbols/PREMIERENE/?exchange=NSE,False,False,False,False,False,False,True,False,False
JMFINANCIL,4h,125.11000061035156,127.57060012817382,126.38793350219727,127.1032999420166,-1.3923028950145189,177.98981701911703,110.30581750563591,13.421035662021396,42.2666582613622,31.666666666666664,1,https://www.tradingview.com/symbols/JMFINANCIL/?exchange=NSE,False,False,False,True,False,False,False,False,False
BLUESTARCO,4h,1575.4000244140625,1509.0920043945312,1585.1406689453124,1596.100503540039,-3.092820115262074,2022.9788267608074,1432.300048828125,9.990921644038098,28.410485934403383,31.25,1,https://www.tradingview.com/symbols/BLUESTARCO/?exchange=NSE,True,False,False,False,False,False,False,False,False
SAMHI,4h,150.16000366210938,156.98779907226563,166.75386627197267,164.41189964294435,-0.3988603891425413,217.3000030517578,127.0,18.236223355991644,44.71230537575579,31.11111111111111,1,https://www.tradingview.com/symbols/SAMHI/?exchange=NSE,False,False,False,False,True,False,False,False,False
SRF,4h,2491.5,2545.8479931640627,2651.1599934895835,2664.483992919922,0.04962141913857909,3198.0092293385956,2350.533958547856,5.997192294946974,28.356782233136492,30.97222222222222,1,https://www.tradingview.com/symbols/SRF/?exchange=NSE,False,False,False,False,False,True,False,False,False
APTUS,4h,238.44000244140625,249.30040130615234,265.90613444010415,265.3016008758545,-0.37298877177686096,326.69252082124143,191.24135126964168,24.68014938109102,37.012463293159946,30.833333333333336,1,https://www.tradingview.com/symbols/APTUS/?exchange=NSE,False,False,False,False,True,False,False,False,False
RECLTD,4h,303.25,315.0690002441406,342.8173331705729,342.4662498474121,-2.535882121492561,381.3442016302781,299.2584905065143,1.3337999154944047,25.75241603636542,30.416666666666664,1,https://www.tradingview.com/symbols/RECLTD/?exchange=NSE,False,False,False,False,True,False,False,False,False
IOB,4h,31.739999771118164,32.60220016479492,33.62806666056315,33.60610004425049,-1.2092322147614243,41.79999923706055,31.200000762939453,1.7307660095321031,31.695020600146595,30.138888888888886,1,https://www.tradingview.com/symbols/IOB/?exchange=NSE,False,False,False,False,True,False,False,False,False
BANCOINDIA,4h,594.2000122070312,613.9440026855468,641.2206669108073,638.4167504882812,-0.13452693059972098,848.8263047717415,495.5999980879241,19.895079600386634,42.85195007299889,30.0,1,https://www.tradingview.com/symbols/BANCOINDIA/?exchange=NSE,False,False,False,False,True,False,False,False,False
COLPAL,4h,1845.9000244140625,1849.2580029296876,1970.4053352864582,2002.0889984130858,-2.0233576891315996,2279.0925513639345,1761.237851420491,4.806969877764589,23.467821724926786,29.86111111111111,1,https://www.tradingview.com/symbols/COLPAL/?exchange=NSE,False,False,False,False,False,False,False,True,False
JBMA,4h,571.0499877929688,614.4299975585938,652.8616658528646,652.1477496337891,-0.5931431833935852,737.4798969586368,476.3411078671452,19.88257539851852,29.144542986314946,29.583333333333332,1,https://www.tradingview.com/symbols/JBMA/?exchange=NSE,False,False,False,False,True,False,False,False,False
BLUEDART,4h,4749.60009765625,4909.586025390625,4962.914677734375,4953.4425048828125,-1.7639655507806218,7036.0,4628.5,2.6164005110997035,48.138787589127816,29.305555555555557,1,https://www.tradingview.com/symbols/BLUEDART/?exchange=NSE,False,False,False,False,True,False,False,False,False
SURYAROSNI,4h,219.8800048828125,216.69300079345703,236.601267191569,239.0325001525879,-1.927740031804348,308.07465261661673,185.2067002350832,18.721409432660053,40.110353727165204,28.888888888888886,1,https://www.tradingview.com/symbols/SURYAROSNI/?exchange=NSE,True,False,False,False,False,False,False,False,False
AADHARHFC,4h,435.70001220703125,464.4770001220703,492.4203328450521,487.89300018310547,-1.0052302668346225,563.0,430.1499938964844,1.2902518631402016,29.217347768280465,27.77777777777778,1,https://www.tradingview.com/symbols/AADHARHFC/?exchange=NSE,False,False,False,False,True,False,False,False,False
JSWCEMENT,4h,112.33999633789062,120.67639999389648,129.04906631469726,128.4669498062134,-0.9252567338363327,146.6558911160378,106.25579106571017,5.725998753722417,30.54646243260819,27.361111111111114,1,https://www.tradingview.com/symbols/JSWCEMENT/?exchange=NSE,False,False,False,False,True,False,False,False,False
RITES,4h,196.11000061035156,210.39560028076173,215.87546702067058,213.9830004119873,-0.9282005529237747,260.4933318765453,171.6534052563282,14.247661045525195,32.83021317924331,26.944444444444443,1,https://www.tradingview.com/symbols/RITES/?exchange=NSE,False,False,False,False,True,False,False,False,False
BAJAJHFL,4h,82.5199966430664,83.58319976806641,85.53066650390625,85.22114986419678,-1.0415921564914443,113.44999694824219,72.6500015258789,13.58567778373918,37.48182448305349,26.38888888888889,1,https://www.tradingview.com/symbols/BAJAJHFL/?exchange=NSE,False,False,False,False,True,False,False,False,False
ESCORTS,4h,2740.699951171875,2925.527998046875,2962.146663411458,2946.181994628906,-2.1527718579695487,3923.3920175282797,2669.79033448854,2.6559994531150988,43.152920327915,25.972222222222225,1,https://www.tradingview.com/symbols/ESCORTS/?exchange=NSE,False,False,False,False,True,False,False,False,False
UCOBANK,4h,23.360000610351562,24.45680004119873,25.818999977111815,25.717799997329713,-1.6476948634088329,33.63829638359693,21.855055871357475,6.886025585349431,43.99955267420124,25.555555555555554,1,https://www.tradingview.com/symbols/UCOBANK/?exchange=NSE,False,False,False,False,True,False,False,False,False
TRIDENT,4h,22.93000030517578,23.694799995422365,24.765133272806803,24.74694996833801,-1.6596727303503034,30.31139406763905,21.533432302754022,6.4855801099722665,32.19098850512066,25.27777777777778,1,https://www.tradingview.com/symbols/TRIDENT/?exchange=NSE,False,False,False,False,True,False,False,False,False
AAVAS,4h,1286.0,1286.3060009765625,1388.2546663411458,1379.1530010986328,-0.9453677129053761,1771.9000244140625,1060.4000244140625,21.2749877774282,37.78382771493487,25.0,1,https://www.tradingview.com/symbols/AAVAS/?exchange=NSE,False,False,False,False,True,False,False,False,False
RAMCOCEM,4h,848.6500244140625,877.8960034179687,904.9666678873698,902.8695013427734,-1.7982597394180844,1211.1945755050306,836.0183952677719,1.510927177893584,42.720148549018354,24.86111111111111,1,https://www.tradingview.com/symbols/RAMCOCEM/?exchange=NSE,False,False,False,False,True,False,False,False,False
MRF,4h,123310.0,128597.8,130872.26666666666,129738.175,-0.9797978468107482,163308.4863287346,121787.43505408362,1.2501822911700433,32.43734192582484,24.72222222222222,1,https://www.tradingview.com/symbols/MRF/?exchange=NSE,False,False,False,False,True,False,False,False,False
APOLLOTYRE,4h,390.70001220703125,421.30199951171875,429.29466634114584,419.6897496032715,-0.6860098015357474,533.7088183031568,363.2227809620478,7.564842483779799,36.60322539748104,24.583333333333332,1,https://www.tradingview.com/symbols/APOLLOTYRE/?exchange=NSE,False,False,False,False,True,False,False,False,False
CHAMBLFERT,4h,418.45001220703125,418.4170001220703,443.74700052897134,447.2535009765625,-1.175663464979304,523.4329909937741,394.4382907843191,6.087573641739019,25.088535242962706,24.444444444444443,1,https://www.tradingview.com/symbols/CHAMBLFERT/?exchange=NSE,True,False,False,False,False,False,False,False,False
JAIBALAJI,4h,63.5099983215332,67.01940002441407,66.19066683451335,68.31235013961792,-2.0031215876033848,102.0,53.650001525878906,18.378371882987143,60.60463343677445,23.75,1,https://www.tradingview.com/symbols/JAIBALAJI/?exchange=NSE,False,False,False,True,False,False,False,False,False
EIHOTEL,4h,295.1000061035156,295.37400024414063,312.6723329671224,312.04,-1.5518580887891487,412.08004369538395,269.9251049923642,9.32662455085962,39.64081164770763,23.61111111111111,1,https://www.tradingview.com/symbols/EIHOTEL/?exchange=NSE,False,False,False,False,True,False,False,False,False
MASTEK,4h,1549.9000244140625,1661.8759985351562,1696.8833317057292,1681.242498779297,-0.6379295515686834,2339.80156593166,1322.9728365112476,17.152822918211562,50.96467701626231,23.47222222222222,1,https://www.tradingview.com/symbols/MASTEK/?exchange=NSE,False,False,False,False,True,False,False,False,False
JKTYRE,4h,337.79998779296875,361.4029998779297,385.88200012207034,384.9287498474121,-2.6034981872040452,605.8045982960336,338.54998779296875,-0.22153301640602807,79.33825346000896,23.333333333333332,1,https://www.tradingview.com/symbols/JKTYRE/?exchange=NSE,False,False,False,False,True,False,False,False,False
JKCEMENT,4h,4993.5,5043.82,5305.086666666667,5289.83,-1.724657639225946,6739.416026951673,4654.177313328525,7.2907124896107955,34.96377344451134,22.916666666666664,1,https://www.tradingview.com/symbols/JKCEMENT/?exchange=NSE,False,False,False,False,True,False,False,False,False
ELECTCAST,4h,72.3499984741211,77.52539962768554,75.85353307088216,76.7659997177124,-1.5550421532668501,97.77694428392327,59.40690087106614,21.787195449138185,35.14436260685913,22.5,1,https://www.tradingview.com/symbols/ELECTCAST/?exchange=NSE,False,False,False,True,False,False,False,False,False
BORORENEW,4h,452.25,490.32999938964844,555.3433335367838,547.1512498474121,-0.8053034580969953,721.0,374.3999938964844,20.793271199956244,59.42509673852958,22.36111111111111,1,https://www.tradingview.com/symbols/BORORENEW/?exchange=NSE,False,False,False,False,True,False,False,False,False
ITCHOTELS,4h,158.6999969482422,159.53699951171876,166.61079945882162,163.68889945983886,-0.34998575740731175,236.08211722633442,136.40565982941717,16.344143744992202,48.760001112872956,21.944444444444443,1,https://www.tradingview.com/symbols/ITCHOTELS/?exchange=NSE,False,False,False,False,True,False,False,False,False
ICICIGI,4h,1540.0,1522.682001953125,1646.354667154948,1683.9315014648437,-2.983354398034388,2057.089271774458,1423.0999755859375,8.21446324359123,33.57722543989989,21.805555555555557,1,https://www.tradingview.com/symbols/ICICIGI/?exchange=NSE,True,False,False,False,False,False,False,False,False
HDFCBANK,4h,719.0499877929688,717.6519982910156,752.6293322753907,754.6322488403321,-1.5628160544505998,1003.8961237048558,681.9000244140625,5.44800733961377,39.614232772075496,21.52777777777778,1,https://www.tradingview.com/symbols/HDFCBANK/?exchange=NSE,True,False,False,False,False,False,False,False,False
ARVINDFASN,4h,413.75,437.65199890136716,453.8426652018229,453.41249923706056,-1.0235182082032224,567.0187417779242,364.92489307412075,13.379494754270516,37.043804659317026,21.38888888888889,1,https://www.tradingview.com/symbols/ARVINDFASN/?exchange=NSE,False,False,False,False,True,False,False,False,False
IREDA,4h,114.81999969482422,113.14680007934571,119.25600006103515,121.18629997253419,-2.892013528653725,156.81816409540926,107.36165539357144,6.946934893944801,36.57739462829681,20.694444444444443,1,https://www.tradingview.com/symbols/IREDA/?exchange=NSE,True,False,False,False,False,False,False,False,False
DOMS,4h,2046.5,2160.78599609375,2234.499332682292,2229.8565002441405,-1.6310011240333044,2750.437480198048,2020.548311951282,1.2843883957249336,34.39714049343014,20.27777777777778,1,https://www.tradingview.com/symbols/DOMS/?exchange=NSE,False,False,False,False,True,False,False,False,False
SIGNATURE,4h,780.3499755859375,775.6449987792969,789.3926652018229,800.6012490844727,-1.4286423066196763,1153.9000244140625,705.2000122070312,10.656545955481889,47.86955347152273,20.13888888888889,1,https://www.tradingview.com/symbols/SIGNATURE/?exchange=NSE,True,False,False,False,False,False,False,False,False
RENUKA,4h,22.90999984741211,23.96380001068115,23.12666670481364,23.265550031661988,-3.175792090366625,31.770000457763672,21.049999237060547,8.836107732853748,38.67307145072889,20.0,1,https://www.tradingview.com/symbols/RENUKA/?exchange=NSE,False,False,False,True,False,False,False,False,False
SHREECEM,4h,22170.0,23106.3,24982.666666666668,24922.125,-1.5377488755044633,30121.125232344428,21665.0,2.3309485345026637,35.86434475572589,19.86111111111111,1,https://www.tradingview.com/symbols/SHREECEM/?exchange=NSE,False,False,False,False,True,False,False,False,False
DALBHARAT,4h,1656.0999755859375,1763.21599609375,1781.0606616210937,1772.7934954833984,-2.165279947258336,2350.981581336085,1600.3099946947705,3.4861983663238894,41.95891649018921,19.305555555555557,1,https://www.tradingview.com/symbols/DALBHARAT/?exchange=NSE,False,False,False,False,True,False,False,False,False
ERIS,4h,1236.300048828125,1304.3100024414061,1374.067998046875,1373.0389965820314,-0.9176580316485605,1730.7126256991257,1193.5948944523013,3.5778600071358024,39.9913093378625,19.166666666666668,1,https://www.tradingview.com/symbols/ERIS/?exchange=NSE,False,False,False,False,True,False,False,False,False
JIOFIN,4h,220.5,233.28979949951173,240.42093271891275,239.50929962158204,-1.0346130807693865,316.1097009027144,222.77828210111295,-1.0226679547151285,43.360408572659594,18.88888888888889,1,https://www.tradingview.com/symbols/JIOFIN/?exchange=NSE,False,False,False,False,True,False,False,False,False
KSCL,4h,769.7999877929688,743.5069946289062,808.0359973144531,833.8754977416992,-4.082756668114518,1147.079955356899,685.0,12.379560261747269,49.01012906555107,17.77777777777778,1,https://www.tradingview.com/symbols/KSCL/?exchange=NSE,True,False,False,False,False,False,False,False,False
DABUR,4h,385.75,384.23400024414065,411.10899963378904,420.0067498779297,-2.4829304206020586,527.1610207391882,368.04998779296875,4.809132670583782,36.65872216181158,17.63888888888889,1,https://www.tradingview.com/symbols/DABUR/?exchange=NSE,True,False,False,False,False,False,False,False,False
ABREL,4h,1191.5,1312.2000073242189,1359.6933341471354,1340.2479998779297,-2.1049385996044445,1910.6691914062499,1078.220335805519,10.506170254139358,60.3583039367394,16.11111111111111,1,https://www.tradingview.com/symbols/ABREL/?exchange=NSE,False,False,False,False,True,False,False,False,False
HAVELLS,4h,1085.0,1152.9899951171874,1198.7006656901042,1196.958999633789,-2.216182434941394,1546.3390691620775,1081.0999755859375,0.3607459533933266,42.51972987668917,15.694444444444445,1,https://www.tradingview.com/symbols/HAVELLS/?exchange=NSE,False,False,False,False,True,False,False,False,False
EMAMILTD,4h,388.75,379.08000122070314,397.59833374023435,401.2417498779297,-2.9236020481291036,570.5579909394708,361.1499938964844,7.642255730295422,46.767328859027856,15.416666666666668,1,https://www.tradingview.com/symbols/EMAMILTD/?exchange=NSE,True,False,False,False,False,False,False,False,False
MARUTI,4h,12008.0,12681.46,13441.426666666666,13372.5,-1.1890929310207854,17197.28603290768,11975.0,0.27557411273486654,43.21524011415456,15.0,1,https://www.tradingview.com/symbols/MARUTI/?exchange=NSE,False,False,False,False,True,False,False,False,False
SUBROS,4h,699.9000244140625,713.3949987792969,767.3103332519531,759.558249206543,-1.4323013527487327,1208.590392245295,619.4809592285877,12.981684745503252,72.68043293141682,14.444444444444443,1,https://www.tradingview.com/symbols/SUBROS/?exchange=NSE,False,False,False,False,True,False,False,False,False
SWSOLAR,4h,170.4499969482422,184.30759979248046,208.04000040690104,205.74410026550294,-2.1230743706896704,260.95001220703125,148.0,15.16891685692039,53.09475909598858,14.166666666666666,1,https://www.tradingview.com/symbols/SWSOLAR/?exchange=NSE,False,False,False,False,True,False,False,False,False
TRANSRAILL,4h,449.0,438.5010021972656,475.2050006103516,483.4147505187988,-4.884225072141801,758.5896367271307,400.6499938964844,12.067891386517227,68.95092132007366,13.194444444444445,1,https://www.tradingview.com/symbols/TRANSRAILL/?exchange=NSE,True,False,False,False,False,False,False,False,False
ZEEL,4h,76.58999633789062,87.18379989624023,98.96319971720378,97.54004962921142,-1.107446022835168,115.58836251075492,66.41325236662951,15.32336334784683,50.91835492564323,12.916666666666668,1,https://www.tradingview.com/symbols/ZEEL/?exchange=NSE,False,False,False,False,True,False,False,False,False
ANUP,4h,1632.0,1725.4360083007812,1980.636005045573,1974.0975030517577,-3.091184416517645,2509.6125116404646,1413.1287937902684,15.488411754931342,53.77527644855788,11.25,1,https://www.tradingview.com/symbols/ANUP/?exchange=NSE,False,False,False,False,True,False,False,False,False
SUNTECK,4h,276.75,293.75999938964844,304.6940006510417,303.0260009765625,-2.80985323821501,469.97910852813845,269.305490773348,2.7643362210232114,69.82081608966159,10.13888888888889,1,https://www.tradingview.com/symbols/SUNTECK/?exchange=NSE,False,False,False,False,True,False,False,False,False
BATAINDIA,4h,624.7000122070312,657.5409985351563,688.7369995117188,688.0252487182618,-2.195926406770754,1181.5155114281206,577.3964738257137,8.192557545059763,89.13326210029841,8.88888888888889,1,https://www.tradingview.com/symbols/BATAINDIA/?exchange=NSE,False,False,False,False,True,False,False,False,False
MAPMYINDIA,4h,866.0999755859375,941.5399926757813,989.2079972330729,967.9159982299805,-0.300694830035253,1992.1530909053106,792.673490779813,9.263143735750411,130.01421857304302,7.916666666666666,1,https://www.tradingview.com/symbols/MAPMYINDIA/?exchange=NSE,False,False,False,False,True,False,False,False,False
CRIZAC,4h,177.2100067138672,174.24300018310547,187.54180063883464,193.93910079956055,-3.6746498516433856,322.394908081455,159.9499969482422,10.790878458853692,81.92816199257369,7.777777777777778,1,https://www.tradingview.com/symbols/CRIZAC/?exchange=NSE,True,False,False,False,False,False,False,False,False
GODIGIT,4h,262.3500061035156,254.00799987792968,274.5466665649414,282.6352498626709,-3.6178033546472532,381.3999938964844,231.64999389648438,13.25275761533149,45.37830570737442,7.5,1,https://www.tradingview.com/symbols/GODIGIT/?exchange=NSE,True,False,False,False,False,False,False,False,False
WEBELSOLAR,4h,71.80000305175781,75.24320053100585,90.38359990437826,94.77039985656738,-4.818750014996887,137.44541921249123,50.23386215331976,42.9314808258533,91.42815232669588,7.361111111111112,1,https://www.tradingview.com/symbols/WEBELSOLAR/?exchange=NSE,False,False,False,False,False,False,True,False,False
ROUTE,4h,453.8999938964844,491.13700134277343,523.9093316650391,523.1759976196289,-1.1085630431385218,828.2152668923007,406.117116732523,11.765787551237871,82.46646354465076,6.805555555555555,1,https://www.tradingview.com/symbols/ROUTE/?exchange=NSE,False,False,False,False,True,False,False,False,False
TRENT,4h,2626.0,2813.846005859375,2952.8993359375,2910.0708349609376,-0.06193579216913214,4921.227998412378,2180.44477277369,20.43414411544715,87.4039603355818,6.388888888888888,1,https://www.tradingview.com/symbols/TRENT/?exchange=NSE,False,False,False,False,True,False,False,False,False
HAPPSTMNDS,4h,307.1499938964844,355.22300048828123,369.62366638183596,369.15249923706057,-2.118303065671401,546.5889842244101,308.20001220703125,-0.3406937926535569,77.95506921241267,4.444444444444445,1,https://www.tradingview.com/symbols/HAPPSTMNDS/?exchange=NSE,False,False,False,False,True,False,False,False,False
IXIGO,4h,155.0800018310547,162.72640045166017,182.94233327229819,177.83859985351563,-0.9220384045782959,339.1499938964844,151.27000427246094,2.518673531423543,118.69357099051166,2.5,1,https://www.tradingview.com/symbols/IXIGO/?exchange=NSE,False,False,False,False,True,False,False,False,False
FIRSTCRY,4h,184.72000122070312,178.40500061035155,201.9131995646159,208.05324951171875,-5.324971862844741,389.6499938964844,163.3699951171875,13.06849895429143,110.94087880117067,1.5277777777777777,1,https://www.tradingview.com/symbols/FIRSTCRY/?exchange=NSE,True,False,False,False,False,False,False,False,False
INDIAGLYCO,4h,296.0,526.1340036010743,893.6886677042643,924.6872512054443,-11.200514171825848,1219.0,217.0,36.40552995391706,311.8243243243243,0.1388888888888889,1,https://www.tradingview.com/symbols/INDIAGLYCO/?exchange=NSE,False,False,False,False,False,False,True,False,False
KEI,4h,4516.0,4929.957998046875,5185.116666666667,5186.971999511718,-0.5943673730215093,5899.0,3724.290243524651,21.258003665312586,30.624446412754658,58.88888888888889,0,https://www.tradingview.com/symbols/KEI/?exchange=NSE,False,False,False,False,False,False,False,False,False
PTC,4h,154.8800048828125,155.2911993408203,168.82153340657553,175.88640022277832,-3.4761692800003074,203.5447632528218,130.34474084135397,18.823363246639204,31.420943204922235,55.833333333333336,0,https://www.tradingview.com/symbols/PTC/?exchange=NSE,False,False,False,False,False,False,False,False,False
NMDC,4h,77.43000030517578,83.36700012207031,84.55653330485026,86.02954998016358,-1.2982281666445439,97.48999786376953,70.10877049673599,10.442673229850241,25.90726782840118,54.30555555555555,0,https://www.tradingview.com/symbols/NMDC/?exchange=NSE,False,False,False,False,False,False,False,False,False
INDUSTOWER,4h,360.0,378.1910009765625,388.27033365885416,397.42299987792967,-1.3998966179473382,464.0362575162202,325.5481676644739,10.58271425168451,28.898960421172283,49.861111111111114,0,https://www.tradingview.com/symbols/INDUSTOWER/?exchange=NSE,False,False,False,False,False,False,False,False,False
CANBK,4h,120.6500015258789,125.27100036621094,127.41560012817382,128.37529998779297,-1.9523935002040194,157.68821233301085,113.74771660909084,6.068064592899636,30.6988896300904,48.75,0,https://www.tradingview.com/symbols/CANBK/?exchange=NSE,False,False,False,False,False,False,False,False,False
THERMAX,4h,3386.0,3680.2380029296874,4219.756663411458,4319.003994140625,-1.8954000761781664,5256.332008959298,2731.5439342301706,23.95919968807949,55.23721231421435,47.22222222222222,0,https://www.tradingview.com/symbols/THERMAX/?exchange=NSE,False,False,False,False,False,False,False,False,False
IMFA,4h,1207.800048828125,1291.4720043945313,1363.322665201823,1387.9019995117187,-2.841900013550369,1670.7880501060147,1057.2993063797437,14.234450125925546,38.33316629909946,46.666666666666664,0,https://www.tradingview.com/symbols/IMFA/?exchange=NSE,False,False,False,False,False,False,False,False,False
SANDUMA,4h,181.50999450683594,193.78039916992188,201.39433298746744,207.61019996643066,-1.8185146294207644,272.33215508462166,159.60859183691528,13.721944675947672,50.03700254884049,46.38888888888889,0,https://www.tradingview.com/symbols/SANDUMA/?exchange=NSE,False,False,False,False,False,False,False,False,False
ONGC,4h,230.0,234.64840057373047,239.66966715494792,249.60975013732912,-3.419123526793144,306.19702215663295,222.40769220653587,3.413689390928809,33.12914006810128,46.25,0,https://www.tradingview.com/symbols/ONGC/?exchange=NSE,False,False,False,False,False,False,False,False,False
TORNTPOWER,4h,1237.5,1262.1780029296874,1346.8286678059897,1383.3250006103515,-4.316305960562672,1817.8039543841724,1171.7578125,5.610561056105601,46.89324883912504,43.75,0,https://www.tradingview.com/symbols/TORNTPOWER/?exchange=NSE,False,False,False,False,False,False,False,False,False
TATAPOWER,4h,361.8999938964844,364.0520001220703,376.5396667480469,385.83025024414064,-2.8683438042507947,462.0369390979878,340.3907303086808,6.318992167706217,27.669783611586894,43.611111111111114,0,https://www.tradingview.com/symbols/TATAPOWER/?exchange=NSE,False,False,False,False,False,False,False,False,False
STYRENIX,4h,2050.0,2069.5399975585938,2224.903337402344,2230.186499633789,-1.1818855211438328,2625.9669159348305,1761.8624901691985,16.354142927643032,28.095947118772212,43.05555555555556,0,https://www.tradingview.com/symbols/STYRENIX/?exchange=NSE,False,False,False,False,False,False,False,False,False
ADVENZYMES,4h,283.75,295.45900085449216,315.86033243815103,330.35174911499024,-1.2584363436978885,417.20001286678644,250.86763242464252,13.107457210620787,47.030841538955585,42.083333333333336,0,https://www.tradingview.com/symbols/ADVENZYMES/?exchange=NSE,False,False,False,False,False,False,False,False,False
NTPC,4h,321.1000061035156,330.2220001220703,342.5213326009115,352.4197494506836,-3.128227619121271,409.97128898871665,309.838511773213,3.634633495317563,27.677135221402295,41.66666666666667,0,https://www.tradingview.com/symbols/NTPC/?exchange=NSE,False,False,False,False,False,False,False,False,False
SAMMAANCAP,4h,138.82000732421875,147.22900024414062,159.36300048828124,159.88705055236815,-0.20369703411518003,192.9499969482422,129.0,7.612408778464141,38.99293096678855,41.388888888888886,0,https://www.tradingview.com/symbols/SAMMAANCAP/?exchange=NSE,False,False,False,False,False,False,False,False,False
FIEMIND,4h,1926.0,2014.033994140625,2217.864002278646,2225.4405029296877,-1.8500146650597626,2674.800048828125,1836.7512219513533,4.8590564134118,38.87850720810617,40.55555555555556,0,https://www.tradingview.com/symbols/FIEMIND/?exchange=NSE,False,False,False,False,False,False,False,False,False
NLCINDIA,4h,258.04998779296875,268.16399841308595,289.8823331705729,302.19349975585936,-2.0361489730027604,387.4363949219129,226.55743882214648,13.900470068230586,50.140055512325674,37.77777777777778,0,https://www.tradingview.com/symbols/NLCINDIA/?exchange=NSE,False,False,False,False,False,False,False,False,False
LINDEINDIA,4h,6191.0,6324.98,6765.553333333333,6883.4175,-2.4221802776610235,8035.3727195912315,5663.395514756716,9.316045186470578,29.791192369427087,37.5,0,https://www.tradingview.com/symbols/LINDEINDIA/?exchange=NSE,False,False,False,False,False,False,False,False,False
NATCOPHARM,4h,828.0,835.4269982910156,892.7026656087239,937.6380010986328,-4.574046946443067,1224.7250830949197,784.9091438882253,5.489916437756648,47.913657378613486,37.22222222222222,0,https://www.tradingview.com/symbols/NATCOPHARM/?exchange=NSE,False,False,False,False,False,False,False,False,False
FORCEMOT,4h,17100.0,17508.44,17976.68,18285.06,-3.1383392928088893,26374.965142944882,14868.699517207699,15.006695644161706,54.23956223944375,36.666666666666664,0,https://www.tradingview.com/symbols/FORCEMOT/?exchange=NSE,False,False,False,False,False,False,False,False,False
FORTIS,4h,830.75,898.4469946289063,932.2363313802083,939.629748840332,-0.4720438582457853,1103.1298326042547,765.9873728160577,8.45479044202133,32.78722029542638,36.388888888888886,0,https://www.tradingview.com/symbols/FORTIS/?exchange=NSE,False,False,False,False,False,False,False,False,False
JPPOWER,4h,15.520000457763672,16.27540002822876,17.162866649627684,17.604800009727477,-2.874355832744002,24.5,13.149999618530273,18.022820593041857,57.86082008615021,35.833333333333336,0,https://www.tradingview.com/symbols/JPPOWER/?exchange=NSE,False,False,False,False,False,False,False,False,False
CANFINHOME,4h,737.5999755859375,785.8030017089844,832.3413342285156,833.9360009765625,-2.0157056277329777,962.6932158005569,726.0613673587077,1.5892056437605717,30.516980431813188,35.69444444444444,0,https://www.tradingview.com/symbols/CANFINHOME/?exchange=NSE,False,False,False,False,False,False,False,False,False
MFSL,4h,1444.0,1523.297998046875,1555.2273315429688,1575.4429992675782,-1.3449632443661708,1892.5,1360.0999755859375,6.1686659745669115,31.059556786703602,35.41666666666667,0,https://www.tradingview.com/symbols/MFSL/?exchange=NSE,False,False,False,False,False,False,False,False,False
GSFC,4h,153.0399932861328,156.98160064697265,159.78980010986328,161.888150100708,-1.687616858667229,197.44634550082338,134.50184366279788,13.782821943921375,29.016174962622856,35.27777777777778,0,https://www.tradingview.com/symbols/GSFC/?exchange=NSE,False,False,False,False,False,False,False,False,False
PRAJIND,4h,311.95001220703125,330.4029986572266,335.4569991048177,344.55074966430664,-2.8162221184173886,422.8048706122484,269.90699581373747,15.576853155117032,35.53609683196497,35.138888888888886,0,https://www.tradingview.com/symbols/PRAJIND/?exchange=NSE,False,False,False,False,False,False,False,False,False
TATAINVEST,4h,644.4500122070312,654.4140014648438,664.3750012207031,666.8052514648438,-1.317324945351095,1178.621408861613,536.0852264589291,20.21409663980065,82.88794887678235,34.583333333333336,0,https://www.tradingview.com/symbols/TATAINVEST/?exchange=NSE,False,False,False,False,False,False,False,False,False
BANKBARODA,4h,227.5,236.9854000854492,249.12979939778646,253.37359970092774,-2.472694222540517,315.30188105660324,231.9199981689453,-1.9058288219394925,38.594233431473945,33.611111111111114,0,https://www.tradingview.com/symbols/BANKBARODA/?exchange=NSE,False,False,False,False,False,False,False,False,False
CIEINDIA,4h,383.6000061035156,387.2129998779297,423.70766682942707,431.8094998168945,-3.4932636722616928,518.5450350593709,366.8999938964844,4.551652353459268,35.1785784172902,33.33333333333333,0,https://www.tradingview.com/symbols/CIEINDIA/?exchange=NSE,False,False,False,False,False,False,False,False,False
BERGEPAINT,4h,452.8500061035156,474.84000122070313,505.05,505.67825057983396,-0.23192088933623456,590.094751424942,388.1693207725482,16.663008091993902,30.306888256959418,33.19444444444444,0,https://www.tradingview.com/symbols/BERGEPAINT/?exchange=NSE,False,False,False,False,False,False,False,False,False
HINDPETRO,4h,342.45001220703125,357.63099975585936,380.52766560872396,381.19674896240235,-0.9410935677172549,483.5386775606495,300.70788795552824,13.881286764807532,41.199784004773754,32.916666666666664,0,https://www.tradingview.com/symbols/HINDPETRO/?exchange=NSE,False,False,False,False,False,False,False,False,False
GMDCLTD,4h,521.4000244140625,560.1330041503907,577.8296687825521,597.4747528076172,-3.69081250461607,758.8901386847265,458.53909242984975,13.708958084927003,45.54854299010629,32.361111111111114,0,https://www.tradingview.com/symbols/GMDCLTD/?exchange=NSE,False,False,False,False,False,False,False,False,False
AVANTIFEED,4h,741.5,798.0710046386719,894.107001953125,982.0332516479492,-9.678408041108089,1575.9303166617983,624.5679941941372,18.722061791965004,112.53274668399169,32.22222222222222,0,https://www.tradingview.com/symbols/AVANTIFEED/?exchange=NSE,False,False,False,False,False,False,False,False,False
CSBBANK,4h,323.75,328.04099914550784,337.9246659342448,343.1977494812012,-3.3313851767592717,574.4000244140625,295.0,9.745762711864403,77.4208569618726,31.805555555555554,0,https://www.tradingview.com/symbols/CSBBANK/?exchange=NSE,False,False,False,False,False,False,False,False,False
NAVA,4h,546.0,557.4850012207031,577.3063358561197,590.6267514038086,-3.073971608966264,732.5560380476754,497.0066711243156,9.85768033351604,34.16777253620429,30.555555555555557,0,https://www.tradingview.com/symbols/NAVA/?exchange=NSE,False,False,False,False,False,False,False,False,False
HDFCAMC,4h,2302.300048828125,2475.462001953125,2570.249332682292,2587.660002441406,-1.9945665448315109,2903.739155124938,2158.391558795009,6.667394961156048,26.123402403737362,30.277777777777775,0,https://www.tradingview.com/symbols/HDFCAMC/?exchange=NSE,False,False,False,False,False,False,False,False,False
CENTRALBK,4h,30.59000015258789,30.86659980773926,31.52266653696696,31.77104989051819,-2.5853730431581345,40.260706628503506,29.31999969482422,4.33151593104506,31.61394713199268,29.72222222222222,0,https://www.tradingview.com/symbols/CENTRALBK/?exchange=NSE,False,False,False,False,False,False,False,False,False
GRSE,4h,2245.300048828125,2465.7719970703124,2590.5773291015626,2619.5769970703127,-2.376400520568278,3329.438873827357,1958.0769611497133,14.668631181369118,48.284808329517894,29.444444444444446,0,https://www.tradingview.com/symbols/GRSE/?exchange=NSE,False,False,False,False,False,False,False,False,False
MUTHOOTFIN,4h,2760.0,2912.327998046875,2979.4093294270833,3052.2444982910156,-3.6413669013531047,4114.708242760882,2671.0,3.3320853612879064,49.083631984089934,29.166666666666668,0,https://www.tradingview.com/symbols/MUTHOOTFIN/?exchange=NSE,False,False,False,False,False,False,False,False,False
GALLANTT,4h,536.5499877929688,557.9149987792969,612.330332438151,636.5399993896484,-6.973107570482506,944.5255741327327,494.4312144905384,8.51863152406942,76.03682706580992,28.61111111111111,0,https://www.tradingview.com/symbols/GALLANTT/?exchange=NSE,False,False,False,False,False,False,False,False,False
CESC,4h,136.17999267578125,145.82900024414062,159.01493275960286,164.13369949340822,-3.4794085518758733,197.1955548334318,133.1865507427978,2.247555715114369,44.80508550394553,28.333333333333332,0,https://www.tradingview.com/symbols/CESC/?exchange=NSE,False,False,False,False,False,False,False,False,False
CENTURYPLY,4h,679.0499877929688,729.8159997558594,756.942333577474,759.1022497558594,-1.1965451930506577,857.8455599050699,617.6687891415212,9.937558725730566,26.330251870443,27.916666666666668,0,https://www.tradingview.com/symbols/CENTURYPLY/?exchange=NSE,False,False,False,False,False,False,False,False,False
MMTC,4h,56.709999084472656,61.6765998840332,64.51233350118001,64.64660015106202,-1.0260759911395745,78.3499984741211,50.099998474121094,13.19361439455118,38.15905438018869,27.63888888888889,0,https://www.tradingview.com/symbols/MMTC/?exchange=NSE,False,False,False,False,False,False,False,False,False
TATACONSUM,4h,960.0,1012.0859948730468,1067.062667236328,1095.515500793457,-2.0987478368654555,1271.9371979227803,979.2000122070312,-1.9607855359147774,32.493458116956276,27.500000000000004,0,https://www.tradingview.com/symbols/TATACONSUM/?exchange=NSE,False,False,False,False,False,False,False,False,False
RELIANCE,4h,1197.5999755859375,1271.6039990234376,1294.9233349609376,1305.6570013427734,-1.5129949092057893,1604.3820104615531,1210.5,-1.0656773576259826,33.96643647029081,27.083333333333332,0,https://www.tradingview.com/symbols/RELIANCE/?exchange=NSE,False,False,False,False,False,False,False,False,False
PFC,4h,330.0,349.2139990234375,390.22533223470055,401.31849884033204,-4.463216677726322,476.82888450136187,317.6634042148347,3.8835432792951208,44.49360136404905,26.805555555555554,0,https://www.tradingview.com/symbols/PFC/?exchange=NSE,False,False,False,False,False,False,False,False,False
GPIL,4h,225.4600067138672,239.93859985351563,248.11313283284505,257.8975998687744,-3.7666437236721917,318.68479368531104,220.30083502168418,2.341875686342809,41.34870229546124,26.666666666666668,0,https://www.tradingview.com/symbols/GPIL/?exchange=NSE,False,False,False,False,False,False,False,False,False
SHARDACROP,4h,729.9500122070312,766.4159997558594,831.2163330078125,864.2447485351563,-6.191201256285472,1282.80960014975,734.0,-0.5517694540829399,75.73937649115547,26.25,0,https://www.tradingview.com/symbols/SHARDACROP/?exchange=NSE,False,False,False,False,False,False,False,False,False
BRITANNIA,4h,4915.0,5086.46,5286.75,5288.14,-2.165466045349951,6168.271363350723,4883.0,0.6553348351423294,25.498908715172398,25.833333333333336,0,https://www.tradingview.com/symbols/BRITANNIA/?exchange=NSE,False,False,False,False,False,False,False,False,False
IEX,4h,111.3499984741211,116.78879989624023,121.95639979044596,122.910299949646,-1.7905151124523178,155.89996069995715,110.3499984741211,0.9062075340531273,40.00894731596241,25.694444444444443,0,https://www.tradingview.com/symbols/IEX/?exchange=NSE,False,False,False,False,False,False,False,False,False
DBL,4h,406.8999938964844,407.05099914550783,422.17200032552086,427.1149998474121,-1.969492573262932,583.54966187393,380.60403377874786,6.909007205378925,43.413534191987566,25.416666666666664,0,https://www.tradingview.com/symbols/DBL/?exchange=NSE,False,False,False,False,False,False,False,False,False
FINPIPE,4h,151.61000061035156,156.2536004638672,163.88379943847656,166.26044944763183,-1.878271169266077,212.4641062411108,144.957002251532,4.589635723340324,40.13858280177614,24.305555555555554,0,https://www.tradingview.com/symbols/FINPIPE/?exchange=NSE,False,False,False,False,False,False,False,False,False
BBTC,4h,1415.699951171875,1467.443994140625,1494.978662109375,1500.5379956054687,-0.6677369942525324,2114.6666501437494,1314.5999755859375,7.690550544919628,49.37251699368148,24.166666666666668,0,https://www.tradingview.com/symbols/BBTC/?exchange=NSE,False,False,False,False,False,False,False,False,False
FACT,4h,767.5,798.3729956054688,834.2716646321614,845.9187475585937,-2.2415529712117355,1058.5999755859375,652.0999755859375,17.69667669598838,37.92833558122963,24.02777777777778,0,https://www.tradingview.com/symbols/FACT/?exchange=NSE,False,False,False,False,False,False,False,False,False
TECHNOE,4h,981.8499755859375,988.8849963378906,1019.7666687011719,1052.3750009155274,-3.891421432854869,1386.2051272525991,863.7720549794727,13.670032495930995,41.18298739329855,23.88888888888889,0,https://www.tradingview.com/symbols/TECHNOE/?exchange=NSE,False,False,False,False,False,False,False,False,False
LTTS,4h,3240.199951171875,3409.036005859375,3410.4446647135414,3429.6035009765624,-1.037994838083589,4673.3032272251885,2976.4372238818078,8.861692938582234,44.22885308466864,23.194444444444446,0,https://www.tradingview.com/symbols/LTTS/?exchange=NSE,False,False,False,False,False,False,False,False,False
TIINDIA,4h,2459.0,2672.8580078125,2853.100009765625,2895.786007080078,-1.660267686574246,3333.3831842009567,2161.889399515081,13.74309900180657,35.55848654741589,23.055555555555557,0,https://www.tradingview.com/symbols/TIINDIA/?exchange=NSE,False,False,False,False,False,False,False,False,False
SOBHA,4h,1218.699951171875,1240.23,1343.3993310546875,1351.4939990234375,-1.9372467471010402,1724.929636640264,1125.387113140645,8.291621340040024,41.53850051291212,22.77777777777778,0,https://www.tradingview.com/symbols/SOBHA/?exchange=NSE,False,False,False,False,False,False,False,False,False
UPL,4h,549.5,568.0520007324219,584.3419986979167,597.750998840332,-2.2566773535022233,804.4134581804076,543.5999755859375,1.0853614199858974,46.39007428214879,22.63888888888889,0,https://www.tradingview.com/symbols/UPL/?exchange=NSE,False,False,False,False,False,False,False,False,False
SANOFICONR,4h,3976.199951171875,4081.3619970703126,4412.736661783854,4483.726998291016,-2.2785052475313594,5175.356390056189,3914.755837704811,1.5695516148227728,30.15835354383767,22.22222222222222,0,https://www.tradingview.com/symbols/SANOFICONR/?exchange=NSE,False,False,False,False,False,False,False,False,False
WAAREERTL,4h,826.0,843.1389978027344,920.2913321940105,932.9239984130859,-3.691208667192325,1358.0,779.5,5.965362411802433,64.40677966101696,22.083333333333332,0,https://www.tradingview.com/symbols/WAAREERTL/?exchange=NSE,False,False,False,False,False,False,False,False,False
ITI,4h,245.8000030517578,264.4299984741211,280.7783334350586,284.0385001373291,-2.1865574129356635,372.8500061035156,237.0,3.7130814564378944,51.688365123821846,21.666666666666668,0,https://www.tradingview.com/symbols/ITI/?exchange=NSE,False,False,False,False,False,False,False,False,False
HUDCO,4h,168.39999389648438,177.14919982910158,193.82319986979167,197.7189998626709,-2.5823542488805917,239.21868833933843,156.74431230508782,7.436111345915952,42.05385808172082,21.25,0,https://www.tradingview.com/symbols/HUDCO/?exchange=NSE,False,False,False,False,False,False,False,False,False
HINDUNILVR,4h,1896.0,1965.8899951171875,2074.0273299153646,2104.074994506836,-2.4668652739586183,2619.7497080594576,1915.0,-0.992167101827679,38.172452956722445,21.11111111111111,0,https://www.tradingview.com/symbols/HINDUNILVR/?exchange=NSE,False,False,False,False,False,False,False,False,False
DCMSHRIRAM,4h,944.5999755859375,1007.7960009765625,1024.722664794922,1043.5245001220703,-3.207346530804478,1395.1299395484884,941.5197177909594,0.32715807611605197,47.69531818832478,20.97222222222222,0,https://www.tradingview.com/symbols/DCMSHRIRAM/?exchange=NSE,False,False,False,False,False,False,False,False,False
GILLETTE,4h,6925.5,7281.95,7580.53,7641.4925,-1.5506924568933544,9653.121370296873,6922.0,0.05056342097660149,39.38519053204639,20.833333333333336,0,https://www.tradingview.com/symbols/GILLETTE/?exchange=NSE,False,False,False,False,False,False,False,False,False
HEMIPROP,4h,115.94999694824219,123.74959930419922,132.5613330078125,135.63519981384277,-1.1511878501565542,190.69000244140625,111.19999694824219,4.2715828510417,64.45882489029002,20.555555555555554,0,https://www.tradingview.com/symbols/HEMIPROP/?exchange=NSE,False,False,False,False,False,False,False,False,False
TATACHEM,4h,640.0,652.74400390625,680.0396695963542,697.3765017700196,-1.9534747637230176,953.3423824535639,571.5129923118551,11.983455951037048,48.959747258369354,20.416666666666668,0,https://www.tradingview.com/symbols/TATACHEM/?exchange=NSE,False,False,False,False,False,False,False,False,False
CAMPUS,4h,211.0399932861328,217.5829983520508,224.0906660970052,228.68404953002928,-2.412025002252105,285.84084278783837,207.1999969482422,1.8532801131506904,35.443921475248,19.72222222222222,0,https://www.tradingview.com/symbols/CAMPUS/?exchange=NSE,False,False,False,False,False,False,False,False,False
COCHINSHIP,4h,1329.0,1447.9480004882812,1449.317333170573,1470.8584991455077,-2.2385276770528373,1965.6288306774113,1185.6655491296951,12.08894455738514,47.90284655210017,19.583333333333332,0,https://www.tradingview.com/symbols/COCHINSHIP/?exchange=NSE,False,False,False,False,False,False,False,False,False
VOLTAS,4h,1135.5,1163.022001953125,1258.9186686197916,1263.9520037841796,-3.6979780115791505,1577.544205432766,1090.800048828125,4.097905131183044,38.92947648020837,19.444444444444446,0,https://www.tradingview.com/symbols/VOLTAS/?exchange=NSE,False,False,False,False,False,False,False,False,False
AWL,4h,180.64999389648438,189.04580017089845,189.2864003499349,190.77939994812013,-0.8046971536677217,281.42985528309595,170.3003850027749,6.077266879661392,55.78735941965225,19.02777777777778,0,https://www.tradingview.com/symbols/AWL/?exchange=NSE,False,False,False,False,False,False,False,False,False
IRB,4h,17.149999618530273,18.89799991607666,19.806533381144206,20.134100065231323,-2.4803596659648264,23.83526024888653,17.510000228881836,-2.0559714771320237,38.98111241432887,18.75,0,https://www.tradingview.com/symbols/IRB/?exchange=NSE,False,False,False,False,False,False,False,False,False
MAZDOCK,4h,2138.0,2380.045986328125,2430.958662109375,2440.5509997558593,-2.24227233149501,2972.1241941595595,2053.692522278021,4.105165539993427,39.01422797752851,18.61111111111111,0,https://www.tradingview.com/symbols/MAZDOCK/?exchange=NSE,False,False,False,False,False,False,False,False,False
UTIAMC,4h,893.9000244140625,896.127001953125,919.6736673990886,926.6280004882813,-1.5226804588208798,1354.175046192178,861.6167441984458,3.7468260027432088,51.49065994039081,18.47222222222222,0,https://www.tradingview.com/symbols/UTIAMC/?exchange=NSE,False,False,False,False,False,False,False,False,False
PFIZER,4h,3975.0,4342.866010742187,4570.2899983723955,4588.645494384766,-2.336090959260473,5489.439888599995,3955.5,0.4929844520288107,38.0991166943395,18.333333333333332,0,https://www.tradingview.com/symbols/PFIZER/?exchange=NSE,False,False,False,False,False,False,False,False,False
KANSAINER,4h,178.10000610351562,189.9868005371094,200.79940063476562,204.66730026245116,-1.019129056737389,260.8927950067185,156.051448925647,14.129030732918068,46.48668504541311,18.055555555555554,0,https://www.tradingview.com/symbols/KANSAINER/?exchange=NSE,False,False,False,False,False,False,False,False,False
INDIACEM,4h,311.8999938964844,350.94099792480466,374.8373317464193,379.38349838256835,-2.725235037967999,485.79998779296875,319.20001220703125,-2.2869730674734856,55.75504882959361,17.916666666666668,0,https://www.tradingview.com/symbols/INDIACEM/?exchange=NSE,False,False,False,False,False,False,False,False,False
GHCL,4h,410.6000061035156,429.4389978027344,433.88599873860676,440.1219985961914,-3.0529845215861995,649.6824619687275,405.6620460266574,1.2172595699361466,58.22758215082373,17.5,0,https://www.tradingview.com/symbols/GHCL/?exchange=NSE,False,False,False,False,False,False,False,False,False
ICICIPRULI,4h,458.70001220703125,486.9009991455078,496.5819986979167,500.55149963378904,-2.033884251314222,704.3556293706895,445.3500061035156,2.997643633221947,53.554743977809885,17.22222222222222,0,https://www.tradingview.com/symbols/ICICIPRULI/?exchange=NSE,False,False,False,False,False,False,False,False,False
CROMPTON,4h,218.8000030517578,229.60359985351562,250.3828675333659,258.1801505279541,-2.233818368850493,306.8101698068928,214.8165151621269,1.8543676153690791,40.224024464166,17.083333333333332,0,https://www.tradingview.com/symbols/CROMPTON/?exchange=NSE,False,False,False,False,False,False,False,False,False
CHOLAHLDNG,4h,1390.4000244140625,1495.7979956054687,1559.453329264323,1567.719496459961,-1.181402469652837,2062.371871375786,1303.9706528841405,6.628168459064354,48.32938975564991,16.944444444444446,0,https://www.tradingview.com/symbols/CHOLAHLDNG/?exchange=NSE,False,False,False,False,False,False,False,False,False
IGL,4h,143.39999389648438,149.54480010986327,154.08686665852863,155.70085006713867,-1.7130681129453151,219.28693712723197,141.74000549316406,1.1711502321060552,52.919767406355554,16.805555555555557,0,https://www.tradingview.com/symbols/IGL/?exchange=NSE,False,False,False,False,False,False,False,False,False
VIPIND,4h,296.25,303.62,305.2703328450521,305.97324951171873,-0.3034331531410084,452.0,278.25,6.4690026954177915,52.57383966244726,16.52777777777778,0,https://www.tradingview.com/symbols/VIPIND/?exchange=NSE,False,False,False,False,False,False,False,False,False
BIKAJI,4h,558.0,580.3470043945313,620.1726692708334,629.6182525634765,-2.601045906456123,766.9994067456643,532.75,4.73955889253872,37.45509081463516,16.38888888888889,0,https://www.tradingview.com/symbols/BIKAJI/?exchange=NSE,False,False,False,False,False,False,False,False,False
BAYERCROP,4h,3671.800048828125,3924.41,4098.022666015625,4176.032492675781,-3.4696340281328286,4992.8592352646965,3700.0,-0.7621608424831061,35.97851650059742,15.972222222222221,0,https://www.tradingview.com/symbols/BAYERCROP/?exchange=NSE,False,False,False,False,False,False,False,False,False
TCS,4h,2070.699951171875,2225.4879931640626,2232.9413338216145,2245.414497680664,-2.278556479917415,3287.1613923698505,1966.0205187179013,5.324432347340813,58.7463886551763,15.555555555555555,0,https://www.tradingview.com/symbols/TCS/?exchange=NSE,False,False,False,False,False,False,False,False,False
RCF,4h,110.19999694824219,113.40679946899414,123.43893351236979,124.27165012359619,-2.5067676037945574,154.10414270944614,104.7068431385872,5.246222352806873,39.840423754117225,15.138888888888888,0,https://www.tradingview.com/symbols/RCF/?exchange=NSE,False,False,False,False,False,False,False,False,False
ACI,4h,482.75,482.92299987792967,516.1560007731119,523.7717500305175,-3.9547456514288815,716.6142960119245,446.0,8.239910313901344,48.444183534318896,14.86111111111111,0,https://www.tradingview.com/symbols/ACI/?exchange=NSE,False,False,False,False,False,False,False,False,False
NFL,4h,65.76000213623047,69.00939971923827,71.89786661783855,72.80834995269775,-2.021648607199422,96.82798291770169,62.40134764762116,5.382342874348711,47.24449478743906,14.722222222222223,0,https://www.tradingview.com/symbols/NFL/?exchange=NSE,False,False,False,False,False,False,False,False,False
VMM,4h,100.80999755859375,105.26220016479492,110.21859980265299,112.76439987182617,-2.661721710299958,152.17999267578125,98.7699966430664,2.0654054721693127,50.95724269542785,14.583333333333334,0,https://www.tradingview.com/symbols/VMM/?exchange=NSE,False,False,False,False,False,False,False,False,False
STARCEMENT,4h,182.4199981689453,189.49639923095702,200.18846608479816,204.0933992767334,-2.9336529760582652,271.7552325198695,180.1199951171875,1.2769282223560996,48.972281135639406,14.305555555555555,0,https://www.tradingview.com/symbols/STARCEMENT/?exchange=NSE,False,False,False,False,False,False,False,False,False
INDIASHLTR,4h,647.2999877929688,659.9499963378906,718.7786641438802,735.8869970703125,-3.1901189900633398,911.9719209725083,620.1500244140625,4.377966993480076,40.88860469192404,14.027777777777779,0,https://www.tradingview.com/symbols/INDIASHLTR/?exchange=NSE,False,False,False,False,False,False,False,False,False
NCC,4h,130.5,142.11159973144532,144.56439971923828,146.6229497528076,-2.481088774850848,213.9474194024461,128.02376544116242,1.9341991311571105,63.94438268386673,13.88888888888889,0,https://www.tradingview.com/symbols/NCC/?exchange=NSE,False,False,False,False,False,False,False,False,False
NBCC,4h,80.20999908447266,84.6509994506836,93.88993306477865,95.06014976501464,-1.6651012445717317,124.82730179011317,76.65010804466255,4.644339232680306,55.62561178769256,13.750000000000002,0,https://www.tradingview.com/symbols/NBCC/?exchange=NSE,False,False,False,False,False,False,False,False,False
BDL,4h,1115.0,1226.7979956054687,1284.19,1284.781001586914,-2.4682768205464445,1627.0610201098634,1085.636966266582,2.704682563858807,45.9247551668039,13.472222222222221,0,https://www.tradingview.com/symbols/BDL/?exchange=NSE,False,False,False,False,False,False,False,False,False
SJVN,4h,61.060001373291016,64.60859992980957,68.15793342590332,69.7369500541687,-3.1512631593070606,91.2873627003548,61.209999084472656,-0.24505426143632825,49.50435743076464,13.333333333333334,0,https://www.tradingview.com/symbols/SJVN/?exchange=NSE,False,False,False,False,False,False,False,False,False
MEDPLUS,4h,653.0,664.3879956054687,730.5426647949218,770.671999206543,-4.501374348922827,1022.2000122070312,645.0,1.240310077519391,56.53905240536466,13.055555555555557,0,https://www.tradingview.com/symbols/MEDPLUS/?exchange=NSE,False,False,False,False,False,False,False,False,False
DBREALTY,4h,96.27999877929688,101.01139999389649,109.37053349812825,111.88640014648438,-1.6492238658058933,172.6199951171875,83.5,15.305387759636968,79.28956928311266,12.777777777777777,0,https://www.tradingview.com/symbols/DBREALTY/?exchange=NSE,False,False,False,False,False,False,False,False,False
MSUMI,4h,34.97999954223633,36.300399932861325,38.75666653951009,38.90889991760254,-1.8280037706727148,52.823297143452564,34.220001220703125,2.220918452432441,51.00999952750567,12.63888888888889,0,https://www.tradingview.com/symbols/MSUMI/?exchange=NSE,False,False,False,False,False,False,False,False,False
GODREJCP,4h,868.0,885.347998046875,984.9813321940104,993.4659997558593,-3.5909358971768723,1255.178308316206,855.1500244140625,1.502657454139955,44.605795888963826,12.5,0,https://www.tradingview.com/symbols/GODREJCP/?exchange=NSE,False,False,False,False,False,False,False,False,False
ITC,4h,265.20001220703125,265.5159991455078,277.49866678873695,282.11299987792967,-2.4282015748604446,406.5707642578344,255.5,3.796482272810664,53.30721928490733,12.36111111111111,0,https://www.tradingview.com/symbols/ITC/?exchange=NSE,False,False,False,False,False,False,False,False,False
BIRLACORPN,4h,838.0,852.1530029296875,918.8900008138021,937.7037515258789,-1.8851996381190839,1328.8254130627743,759.7237180556469,10.303256313319364,58.57105167813535,12.083333333333334,0,https://www.tradingview.com/symbols/BIRLACORPN/?exchange=NSE,False,False,False,False,False,False,False,False,False
ASHAPURMIN,4h,501.0,544.9879949951172,631.029662882487,642.5267472839355,-2.149834923015681,921.4245512973316,453.38988582073415,10.500921098643644,83.9170761072518,11.944444444444445,0,https://www.tradingview.com/symbols/ASHAPURMIN/?exchange=NSE,False,False,False,False,False,False,False,False,False
BSOFT,4h,271.8500061035156,285.82500061035154,296.726333211263,304.5954997253418,-4.91448899607565,467.1017114386881,266.2676853930341,2.0965070178311285,71.82332203473413,11.805555555555555,0,https://www.tradingview.com/symbols/BSOFT/?exchange=NSE,False,False,False,False,False,False,False,False,False
HDFCLIFE,4h,531.5999755859375,541.0090002441407,553.7639998372396,564.6589999389648,-1.914176023868841,785.6996289453043,508.70001220703125,4.501663618908358,47.79903405362169,11.527777777777779,0,https://www.tradingview.com/symbols/HDFCLIFE/?exchange=NSE,False,False,False,False,False,False,False,False,False
WAAREEENER,4h,2455.0,2565.750009765625,2735.436002604167,2819.8880041503908,-4.595515448277975,3713.7978498601774,2401.1138768158653,2.2442135587335654,51.27486150143288,11.38888888888889,0,https://www.tradingview.com/symbols/WAAREEENER/?exchange=NSE,False,False,False,False,False,False,False,False,False
ACC,4h,1213.5,1264.1299975585937,1323.4633357747396,1333.3390014648437,-2.1428784157989655,1975.569036609613,1219.0999755859375,-0.45935326864771087,62.79926136049552,11.11111111111111,0,https://www.tradingview.com/symbols/ACC/?exchange=NSE,False,False,False,False,False,False,False,False,False
UBL,4h,1224.0,1275.8360009765624,1338.8980013020832,1341.6180010986327,-2.686141178099588,1830.970927725064,1210.4000244140625,1.1235934659304947,49.589128082113064,10.972222222222221,0,https://www.tradingview.com/symbols/UBL/?exchange=NSE,False,False,False,False,False,False,False,False,False
SUZLON,4h,39.65999984741211,44.42300010681152,49.81773333231608,50.895050048828125,-3.119235800602227,61.5,38.189998626708984,3.8491785115568167,55.06807926529276,10.833333333333334,0,https://www.tradingview.com/symbols/SUZLON/?exchange=NSE,False,False,False,False,False,False,False,False,False
RAILTEL,4h,256.1499938964844,267.8109973144531,289.1579996744792,296.83699981689455,-3.4171051514353956,396.5816333492734,243.9284560598348,5.010296065519992,54.82398703844606,10.555555555555555,0,https://www.tradingview.com/symbols/RAILTEL/?exchange=NSE,False,False,False,False,False,False,False,False,False
INDIAMART,4h,1646.0,1695.6780029296874,1815.07533203125,1862.720498046875,-3.912453993904763,2455.004088492464,1619.0,1.6676961087090714,49.14970160950569,10.416666666666668,0,https://www.tradingview.com/symbols/INDIAMART/?exchange=NSE,False,False,False,False,False,False,False,False,False
WIPRO,4h,161.55999755859375,171.64819946289063,176.69253326416015,181.50739990234376,-3.135067222163157,263.220498300555,161.66000366210938,-0.06186199508237955,62.92430197957359,10.277777777777777,0,https://www.tradingview.com/symbols/WIPRO/?exchange=NSE,False,False,False,False,False,False,False,False,False
GODFRYPHLP,4h,1931.5,2019.12201171875,2122.1493400065106,2168.799505004883,-1.4127374741717547,3469.395895156339,1805.6870625140934,6.967593671006034,79.6218428763313,10.0,0,https://www.tradingview.com/symbols/GODFRYPHLP/?exchange=NSE,False,False,False,False,False,False,False,False,False
PIIND,4h,2349.0,2388.03599609375,2580.512674153646,2659.0395056152342,-4.150295523464987,3812.9263498994665,2191.0,7.211319032405283,62.321257977840204,9.86111111111111,0,https://www.tradingview.com/symbols/PIIND/?exchange=NSE,False,False,False,False,False,False,False,False,False
JYOTHYLAB,4h,189.9499969482422,199.1529998779297,200.43653330485026,203.54639976501466,-4.384195013688441,319.32386836316425,188.10000610351562,0.983514505421379,68.10943590074076,9.722222222222223,0,https://www.tradingview.com/symbols/JYOTHYLAB/?exchange=NSE,False,False,False,False,False,False,False,False,False
AMBUJACEM,4h,374.3500061035156,396.5979998779297,417.6520003255208,421.6425004577637,-2.335229030825836,585.8998677000112,379.54998779296875,-1.3700386923183205,56.51124833640249,9.583333333333334,0,https://www.tradingview.com/symbols/AMBUJACEM/?exchange=NSE,False,False,False,False,False,False,False,False,False
EIDPARRY,4h,706.4500122070312,750.7980029296875,756.2470015462239,760.781001586914,-2.799037241767066,1118.0,682.75,3.4712577381224907,58.25606634321361,9.444444444444445,0,https://www.tradingview.com/symbols/EIDPARRY/?exchange=NSE,False,False,False,False,False,False,False,False,False
TARIL,4h,270.95001220703125,292.70000122070314,309.5473337809245,310.13425018310545,-1.8257258773200946,524.0249103335884,223.84705029255147,21.04247603572158,93.40280004607794,9.305555555555555,0,https://www.tradingview.com/symbols/TARIL/?exchange=NSE,False,False,False,False,False,False,False,False,False
INFY,4h,1003.2000122070312,1077.722001953125,1094.0133329264322,1113.5839993286133,-2.6440189185745533,1691.3991593070652,982.4000244140625,2.117262548458765,68.60039261622435,9.027777777777777,0,https://www.tradingview.com/symbols/INFY/?exchange=NSE,False,False,False,False,False,False,False,False,False
BLS,4h,221.60000610351562,233.96440032958984,246.00920043945314,251.22564971923828,-3.4464781296803637,355.6599215623946,218.42101580074862,1.455441588856532,60.49635007512399,8.75,0,https://www.tradingview.com/symbols/BLS/?exchange=NSE,False,False,False,False,False,False,False,False,False
JWL,4h,222.88999938964844,237.81620025634766,252.5657334391276,259.8585501098633,-3.0518179814087665,358.25,224.0,-0.49553598676409516,60.7295082691081,8.61111111111111,0,https://www.tradingview.com/symbols/JWL/?exchange=NSE,False,False,False,False,False,False,False,False,False
KNRCON,4h,117.3499984741211,121.72920013427735,127.03140050252279,127.664450340271,-0.29630476069992806,207.636094273512,108.43384507627295,8.222666448447423,76.9374494873142,8.472222222222223,0,https://www.tradingview.com/symbols/KNRCON/?exchange=NSE,False,False,False,False,False,False,False,False,False
LEMONTREE,4h,104.05999755859375,106.30140029907227,110.69786687215169,111.12845024108887,-1.8132508286716198,174.1999969482422,99.61000061035156,4.467419858423072,67.40342209805861,8.333333333333332,0,https://www.tradingview.com/symbols/LEMONTREE/?exchange=NSE,False,False,False,False,False,False,False,False,False
IRCTC,4h,453.5,471.52500244140623,494.15100036621095,503.3652503967285,-2.7885992769034695,725.6811213920008,446.0256812201048,1.6757597364010834,60.01788784829125,8.194444444444445,0,https://www.tradingview.com/symbols/IRCTC/?exchange=NSE,False,False,False,False,False,False,False,False,False
RALLIS,4h,199.4199981689453,205.50720031738283,217.25299977620443,225.01470008850097,-4.13990552581549,316.14924767815444,196.80999755859375,1.3261524529893487,58.53437497793878,8.055555555555555,0,https://www.tradingview.com/symbols/RALLIS/?exchange=NSE,False,False,False,False,False,False,False,False,False
ASHOKA,4h,110.3499984741211,113.76440048217773,120.94666697184245,122.08410034179687,-2.8990513492563097,214.5,101.0,9.257424231803068,94.38151605439651,7.638888888888889,0,https://www.tradingview.com/symbols/ASHOKA/?exchange=NSE,False,False,False,False,False,False,False,False,False
BAJAJELEC,4h,313.0,330.3289984130859,334.38599955240886,336.89224990844724,-3.1228433934625266,584.6314740410414,298.3117066005431,4.923807237348998,86.78321854346372,7.222222222222221,0,https://www.tradingview.com/symbols/BAJAJELEC/?exchange=NSE,False,False,False,False,False,False,False,False,False
JSLL,4h,501.8999938964844,509.9659997558594,547.598999633789,573.4844993591308,-4.698879337783879,831.6028981949348,480.82307067771427,4.383509133424579,65.69095602867267,7.083333333333333,0,https://www.tradingview.com/symbols/JSLL/?exchange=NSE,False,False,False,False,False,False,False,False,False
MOIL,4h,245.0,248.890400390625,267.94246653238935,276.13185020446775,-4.225804732652227,398.6210131186603,234.05999755859375,4.674016301597006,62.70245433414705,6.944444444444445,0,https://www.tradingview.com/symbols/MOIL/?exchange=NSE,False,False,False,False,False,False,False,False,False
INTELLECT,4h,631.5499877929688,670.7099975585937,715.0223319498698,718.287248840332,-1.0404848554627089,1232.7256944645226,589.5214019484429,7.129272271645459,95.19051829490779,6.666666666666667,0,https://www.tradingview.com/symbols/INTELLECT/?exchange=NSE,False,False,False,False,False,False,False,False,False
TTML,4h,36.18000030517578,36.65199981689453,39.536799926757816,40.38159986495972,-3.038626975707115,60.08000183105469,31.219999313354492,15.887255287989799,66.0585995696077,6.527777777777779,0,https://www.tradingview.com/symbols/TTML/?exchange=NSE,False,False,False,False,False,False,False,False,False
SWANCORP,4h,289.70001220703125,292.68699951171874,306.5753322347005,310.3202493286133,-2.6090320031620484,499.1534178390528,273.6499938964844,5.865163043496446,72.30010245299464,6.25,0,https://www.tradingview.com/symbols/SWANCORP/?exchange=NSE,False,False,False,False,False,False,False,False,False
IRFC,4h,78.55000305175781,81.92499969482422,87.56266682942709,90.31050018310548,-4.089985651122985,135.7285614195044,78.16000366210938,0.4989756542673973,72.792560339012,6.111111111111111,0,https://www.tradingview.com/symbols/IRFC/?exchange=NSE,False,False,False,False,False,False,False,False,False
ORIENTCEM,4h,119.43000030517578,126.45200012207032,132.67839986165365,133.72139999389648,-2.3709405656536675,236.37657618219657,120.5999984741211,-0.9701477477185638,97.92060251041683,5.972222222222222,0,https://www.tradingview.com/symbols/ORIENTCEM/?exchange=NSE,False,False,False,False,False,False,False,False,False
JKLAKSHMI,4h,494.79998779296875,518.0770001220703,556.3573341878255,573.2607499694824,-4.0081397041105475,874.9722477555258,495.20001220703125,-0.08078037241551206,76.83352250235431,5.833333333333333,0,https://www.tradingview.com/symbols/JKLAKSHMI/?exchange=NSE,False,False,False,False,False,False,False,False,False
ZENSARTECH,4h,437.25,449.36299987792967,474.75533467610677,479.2312516784668,-3.7752015774748293,799.7128098861871,412.9712066051201,5.879052342284763,82.89601140907652,5.694444444444445,0,https://www.tradingview.com/symbols/ZENSARTECH/?exchange=NSE,False,False,False,False,False,False,False,False,False
CMSINFO,4h,228.3000030517578,237.11940032958984,262.3058002726237,272.16985023498535,-4.132042634027511,386.0274005660562,220.99000549316406,3.307840796818229,69.08777722553954,5.555555555555555,0,https://www.tradingview.com/symbols/CMSINFO/?exchange=NSE,False,False,False,False,False,False,False,False,False
SYNGENE,4h,375.04998779296875,389.98199768066405,409.29899943033854,421.55074966430664,-2.1058639830843773,677.034031793237,360.3999938964844,4.0649262332374425,80.51834524174583,5.416666666666667,0,https://www.tradingview.com/symbols/SYNGENE/?exchange=NSE,False,False,False,False,False,False,False,False,False
LATENTVIEW,4h,241.60000610351562,261.48799896240234,284.4009982299805,291.03449867248537,-2.4140440314377565,517.5,240.5,0.45738299522479764,114.19701445631283,5.277777777777778,0,https://www.tradingview.com/symbols/LATENTVIEW/?exchange=NSE,False,False,False,False,False,False,False,False,False
SHAKTIPUMP,4h,464.0,477.32099975585936,520.812333984375,521.2557501220704,-2.483486767293286,854.1006881040075,455.0,1.978021978021971,84.07342416034645,5.138888888888888,0,https://www.tradingview.com/symbols/SHAKTIPUMP/?exchange=NSE,False,False,False,False,False,False,False,False,False
RAYMONDLSL,4h,668.0,677.4840014648438,727.1613321940105,734.2774993896485,-2.846391608593035,1265.5059964447019,628.25,6.327099084759258,89.44700545579369,5.0,0,https://www.tradingview.com/symbols/RAYMONDLSL/?exchange=NSE,False,False,False,False,False,False,False,False,False
RTNPOWER,4h,6.860000133514404,7.3294000244140625,8.31620002746582,8.605100030899047,-4.909192301053611,12.039999961853027,6.880000114440918,-0.2906973923522793,75.51020010964473,4.861111111111112,0,https://www.tradingview.com/symbols/RTNPOWER/?exchange=NSE,False,False,False,False,False,False,False,False,False
CELLO,4h,332.6000061035156,339.11500061035156,357.6716668701172,365.9425001525879,-3.9289645501978665,670.829945323981,314.6000061035156,5.721551065093533,101.69270385256621,4.722222222222222,0,https://www.tradingview.com/symbols/CELLO/?exchange=NSE,False,False,False,False,False,False,False,False,False
SKFINDIA,4h,1511.800048828125,1542.8960034179688,1560.374003092448,1584.9090014648436,-1.7526535487534134,4953.039658667183,1370.529580184146,10.307728536949767,227.62531410860464,4.583333333333333,0,https://www.tradingview.com/symbols/SKFINDIA/?exchange=NSE,False,False,False,False,False,False,False,False,False
AFCONS,4h,251.64999389648438,272.34899963378905,286.9093341064453,295.8060003662109,-3.554285067269791,476.09320955207187,225.35000610351562,11.67072868011716,89.18864339329635,4.305555555555555,0,https://www.tradingview.com/symbols/AFCONS/?exchange=NSE,False,False,False,False,False,False,False,False,False
IRCON,4h,103.5,114.85339981079102,125.42073333740234,129.378150100708,-4.799392023365856,183.78538352585957,104.76000213623047,-1.2027511555335324,77.57041886556479,4.166666666666666,0,https://www.tradingview.com/symbols/IRCON/?exchange=NSE,False,False,False,False,False,False,False,False,False
EUREKAFORB,4h,361.8999938964844,402.44,436.492666015625,445.35799942016604,-3.9197803793965313,668.2999877929688,366.20001220703125,-1.1742266977631477,84.66427163967434,4.027777777777778,0,https://www.tradingview.com/symbols/EUREKAFORB/?exchange=NSE,False,False,False,False,False,False,False,False,False
TMPV,4h,281.75,305.9679998779297,330.86433247884116,341.054249420166,-2.3495374498615607,733.6144341409002,288.0,-2.170138888888884,160.37779383882884,3.888888888888889,0,https://www.tradingview.com/symbols/TMPV/?exchange=NSE,False,False,False,False,False,False,False,False,False
ABLBL,4h,77.37000274658203,83.19740020751954,90.99926661173502,93.8764001083374,-3.868646853860913,149.99351685072722,77.77999877929688,-0.5271227039720272,93.86520812467396,3.75,0,https://www.tradingview.com/symbols/ABLBL/?exchange=NSE,False,False,False,False,False,False,False,False,False
TATAELXSI,4h,3191.0,3449.7339990234377,3649.202001953125,3795.9590051269533,-4.106053389903197,5845.177388781378,3144.0,1.4949109414758244,83.17697865187645,3.6111111111111107,0,https://www.tradingview.com/symbols/TATAELXSI/?exchange=NSE,False,False,False,False,False,False,False,False,False
ABFRL,4h,47.59000015258789,51.13680000305176,56.46066668192545,58.141050033569336,-3.6910317708631624,91.58000183105469,47.880001068115234,-0.6056827674560394,92.43538881576295,3.3333333333333335,0,https://www.tradingview.com/symbols/ABFRL/?exchange=NSE,False,False,False,False,False,False,False,False,False
RVNL,4h,202.75,209.41780059814454,224.1422001139323,233.64585021972655,-6.0666767523338105,398.20450175980454,195.14999389648438,3.894443423629812,96.40172713183948,3.194444444444444,0,https://www.tradingview.com/symbols/RVNL/?exchange=NSE,False,False,False,False,False,False,False,False,False
RTNINDIA,4h,26.25,28.1296000289917,31.106333401997883,32.23980006217957,-3.9271225817824384,54.529998779296875,24.399999618530273,7.581968895051805,107.73332868303571,3.0555555555555554,0,https://www.tradingview.com/symbols/RTNINDIA/?exchange=NSE,False,False,False,False,False,False,False,False,False
AURIONPRO,4h,642.5,687.8600012207031,767.9060001627604,774.4132507324218,-4.1019134401709785,1235.2944216929336,661.0700075386379,-2.809083353785724,92.26372322069005,2.9166666666666665,0,https://www.tradingview.com/symbols/AURIONPRO/?exchange=NSE,False,False,False,False,False,False,False,False,False
INOXWIND,4h,72.0,74.04319946289063,79.0733999633789,82.4562999343872,-4.674577353068033,159.3000030517578,68.0,5.882352941176472,121.25000423855252,2.7777777777777777,0,https://www.tradingview.com/symbols/INOXWIND/?exchange=NSE,False,False,False,False,False,False,False,False,False
VIKRAMSOLR,4h,160.10000610351562,166.7335998535156,178.90573364257813,185.66890007019043,-4.972748652536407,354.3999938964844,155.3800048828125,3.037714681668957,121.36163671807765,2.638888888888889,0,https://www.tradingview.com/symbols/VIKRAMSOLR/?exchange=NSE,False,False,False,False,False,False,False,False,False
KITEX,4h,116.12999725341797,123.52080001831055,140.08473302205402,144.93954975128173,-5.002896991558259,231.73507903347866,114.48999786376953,1.4324390079907712,99.54799320953067,2.361111111111111,0,https://www.tradingview.com/symbols/KITEX/?exchange=NSE,False,False,False,False,False,False,False,False,False
NETWORK18,4h,26.139999389648438,27.5842000579834,29.718066685994465,30.254550037384032,-4.2516930615022925,54.2400016784668,25.709999084472656,1.6725022189342464,107.49809848865604,2.2222222222222223,0,https://www.tradingview.com/symbols/NETWORK18/?exchange=NSE,False,False,False,False,False,False,False,False,False
AHLUCONT,4h,572.4000244140625,601.3159997558594,750.4706665039063,762.8230004882812,-5.567254079078287,1076.649454434594,558.4254164589258,2.502502132469564,88.09388688211651,2.083333333333333,0,https://www.tradingview.com/symbols/AHLUCONT/?exchange=NSE,False,False,False,False,False,False,False,False,False
HGINFRA,4h,444.54998779296875,475.7189990234375,527.0939992268881,543.2332487487793,-4.135026882019188,976.870402113794,427.93192345187117,3.883342987606442,119.74365739241276,1.9444444444444444,0,https://www.tradingview.com/symbols/HGINFRA/?exchange=NSE,False,False,False,False,False,False,False,False,False
TRIVENI,4h,240.14999389648438,264.2590005493164,323.42159962972005,336.9781996917725,-6.939079396398262,487.9415273208757,219.08086419063903,9.617056142115388,103.18198614287736,1.8055555555555554,0,https://www.tradingview.com/symbols/TRIVENI/?exchange=NSE,False,False,False,False,False,False,False,False,False
AWFIS,4h,249.89999389648438,264.1049984741211,279.94033294677735,292.7402498626709,-4.683508729214858,639.4000244140625,229.0500030517578,9.102811860698878,155.8623609566473,1.6666666666666667,0,https://www.tradingview.com/symbols/AWFIS/?exchange=NSE,False,False,False,False,False,False,False,False,False
ZAGGLE,4h,175.7100067138672,182.8617999267578,197.49600016276042,203.10299980163575,-5.683977456952894,405.3999938964844,154.36000061035156,13.831307345877185,130.72106220828564,1.3888888888888888,0,https://www.tradingview.com/symbols/ZAGGLE/?exchange=NSE,False,False,False,False,False,False,False,False,False
RPOWER,4h,19.959999084472656,21.678600006103515,23.607999992370605,24.544749984741213,-4.763983484098744,50.72999954223633,20.170000076293945,-1.041155136474714,154.15832599762177,1.25,0,https://www.tradingview.com/symbols/RPOWER/?exchange=NSE,False,False,False,False,False,False,False,False,False
KEC,4h,390.3500061035156,408.51900085449216,461.36333435058594,474.6172508239746,-5.63636214557397,882.7184042406384,389.1499938964844,0.3083675255948881,126.135107067618,1.1111111111111112,0,https://www.tradingview.com/symbols/KEC/?exchange=NSE,False,False,False,False,False,False,False,False,False
KPITTECH,4h,509.0,560.8350024414062,602.2833357747396,638.9057522583008,-4.73868215891261,1271.2449225520793,507.79998779296875,0.2363159188417452,149.75342289824744,0.9722222222222222,0,https://www.tradingview.com/symbols/KPITTECH/?exchange=NSE,False,False,False,False,False,False,False,False,False
VEDL,4h,259.0,269.4330023193359,273.2900010172526,286.030500793457,-17.999310416764658,795.0,249.6999969482422,3.7244706309249587,206.94980694980694,0.8333333333333334,0,https://www.tradingview.com/symbols/VEDL/?exchange=NSE,False,False,False,False,False,False,False,False,False
PNCINFRA,4h,131.0,167.73940093994142,209.89220021565754,210.5722504425049,-4.240638577989852,309.6635216044026,115.89978323828474,13.028684213041108,136.38436763694855,0.6944444444444444,0,https://www.tradingview.com/symbols/PNCINFRA/?exchange=NSE,False,False,False,False,False,False,False,False,False
OSWALPUMPS,4h,268.6499938964844,282.36200134277345,342.41233418782554,352.7212503051758,-5.802718301420484,790.0,266.45001220703125,0.8256639477065342,194.06291380911068,0.5555555555555556,0,https://www.tradingview.com/symbols/OSWALPUMPS/?exchange=NSE,False,False,False,False,False,False,False,False,False
ALOKINDS,4h,7.21999979019165,8.17920000076294,10.957000020345053,11.43560004234314,-8.625945284661551,18.450000762939453,6.980000019073486,3.43839212696766,155.5401841978407,0.4166666666666667,0,https://www.tradingview.com/symbols/ALOKINDS/?exchange=NSE,False,False,False,False,False,False,False,False,False
HEG,4h,248.5,528.3780023193359,566.7446649169922,572.8557481384278,-4.864270760867296,753.9000244140625,214.10000610351562,16.06725498169872,203.3802915147133,0.2777777777777778,0,https://www.tradingview.com/symbols/HEG/?exchange=NSE,False,False,False,False,False,False,False,False,False
