Symbol,Timeframe,Price,MA50,MA150,MA200,MA200 slope %,52W High,52W Low,% Above 52W Low,% Below 52W High,RS Rating,Score,TradingView,P > MA50,P > MA150,P > MA200,MA50 > MA150,MA150 > MA200,MA200 Rising,25% Above 52W Low,Within 25% 52W High,RS > Threshold
STLTECH,daily,1011.5499877929688,748.0260009765625,516.9327995808919,417.082099609375,25.677560994072657,1051.0999755859375,84.5999984741211,1095.6855863329586,3.909840173025958,100.0,9,https://www.tradingview.com/symbols/STLTECH/?exchange=NSE,True,True,True,True,True,True,True,True,True
CUPID,daily,366.1000061035156,280.70879943847655,185.1742662556966,160.44449981689453,17.681933592122313,368.0,41.816001892089844,775.5021750962021,0.5189822083606188,99.86168741355463,9,https://www.tradingview.com/symbols/CUPID/?exchange=NSE,True,True,True,True,True,True,True,True,True
HFCL,daily,260.3999938964844,226.6574868774414,171.78413853963215,145.6295690345764,13.929354311670373,275.9100036621094,59.764173305578176,335.71253393741756,5.956225088004663,99.72337482710927,9,https://www.tradingview.com/symbols/HFCL/?exchange=NSE,True,True,True,True,True,True,True,True,True
MTARTECH,daily,7781.5,7084.64,6306.137335611979,5463.784500732422,10.97352958471609,8714.0,1866.199951171875,316.9703249168788,11.983550729293846,99.5850622406639,9,https://www.tradingview.com/symbols/MTARTECH/?exchange=NSE,True,True,True,True,True,True,True,True,True
WELCORP,daily,2651.300048828125,2325.9120043945313,1597.8185392252603,1394.2275439453124,16.725341950292204,2900.0,707.6502693631002,274.6624799866677,9.380301987389172,99.44674965421854,9,https://www.tradingview.com/symbols/WELCORP/?exchange=NSE,True,True,True,True,True,True,True,True,True
SKYGOLD,daily,884.5,783.7380004882813,575.3103328450521,515.1739994812011,11.327712794642487,901.7999877929688,260.8500061035156,239.08375668160625,1.9559059121502242,99.30843706777317,9,https://www.tradingview.com/symbols/SKYGOLD/?exchange=NSE,True,True,True,True,True,True,True,True,True
SHILPAMED,daily,1025.300048828125,892.5236743164063,613.2796130371094,537.4897775268555,15.724114670138212,1095.0,259.33715759272434,295.35408591093835,6.798005252368711,99.1701244813278,9,https://www.tradingview.com/symbols/SHILPAMED/?exchange=NSE,True,True,True,True,True,True,True,True,True
CPPLUS,daily,4185.2001953125,3657.9320068359375,3014.1914705403647,2632.156446533203,10.159205672811122,4262.39990234375,1303.4082246777493,221.09665383976198,1.844588154175164,99.03181189488244,9,https://www.tradingview.com/symbols/CPPLUS/?exchange=NSE,True,True,True,True,True,True,True,True,True
DIACABS,daily,380.95001220703125,353.46739807128904,240.22979965209962,213.61414962768555,12.739244826220242,404.0,115.56999969482422,229.62707728041295,6.050659418391624,98.89349930843707,9,https://www.tradingview.com/symbols/DIACABS/?exchange=NSE,True,True,True,True,True,True,True,True,True
SANSERA,daily,4129.39990234375,3980.4314697265627,3099.790174967448,2798.9101385498047,11.37296248026316,4743.5,1362.8258521500732,203.00275679603294,14.871412606652633,98.7551867219917,9,https://www.tradingview.com/symbols/SANSERA/?exchange=NSE,True,True,True,True,True,True,True,True,True
TDPOWERSYS,daily,793.5,723.9126892089844,605.3147499593099,547.1087471008301,8.631383108083535,856.0999755859375,290.7108095718568,172.9516666988145,7.889095852040007,98.61687413554634,9,https://www.tradingview.com/symbols/TDPOWERSYS/?exchange=NSE,True,True,True,True,True,True,True,True,True
AVALON,daily,2300.5,2181.67201171875,1630.874004720052,1456.7527548217774,11.808484895509341,2618.0,777.2999877929688,195.96038030721422,13.80134753314497,98.47856154910097,9,https://www.tradingview.com/symbols/AVALON/?exchange=NSE,True,True,True,True,True,True,True,True,True
LAURUSLABS,daily,2036.5999755859375,1907.1119995117188,1491.8623697916667,1378.692621459961,8.487633452901289,2065.199951171875,841.4672483994065,142.02961903268937,1.404300104526368,98.20193637621023,9,https://www.tradingview.com/symbols/LAURUSLABS/?exchange=NSE,True,True,True,True,True,True,True,True,True
GRWRHITECH,daily,6997.5,6955.6376171875,5845.149571940105,5255.247292480469,6.598392213292392,7975.480119830348,2685.810234604558,160.53590495123973,13.9761360461643,98.06362378976486,9,https://www.tradingview.com/symbols/GRWRHITECH/?exchange=NSE,True,True,True,True,True,True,True,True,True
SYRMA,daily,1680.9000244140625,1545.7446020507812,1235.367920328776,1117.7118756103516,9.398916624215348,1822.5999755859375,633.8515990037583,165.18825968980414,8.430004706631467,97.9253112033195,9,https://www.tradingview.com/symbols/SYRMA/?exchange=NSE,True,True,True,True,True,True,True,True,True
APARINDS,daily,17984.0,17125.23490234375,14090.234752604167,12745.07901123047,8.22731808743573,19265.0,6777.469795325622,165.34976242023905,7.122998220640575,97.78699861687413,9,https://www.tradingview.com/symbols/APARINDS/?exchange=NSE,True,True,True,True,True,True,True,True,True
AETHER,daily,1748.0999755859375,1645.547998046875,1347.3906701660155,1249.5922528076171,7.618773413766644,1814.0999755859375,728.0,140.12362302004635,3.7755277685349586,97.64868603042876,9,https://www.tradingview.com/symbols/AETHER/?exchange=NSE,True,True,True,True,True,True,True,True,True
RRKABEL,daily,2696.39990234375,2645.76599609375,2133.988142903646,1962.7509338378907,6.674904408635074,2983.800048828125,1212.3573793256226,122.40965810292926,10.658661804377111,97.5103734439834,9,https://www.tradingview.com/symbols/RRKABEL/?exchange=NSE,True,True,True,True,True,True,True,True,True
KIRLOSENG,daily,2210.39990234375,2162.5939892578126,1931.1284903971355,1759.0781018066407,7.095025504510555,2714.2611782271474,862.2056409078928,156.36574356161992,22.795027965262715,97.37206085753803,9,https://www.tradingview.com/symbols/KIRLOSENG/?exchange=NSE,True,True,True,True,True,True,True,True,True
CHENNPETRO,daily,1487.699951171875,1395.6243505859375,1152.4650919596354,1069.4664678955078,5.93830852385735,1677.5,681.4494121069772,118.31407067650805,12.75795221197782,97.23374827109267,9,https://www.tradingview.com/symbols/CHENNPETRO/?exchange=NSE,True,True,True,True,True,True,True,True,True
AEGISLOG,daily,1388.9000244140625,1338.317998046875,1015.9955716959636,938.4119067382812,7.761074937515855,1528.699951171875,573.0465115667306,142.37125545302735,10.06551402551743,97.0954356846473,9,https://www.tradingview.com/symbols/AEGISLOG/?exchange=NSE,True,True,True,True,True,True,True,True,True
WELSPUNLIV,daily,225.07000732421875,195.80779998779298,157.93524500528972,151.3036939239502,6.427628757810155,245.5,107.03568289025932,110.27567746260533,9.077172440107194,96.95712309820193,9,https://www.tradingview.com/symbols/WELSPUNLIV/?exchange=NSE,True,True,True,True,True,True,True,True,True
PGIL,daily,1272.300048828125,1185.1819995117187,953.7016967773437,911.5917163085937,5.021213808631364,1357.9000244140625,594.6745299041222,113.9489729000592,6.727970785254689,96.6804979253112,9,https://www.tradingview.com/symbols/PGIL/?exchange=NSE,True,True,True,True,True,True,True,True,True
ATLANTAELE,daily,1769.5,1719.0940087890624,1615.3306709798178,1424.9660021972657,6.6428081248598,2152.60009765625,707.5999755859375,150.0706700187125,21.650189186564006,96.40387275242047,9,https://www.tradingview.com/symbols/ATLANTAELE/?exchange=NSE,True,True,True,True,True,True,True,True,True
NEOGEN,daily,2378.199951171875,2247.253078613281,1892.756446126302,1729.6938134765626,8.585080775293719,2499.699951171875,966.2326038611084,146.13120501921406,5.108906000108604,95.98893499308437,9,https://www.tradingview.com/symbols/NEOGEN/?exchange=NSE,True,True,True,True,True,True,True,True,True
FINCABLES,daily,1388.699951171875,1288.839139404297,1089.1164990234374,1009.4374035644531,7.935898658351648,1499.0,695.8450204922062,99.57029371131773,7.942683999883959,95.57399723374827,9,https://www.tradingview.com/symbols/FINCABLES/?exchange=NSE,True,True,True,True,True,True,True,True,True
INOXINDIA,daily,2056.89990234375,2046.833994140625,1724.7697086588541,1575.5187176513673,7.073379441106042,2339.5,1066.9168905614442,92.78914042323827,13.739127379715432,95.4356846473029,9,https://www.tradingview.com/symbols/INOXINDIA/?exchange=NSE,True,True,True,True,True,True,True,True,True
AZAD,daily,2910.199951171875,2731.39599609375,2239.5420043945314,2077.2835046386717,6.645105973337695,3127.89990234375,1360.0,113.98529052734374,7.48058397445206,95.29737206085753,9,https://www.tradingview.com/symbols/AZAD/?exchange=NSE,True,True,True,True,True,True,True,True,True
KTKBANK,daily,328.20001220703125,318.26497131347656,273.1087517293294,253.34078628540038,5.781379601539194,345.3999938964844,167.6434307691943,95.77266505532549,5.240701112041157,95.15905947441216,9,https://www.tradingview.com/symbols/KTKBANK/?exchange=NSE,True,True,True,True,True,True,True,True,True
MCX,daily,3318.199951171875,3133.0494677734373,2916.5258447265624,2769.6965911865236,5.329084432155051,3481.39990234375,1592.0989709225369,108.4166883952669,4.918327815484358,95.0207468879668,9,https://www.tradingview.com/symbols/MCX/?exchange=NSE,True,True,True,True,True,True,True,True,True
SMLMAH,daily,5850.5,5810.586005859375,4560.998180338542,4456.158277587891,8.43483732918009,6898.5,2703.052088847761,116.44052011198616,17.912998888983857,94.88243430152143,9,https://www.tradingview.com/symbols/SMLMAH/?exchange=NSE,True,True,True,True,True,True,True,True,True
GLAND,daily,3061.800048828125,2861.6721484375,2311.500179036458,2169.6703771972657,6.5565478487036755,3171.0,1561.8007505195303,96.04293619462166,3.5665278408258727,94.74412171507606,9,https://www.tradingview.com/symbols/GLAND/?exchange=NSE,True,True,True,True,True,True,True,True,True
EMIL,daily,191.1699981689453,182.07580108642577,135.62533376057942,126.38915031433106,7.060455395084175,212.63999938964844,84.9000015258789,125.1707829600846,11.23084240537009,94.6058091286307,9,https://www.tradingview.com/symbols/EMIL/?exchange=NSE,True,True,True,True,True,True,True,True,True
DYNAMATECH,daily,13321.0,11919.579453125,10975.472037760417,10527.906628417968,3.9032810875081037,14409.0,6756.698232049184,97.15250766734304,8.167554988364234,94.46749654218533,9,https://www.tradingview.com/symbols/DYNAMATECH/?exchange=NSE,True,True,True,True,True,True,True,True,True
SAILIFE,daily,1505.5999755859375,1499.3379956054687,1242.8736645507813,1156.020498046875,7.089554789574826,1697.0,783.8499755859375,92.07756872869493,12.712541678912759,94.32918395573996,9,https://www.tradingview.com/symbols/SAILIFE/?exchange=NSE,True,True,True,True,True,True,True,True,True
QPOWER,daily,1532.199951171875,1386.597333984375,1190.4605883789063,1080.898024597168,8.73481624152166,1681.0,580.4955789253012,163.9468769096414,9.711529406740805,94.05255878284923,9,https://www.tradingview.com/symbols/QPOWER/?exchange=NSE,True,True,True,True,True,True,True,True,True
LLOYDSENGG,daily,94.41999816894531,89.89769622802734,74.0579679107666,68.3539938735962,6.472224613694899,104.19999694824219,37.297425311917706,153.15419865932446,10.357973913320318,93.91424619640387,9,https://www.tradingview.com/symbols/LLOYDSENGG/?exchange=NSE,True,True,True,True,True,True,True,True,True
OPTIEMUS,daily,815.8499755859375,635.47,501.6726670328776,488.0625003051758,3.696696176561365,924.9000244140625,288.0,183.28124152289496,13.366434037067432,93.7759336099585,9,https://www.tradingview.com/symbols/OPTIEMUS/?exchange=NSE,True,True,True,True,True,True,True,True,True
ICIL,daily,436.29998779296875,434.30218811035155,356.4454959106445,334.98863708496094,5.017735661494238,485.95001220703125,216.04358355223812,101.94998648847809,11.379790466008966,93.63762102351313,9,https://www.tradingview.com/symbols/ICIL/?exchange=NSE,True,True,True,True,True,True,True,True,True
BBOX,daily,892.0999755859375,775.5798034667969,764.9956520589193,705.4932173156739,4.533409693505619,1101.5073628455477,443.6987723274004,101.05982509405433,23.47353357139932,93.3609958506224,9,https://www.tradingview.com/symbols/BBOX/?exchange=NSE,True,True,True,True,True,True,True,True,True
BHEL,daily,433.6000061035156,422.19000122070315,376.5445736694336,349.4783260345459,4.782151750512842,455.95001220703125,228.8019259330385,89.50889697948332,5.154521630283337,93.22268326417704,9,https://www.tradingview.com/symbols/BHEL/?exchange=NSE,True,True,True,True,True,True,True,True,True
DIVISLAB,daily,9340.0,9004.83,7373.5758984375,7095.7933203125,4.925749894295173,9740.0,5624.307044364768,66.06490233064608,4.282655246252687,93.08437067773167,9,https://www.tradingview.com/symbols/DIVISLAB/?exchange=NSE,True,True,True,True,True,True,True,True,True
NAVINFLUOR,daily,8352.5,8325.83,7383.478069661458,7060.761083984375,4.149180494552529,8949.5,4504.255320019595,85.43575811247892,7.147560610595627,92.66943291839557,9,https://www.tradingview.com/symbols/NAVINFLUOR/?exchange=NSE,True,True,True,True,True,True,True,True,True
REDINGTON,daily,388.0,368.5830010986328,280.35589599609375,275.4696918487549,5.056787896008874,419.5,187.19874597305954,107.26634571357572,8.118556701030922,92.5311203319502,9,https://www.tradingview.com/symbols/REDINGTON/?exchange=NSE,True,True,True,True,True,True,True,True,True
PTCIL,daily,24470.0,21252.2,18465.8,18343.245,2.9413918704716657,24800.0,14499.0,68.77026001793227,1.3485901103391873,92.39280774550484,9,https://www.tradingview.com/symbols/PTCIL/?exchange=NSE,True,True,True,True,True,True,True,True,True
ENTERO,daily,1676.199951171875,1618.5400048828126,1326.821338704427,1271.7745040893556,6.687837584268408,1920.0,944.0,77.56355414956302,14.54480705942498,92.11618257261411,9,https://www.tradingview.com/symbols/ENTERO/?exchange=NSE,True,True,True,True,True,True,True,True,True
HONASA,daily,468.70001220703125,468.54027404785154,404.43975423177085,374.45175872802736,5.848029059608706,506.64561650495574,246.8630140577539,89.86238744430881,8.095925604790333,91.83955739972338,9,https://www.tradingview.com/symbols/HONASA/?exchange=NSE,True,True,True,True,True,True,True,True,True
ACMESOLAR,daily,418.1000061035156,405.0079998779297,342.19953267415366,313.24065422058106,7.60464002276231,476.8999938964844,195.72747422084996,113.61334568275821,14.063618018319456,91.70124481327801,9,https://www.tradingview.com/symbols/ACMESOLAR/?exchange=NSE,True,True,True,True,True,True,True,True,True
LOTUSDEV,daily,233.72999572753906,196.96483001708984,157.73656265258788,155.99195156097412,3.9978800496016875,248.10000610351562,101.81956678755641,129.55312333552743,6.1481241768933215,91.42461964038728,9,https://www.tradingview.com/symbols/LOTUSDEV/?exchange=NSE,True,True,True,True,True,True,True,True,True
SOLARINDS,daily,19870.0,19793.98,17500.416796875,16356.673349609375,4.881807424698992,22700.0,11639.12322904721,70.71732645987782,14.242576748867641,91.28630705394191,9,https://www.tradingview.com/symbols/SOLARINDS/?exchange=NSE,True,True,True,True,True,True,True,True,True
WELENT,daily,732.3499755859375,687.1119982910157,575.6118825276693,553.8728636169434,5.007251544355795,841.9000244140625,409.9812045484441,78.63013412835653,14.95870177922467,91.14799446749655,9,https://www.tradingview.com/symbols/WELENT/?exchange=NSE,True,True,True,True,True,True,True,True,True
MANORAMA,daily,2043.4000244140625,1867.5058081054688,1588.371210123698,1525.9234643554687,4.730737577118149,2148.6752714346185,1060.1930872125888,92.73847840174815,5.151964655121466,90.87136929460581,9,https://www.tradingview.com/symbols/MANORAMA/?exchange=NSE,True,True,True,True,True,True,True,True,True
ENGINERSIN,daily,293.1000061035156,265.60288513183593,239.4038417561849,227.50208473205566,4.9161821929977645,321.3999938964844,161.02693362262252,82.01924330895802,9.655403344813962,90.73305670816045,9,https://www.tradingview.com/symbols/ENGINERSIN/?exchange=NSE,True,True,True,True,True,True,True,True,True
BALRAMCHIN,daily,678.1500244140625,668.4199963378907,576.9433331298828,542.4397494506836,4.978568935248728,780.9500122070312,393.54998779296875,72.31610861357991,15.158885805805333,90.59474412171508,9,https://www.tradingview.com/symbols/BALRAMCHIN/?exchange=NSE,True,True,True,True,True,True,True,True,True
AUROPHARMA,daily,1693.0,1656.6520068359375,1508.5633349609375,1427.2389990234376,3.863066447940966,1740.0,1066.800048828125,58.69890537216911,2.7761370348493797,90.17980636237898,9,https://www.tradingview.com/symbols/AUROPHARMA/?exchange=NSE,True,True,True,True,True,True,True,True,True
KARURVYSYA,daily,339.8999938964844,335.44300048828126,306.85808532714844,301.84793670654295,3.1257075223281694,358.6499938964844,206.89091369643776,64.28947401489327,5.516328430917916,89.90318118948825,9,https://www.tradingview.com/symbols/KARURVYSYA/?exchange=NSE,True,True,True,True,True,True,True,True,True
YATHARTH,daily,1014.2000122070312,962.2308825683593,840.5645678710938,794.1804830932617,4.723771626707118,1184.0,537.9315639475303,88.53699618674096,16.742258504164464,89.76486860304288,9,https://www.tradingview.com/symbols/YATHARTH/?exchange=NSE,True,True,True,True,True,True,True,True,True
GRAPHITE,daily,806.5999755859375,754.4999975585938,692.3283614095052,677.2410864257813,4.527116499810191,874.3499755859375,510.5948183076055,57.97261285562148,8.399454754605529,88.52005532503458,9,https://www.tradingview.com/symbols/GRAPHITE/?exchange=NSE,True,True,True,True,True,True,True,True,True
NAZARA,daily,377.6499938964844,363.4659991455078,304.2339990234375,295.54699913024905,5.033615115106205,401.8999938964844,215.6999969482422,75.08113084818567,6.421289657599472,88.24343015214384,9,https://www.tradingview.com/symbols/NAZARA/?exchange=NSE,True,True,True,True,True,True,True,True,True
IPCALAB,daily,1915.4000244140625,1898.6145556640624,1696.8216707356771,1637.2413372802735,3.639752617295078,2038.0,1247.2697331943216,53.567425989615344,6.400750444985603,87.41355463347165,9,https://www.tradingview.com/symbols/IPCALAB/?exchange=NSE,True,True,True,True,True,True,True,True,True
THELEELA,daily,587.5,539.6650030517578,473.0850016276042,462.65075119018553,3.550281767092889,609.0,384.5,52.79583875162548,3.659574468085114,87.27524204702628,9,https://www.tradingview.com/symbols/THELEELA/?exchange=NSE,True,True,True,True,True,True,True,True,True
MAHABANK,daily,83.16000366210938,81.7099998474121,78.58881174723307,74.78907178878784,3.9632643021576985,94.5,53.03273732049094,56.8088087921077,13.636358632169632,86.72199170124482,9,https://www.tradingview.com/symbols/MAHABANK/?exchange=NSE,True,True,True,True,True,True,True,True,True
CARBORUNIV,daily,1202.5999755859375,1142.6259912109374,1036.2749446614582,982.9050405883789,3.7740198262037783,1368.9000244140625,733.4511840295453,63.96455575665057,13.828376201911974,86.58367911479945,9,https://www.tradingview.com/symbols/CARBORUNIV/?exchange=NSE,True,True,True,True,True,True,True,True,True
NYKAA,daily,343.0,333.89100036621096,295.7471993001302,286.40554954528807,2.972759488515031,349.54998779296875,232.0,47.8448275862069,1.9096174323524062,85.61549100968188,9,https://www.tradingview.com/symbols/NYKAA/?exchange=NSE,True,True,True,True,True,True,True,True,True
ABDL,daily,711.5499877929688,638.3970043945312,578.5796179199219,563.0371031188965,0.8443878837210317,753.7999877929688,378.81990505354565,87.83331559422469,5.937741652002249,85.47717842323651,9,https://www.tradingview.com/symbols/ABDL/?exchange=NSE,True,True,True,True,True,True,True,True,True
RBLBANK,daily,400.70001220703125,397.24867370605466,356.34680318196615,344.4101112365723,3.4458226753939947,429.6000061035156,260.9244632419414,53.56935383842618,7.2123765949756224,85.06224066390041,9,https://www.tradingview.com/symbols/RBLBANK/?exchange=NSE,True,True,True,True,True,True,True,True,True
AXISCADES,daily,2082.300048828125,1766.047998046875,1746.654003092448,1639.1270037841796,4.185299408470566,2360.0,1063.300048828125,95.83372079433754,13.336212104886558,84.64730290456431,9,https://www.tradingview.com/symbols/AXISCADES/?exchange=NSE,True,True,True,True,True,True,True,True,True
GNFC,daily,592.7000122070312,567.118232421875,499.22913736979166,488.62118377685545,2.66804725382348,636.0,351.9886096859767,68.38613406717988,7.305548658879379,84.37067773167358,9,https://www.tradingview.com/symbols/GNFC/?exchange=NSE,True,True,True,True,True,True,True,True,True
PVRINOX,daily,1309.199951171875,1219.5009985351562,1068.226669514974,1055.2357525634766,1.7878343157863297,1374.800048828125,907.4000244140625,44.280352209299046,5.0107011994257045,83.95573997233748,9,https://www.tradingview.com/symbols/PVRINOX/?exchange=NSE,True,True,True,True,True,True,True,True,True
LALPATHLAB,daily,1933.5999755859375,1922.4260034179688,1663.5543416341145,1600.597967529297,3.092936567182969,2038.5999755859375,1266.16157090969,52.713525667716944,5.430285546429103,83.54080221300138,9,https://www.tradingview.com/symbols/LALPATHLAB/?exchange=NSE,True,True,True,True,True,True,True,True,True
PNBHOUSING,daily,1150.0,1135.3624096679687,1020.8782706705729,989.2272048950196,2.6924353102638854,1211.5,723.9501950006703,58.850706573666336,5.34782608695652,81.74273858921161,9,https://www.tradingview.com/symbols/PNBHOUSING/?exchange=NSE,True,True,True,True,True,True,True,True,True
NUVAMA,daily,1764.4000244140625,1736.3539965820312,1582.5687858072918,1529.3359576416015,2.15919370434714,2066.0,1086.5091731363827,62.39163626394788,17.093627942228995,81.60442600276625,9,https://www.tradingview.com/symbols/NUVAMA/?exchange=NSE,True,True,True,True,True,True,True,True,True
TI,daily,548.0499877929688,541.4253552246093,474.6746677652995,466.0571078491211,2.0516417678793752,607.7999877929688,380.8184953584051,43.9137002201468,10.90229017988249,80.49792531120332,9,https://www.tradingview.com/symbols/TI/?exchange=NSE,True,True,True,True,True,True,True,True,True
STAR,daily,1095.300048828125,1076.4891931152345,1046.5209195963541,1005.9853997802734,3.075343084261628,1260.9000244140625,765.0675335548549,43.1638385880601,15.119142536614971,80.22130013831259,9,https://www.tradingview.com/symbols/STAR/?exchange=NSE,True,True,True,True,True,True,True,True,True
ACE,daily,1176.9000244140625,1153.8832177734375,992.2673628743489,967.2021884155273,2.7589702759238888,1268.0,743.7339869667156,58.2420657168021,7.740672418737771,79.11479944674966,9,https://www.tradingview.com/symbols/ACE/?exchange=NSE,True,True,True,True,True,True,True,True,True
SHYAMMETL,daily,1066.800048828125,1045.2323510742187,948.1856990559896,920.1476657104492,3.2258813740133174,1148.0,742.7285204868352,43.632568213331965,7.6115436309805995,78.5615491009682,9,https://www.tradingview.com/symbols/SHYAMMETL/?exchange=NSE,True,True,True,True,True,True,True,True,True
MIDHANI,daily,440.5,423.9595428466797,397.24926228841144,384.66086990356445,3.36035078123591,480.94770175684044,265.84722513732504,65.69667024828149,9.182225143437094,78.42323651452283,9,https://www.tradingview.com/symbols/MIDHANI/?exchange=NSE,True,True,True,True,True,True,True,True,True
ADANIPORTS,daily,1761.0,1720.9600024414062,1682.4446736653647,1630.3917358398437,1.8691789014913418,1891.0999755859375,1286.5777387006826,36.87474507202631,7.387846427367273,77.86998616874136,9,https://www.tradingview.com/symbols/ADANIPORTS/?exchange=NSE,True,True,True,True,True,True,True,True,True
MOTILALOFS,daily,1026.0,979.6680017089843,882.2753348795572,862.4249319458008,1.5203920083810107,1090.25,614.9000244140625,66.85639278965294,6.262183235867447,77.731673582296,9,https://www.tradingview.com/symbols/MOTILALOFS/?exchange=NSE,True,True,True,True,True,True,True,True,True
VMART,daily,811.1500244140625,804.2309997558593,704.6506805419922,688.8168852233887,0.16348100348901884,886.8128854091074,457.2878261718021,77.38281624608896,9.327850424426764,76.76348547717843,9,https://www.tradingview.com/symbols/VMART/?exchange=NSE,True,True,True,True,True,True,True,True,True
KPIL,daily,1391.9000244140625,1381.6999951171874,1287.3068831380208,1249.4548846435546,1.966258496755957,1490.0,999.0966928066694,39.31584744855148,7.04791823157227,75.65698478561549,9,https://www.tradingview.com/symbols/KPIL/?exchange=NSE,True,True,True,True,True,True,True,True,True
MRPL,daily,172.1300048828125,171.74420043945312,168.71996164957682,167.29603797912597,0.9804231398857777,212.0,129.41961793811487,33.00147815698284,23.162722352986222,74.8271092669433,9,https://www.tradingview.com/symbols/MRPL/?exchange=NSE,True,True,True,True,True,True,True,True,True
URBANCO,daily,160.25,158.53120025634766,137.55446685791014,134.5603500366211,2.722097904268539,183.97000122070312,100.69999694824219,59.13605248902374,14.801872836632214,72.61410788381743,9,https://www.tradingview.com/symbols/URBANCO/?exchange=NSE,True,True,True,True,True,True,True,True,True
USHAMART,daily,503.95001220703125,502.88515625,473.6201965332031,461.7721057128906,1.8461889763078165,542.5999755859375,377.1664104167085,33.61476480640129,7.669404195396301,71.9225449515906,9,https://www.tradingview.com/symbols/USHAMART/?exchange=NSE,True,True,True,True,True,True,True,True,True
INDGN,daily,580.0999755859375,578.4190002441406,522.7161444091797,516.130754699707,1.5157962428470784,627.0,412.19021062389317,40.73599048068009,8.084817512134968,70.6777316735823,9,https://www.tradingview.com/symbols/INDGN/?exchange=NSE,True,True,True,True,True,True,True,True,True
ATHERENERG,daily,1434.4000244140625,1505.09400390625,1137.6086665852865,1023.9902496337891,9.836139942271927,1744.0,582.0,146.46048529451247,21.583935465450498,98.3402489626556,8,https://www.tradingview.com/symbols/ATHERENERG/?exchange=NSE,False,True,True,True,True,True,True,True,True
ACUTAAS,daily,3160.60009765625,3235.8177392578127,2980.447332356771,2698.2472399902344,6.690265279304364,3737.2044731885353,1372.0736419637474,130.35207447996137,18.243509387975653,96.81881051175657,8,https://www.tradingview.com/symbols/ACUTAAS/?exchange=NSE,False,True,True,True,True,True,True,True,True
MARKSANS,daily,309.1000061035156,315.6927685546875,248.91736328125,230.7404419708252,7.065675560848983,350.95001220703125,154.57339337516265,99.96973564092228,13.539309374681906,96.54218533886583,8,https://www.tradingview.com/symbols/MARKSANS/?exchange=NSE,False,True,True,True,True,True,True,True,True
TMB,daily,855.4500122070312,882.7819982910156,760.680721842448,715.1618374633789,6.341992437220112,954.2000122070312,413.1587106622762,107.05118641593701,11.543631841821878,96.12724757952974,8,https://www.tradingview.com/symbols/TMB/?exchange=NSE,False,True,True,True,True,True,True,True,True
SONACOMS,daily,793.0,801.6160009765625,659.1068636067708,617.5621546936035,5.8618044901433075,844.0,401.87242738536247,97.3263020703778,6.431273644388402,95.71230982019364,8,https://www.tradingview.com/symbols/SONACOMS/?exchange=NSE,False,True,True,True,True,True,True,True,True
KRN,daily,1386.0999755859375,1434.2399951171874,1231.048330891927,1107.1152481079102,7.0479688071287905,1687.0,589.7999877929688,135.01186915461338,21.70839259172954,94.1908713692946,8,https://www.tradingview.com/symbols/KRN/?exchange=NSE,False,True,True,True,True,True,True,True,True
AKUMS,daily,751.8499755859375,760.1889965820312,625.8713909912109,581.6853666687011,7.51359900647639,838.7999877929688,407.37371334346585,84.5602578073161,11.564808809000592,93.49930843706777,8,https://www.tradingview.com/symbols/AKUMS/?exchange=NSE,False,True,True,True,True,True,True,True,True
RAIN,daily,211.60000610351562,212.5270751953125,177.34459142049153,169.3051777648926,7.314118992005203,250.82236847510148,99.43315286007488,112.80629248605352,18.53608754264313,92.80774550484094,8,https://www.tradingview.com/symbols/RAIN/?exchange=NSE,False,True,True,True,True,True,True,True,True
BLUESTONE,daily,817.6500244140625,828.8130053710937,631.1966693115235,587.6022518920898,5.660103357369484,969.9000244140625,399.79998779296875,104.5147697296759,18.62043606115027,92.25449515905947,8,https://www.tradingview.com/symbols/BLUESTONE/?exchange=NSE,False,True,True,True,True,True,True,True,True
ARVIND,daily,509.45001220703125,543.8017321777344,478.0820491536458,440.5719512939453,5.501664368496884,607.1500244140625,275.6944407527197,84.78791622206681,19.17754634724156,91.97786998616874,8,https://www.tradingview.com/symbols/ARVIND/?exchange=NSE,False,True,True,True,True,True,True,True,True
ASTRAMICRO,daily,1652.9000244140625,1690.3201416015625,1434.4633068847656,1311.260535583496,6.44776753280869,1957.2277658555508,849.7963206864241,94.50543432324234,18.411745232405675,91.56293222683264,8,https://www.tradingview.com/symbols/ASTRAMICRO/?exchange=NSE,False,True,True,True,True,True,True,True,True
RADICO,daily,4415.0,4501.003984375,3751.6043375651043,3547.5754748535155,3.8785235779269067,4747.0,2494.465428414862,76.99182958031874,7.519818799546996,91.00968188105118,8,https://www.tradingview.com/symbols/RADICO/?exchange=NSE,False,True,True,True,True,True,True,True,True
QUESS,daily,320.75,342.19724609375,261.1707823689779,245.93522048950194,6.8291342419477985,388.75,162.53922482226787,97.33698148907209,21.200311769290714,90.45643153526972,8,https://www.tradingview.com/symbols/QUESS/?exchange=NSE,False,True,True,True,True,True,True,True,True
FEDERALBNK,daily,330.0,343.25700622558594,314.34431681315107,304.6052809906006,2.796654505833418,370.4344787597656,191.14697308525902,72.64202235251045,12.252872351444122,90.04149377593362,8,https://www.tradingview.com/symbols/FEDERALBNK/?exchange=NSE,False,True,True,True,True,True,True,True,True
SHRIPISTON,daily,4270.39990234375,4489.932001953125,3857.594851888021,3650.7834997558593,5.3517881024753855,4843.0,2518.619011912407,69.55323064528136,13.408582585953743,89.48824343015215,8,https://www.tradingview.com/symbols/SHRIPISTON/?exchange=NSE,False,True,True,True,True,True,True,True,True
GMMPFAUDLR,daily,1299.800048828125,1180.03099609375,951.2965059407552,967.3471688842774,3.261409788280134,1533.5999755859375,734.1152411860135,77.05667665041376,17.987376363664698,89.34993084370679,8,https://www.tradingview.com/symbols/GMMPFAUDLR/?exchange=NSE,True,True,True,True,False,True,True,True,True
WOCKPHARMA,daily,2029.5999755859375,2031.0119970703124,1756.9719938151043,1667.4449932861328,5.747930515710653,2422.300048828125,1086.699951171875,86.76728322268335,19.348643967578717,89.21161825726142,8,https://www.tradingview.com/symbols/WOCKPHARMA/?exchange=NSE,False,True,True,True,True,True,True,True,True
VARROC,daily,802.9000244140625,816.7355639648438,648.4448417154948,630.7464517211914,3.5316435205785313,912.2000122070312,461.0607825414901,74.14190380458369,13.61315038852231,89.07330567081605,8,https://www.tradingview.com/symbols/VARROC/?exchange=NSE,False,True,True,True,True,True,True,True,True
CRAFTSMAN,daily,10183.0,10712.41,9122.486253255209,8745.559145507812,5.099267953550579,11999.0,6316.2925601072975,61.21799145774553,17.83364430914269,88.93499308437067,8,https://www.tradingview.com/symbols/CRAFTSMAN/?exchange=NSE,False,True,True,True,True,True,True,True,True
SHAILY,daily,3053.0,3219.5106396484375,2763.38810546875,2603.23607421875,2.7332351977206626,3611.994309186523,1769.3296744445486,72.55122344333247,18.309672754226103,88.79668049792531,8,https://www.tradingview.com/symbols/SHAILY/?exchange=NSE,False,True,True,True,True,True,True,True,True
VIJAYA,daily,1431.0999755859375,1465.231982421875,1270.4281412760417,1202.6025979614258,4.528490316915645,1593.5999755859375,846.8252647277601,68.99589976758804,11.354902017482548,88.65836791147994,8,https://www.tradingview.com/symbols/VIJAYA/?exchange=NSE,False,True,True,True,True,True,True,True,True
PCJEWELLER,daily,14.8100004196167,11.664800052642823,9.925933335622151,9.976299996376037,3.3262043820186937,15.0,7.46999979019165,98.2597166744597,1.2829140783253035,88.38174273858921,8,https://www.tradingview.com/symbols/PCJEWELLER/?exchange=NSE,True,True,True,True,False,True,True,True,True
ALIVUS,daily,1326.300048828125,1358.150126953125,1152.8956388346355,1090.5100619506836,5.094460473826112,1488.4866814641196,816.0868402393627,62.519475064579396,12.228502349773507,88.10511756569848,8,https://www.tradingview.com/symbols/ALIVUS/?exchange=NSE,False,True,True,True,True,True,True,True,True
HSCL,daily,659.9500122070312,695.9190026855468,625.1126550292969,586.2816708374023,4.182761133319879,819.5,417.9330556788151,57.908067629426306,24.176071648123056,87.96680497925311,8,https://www.tradingview.com/symbols/HSCL/?exchange=NSE,False,True,True,True,True,True,True,True,True
PAYTM,daily,1636.0,1641.0319995117188,1302.4406665039062,1285.122501220703,3.7644747611151663,1855.5,930.5999755859375,75.80056339136681,13.416870415647919,87.82849239280775,8,https://www.tradingview.com/symbols/PAYTM/?exchange=NSE,False,True,True,True,True,True,True,True,True
NEULANDLAB,daily,20890.0,22323.28,18117.63295572917,17074.736259765625,3.8190139057266093,24225.0,11478.786028437366,81.98788572456563,15.964576352321691,87.69017980636238,8,https://www.tradingview.com/symbols/NEULANDLAB/?exchange=NSE,False,True,True,True,True,True,True,True,True
SOUTHBANK,daily,46.38999938964844,46.40279914855957,43.013771794637044,42.40127513885498,2.125736333466288,50.68000030517578,28.648336372737898,61.929121419398435,9.247684785451039,87.55186721991701,8,https://www.tradingview.com/symbols/SOUTHBANK/?exchange=NSE,False,True,True,True,True,True,True,True,True
GESHIP,daily,1533.699951171875,1395.578447265625,1420.6264957682292,1356.4344787597656,3.399319175274984,1766.7330608502607,969.6359336843161,58.172763394224724,15.194178594080853,87.13692946058092,8,https://www.tradingview.com/symbols/GESHIP/?exchange=NSE,True,True,True,False,True,True,True,True,True
MSTCLTD,daily,672.0,686.5629919433594,564.4769486490885,540.2359436035156,5.346708315887527,795.731978165477,357.9805560549056,87.7196927692719,18.412496750815023,86.86030428769018,8,https://www.tradingview.com/symbols/MSTCLTD/?exchange=NSE,False,True,True,True,True,True,True,True,True
JINDALSAW,daily,269.6000061035156,284.51800018310547,247.85493001302083,229.61951881408692,6.406424282941892,320.0,151.60325107352764,77.8326020018921,18.694359330664412,86.30705394190872,8,https://www.tradingview.com/symbols/JINDALSAW/?exchange=NSE,False,True,True,True,True,True,True,True,True
RBA,daily,92.61000061035156,94.1820004272461,75.99626670837402,73.17355009078979,4.985982618270035,111.1500015258789,57.150001525878906,62.047240835882576,20.019437202611368,86.16874135546335,8,https://www.tradingview.com/symbols/RBA/?exchange=NSE,False,True,True,True,True,True,True,True,True
WABAG,daily,1934.0999755859375,2018.4999951171876,1727.0443408203125,1601.193422241211,5.122662564772007,2319.0,1030.4859602847353,87.68814424715919,19.900730534752054,86.03042876901799,8,https://www.tradingview.com/symbols/WABAG/?exchange=NSE,False,True,True,True,True,True,True,True,True
GRANULES,daily,815.25,851.6110009765625,768.8031685384115,722.7798721313477,4.802882598070379,923.6500244140625,521.6134321995662,56.29390458029657,13.296537799946329,85.89211618257261,8,https://www.tradingview.com/symbols/GRANULES/?exchange=NSE,False,True,True,True,True,True,True,True,True
MOTHERSON,daily,153.0800018310547,162.3433996582031,141.84204060872395,136.4410765838623,3.9014056077838033,173.27000427246094,100.52274639930697,52.28394300228756,13.18918356408747,85.75380359612724,8,https://www.tradingview.com/symbols/MOTHERSON/?exchange=NSE,False,True,True,True,True,True,True,True,True
VOLTAMP,daily,10399.0,10534.62,9809.2755859375,9268.033107910156,3.3396077667150914,12724.746990128295,6594.353209382375,57.69552630581592,22.36510231876425,85.33886583679114,8,https://www.tradingview.com/symbols/VOLTAMP/?exchange=NSE,False,True,True,True,True,True,True,True,True
RKFORGE,daily,700.75,715.1439990234375,611.9439375813802,590.3523677062989,3.4241148869144977,772.7999877929688,459.4101971519111,52.532530697895275,10.281839142771144,85.20055325034578,8,https://www.tradingview.com/symbols/RKFORGE/?exchange=NSE,False,True,True,True,True,True,True,True,True
DCBBANK,daily,203.7899932861328,205.51779968261718,188.91249572753907,187.70152420043945,2.2197866625287777,234.8000030517578,126.35056788454581,61.28933703910862,15.2166498784291,84.92392807745505,8,https://www.tradingview.com/symbols/DCBBANK/?exchange=NSE,False,True,True,True,True,True,True,True,True
GAEL,daily,163.42999267578125,167.8135321044922,156.84420349121095,151.5298457336426,3.5823142303272215,184.66065065257942,101.01982127662673,61.780124544325,12.990674250910828,84.78561549100968,8,https://www.tradingview.com/symbols/GAEL/?exchange=NSE,False,True,True,True,True,True,True,True,True
IDEA,daily,12.800000190734863,13.897200050354003,12.633200035095214,12.267600045204162,3.231778471500024,15.789999961853027,8.130000114440918,57.44157454559999,23.359372863778873,84.50899031811895,8,https://www.tradingview.com/symbols/IDEA/?exchange=NSE,False,True,True,True,True,True,True,True,True
APOLLO,daily,388.3500061035156,393.69310791015624,348.33271362304686,322.7647017669678,5.098529341974323,466.21327810672074,179.38966604060064,116.4840454163183,20.04976716350313,84.23236514522821,8,https://www.tradingview.com/symbols/APOLLO/?exchange=NSE,False,True,True,True,True,True,True,True,True
LLOYDSME,daily,1815.5,1878.1780004882812,1718.6642041015625,1598.4467083740235,4.193573374329818,2125.0,1042.2770517704853,74.18593232155153,17.047645276783264,84.09405255878285,8,https://www.tradingview.com/symbols/LLOYDSME/?exchange=NSE,False,True,True,True,True,True,True,True,True
AJANTPHARM,daily,3410.10009765625,3541.5090185546874,3207.485372721354,3101.5164501953127,3.608375128418273,3796.0,2331.548247588081,46.259040583179,11.316380495956047,83.81742738589212,8,https://www.tradingview.com/symbols/AJANTPHARM/?exchange=NSE,False,True,True,True,True,True,True,True,True
BELRISE,daily,234.1699981689453,237.63251861572266,222.174541015625,210.72972091674805,4.104761719251582,267.55305639788776,142.2460279440868,64.62322467168747,14.255907456111338,83.26417704011065,8,https://www.tradingview.com/symbols/BELRISE/?exchange=NSE,False,True,True,True,True,True,True,True,True
ANANDRATHI,daily,2038.699951171875,2158.145979003906,1918.0196720377605,1816.8031256103516,4.495444600158227,2268.39990234375,1351.1991966764108,50.88078472711739,11.266981737054538,83.12586445366529,8,https://www.tradingview.com/symbols/ANANDRATHI/?exchange=NSE,False,True,True,True,True,True,True,True,True
PRIVISCL,daily,3446.300048828125,3511.7924951171876,3343.936359049479,3220.8165063476563,1.253215328799273,3774.7057070510364,2338.7359172035817,47.357383254662366,9.529224198995156,82.84923928077455,8,https://www.tradingview.com/symbols/PRIVISCL/?exchange=NSE,False,True,True,True,True,True,True,True,True
OFSS,daily,10510.0,11457.96,9845.551165364583,9196.256638183593,3.950956340993561,12540.0,6060.863819699785,73.40762493027924,19.314938154138915,82.71092669432917,8,https://www.tradingview.com/symbols/OFSS/?exchange=NSE,False,True,True,True,True,True,True,True,True
CUB,daily,231.4199981689453,222.23120056152345,205.29336354573567,207.03005294799806,1.3388028968007726,248.85000610351562,156.4468267711922,47.922462184166534,7.531763923809964,82.57261410788381,8,https://www.tradingview.com/symbols/CUB/?exchange=NSE,True,True,True,True,False,True,True,True,True
CAPLIPOINT,daily,2460.800048828125,2631.8782861328127,2238.4623714192708,2127.7082360839845,4.212615347838056,2990.0,1495.027411428422,64.59899196610425,21.505199149515985,82.43430152143844,8,https://www.tradingview.com/symbols/CAPLIPOINT/?exchange=NSE,False,True,True,True,True,True,True,True,True
LUMAXTECH,daily,1827.4000244140625,1935.17294921875,1710.5184513346355,1670.1707495117187,3.4486722284682303,2190.0,1116.3719883205647,63.69095996067997,19.842397435788662,82.29598893499308,8,https://www.tradingview.com/symbols/LUMAXTECH/?exchange=NSE,False,True,True,True,True,True,True,True,True
JAMNAAUTO,daily,142.6699981689453,129.09600692749024,125.77616846720377,126.56735012054443,1.6006782668188224,154.0,87.88870597445316,62.33029783191435,7.9414046235831925,82.15767634854771,8,https://www.tradingview.com/symbols/JAMNAAUTO/?exchange=NSE,True,True,True,True,False,True,True,True,True
FLUOROCHEM,daily,4476.7998046875,4573.1816796875,3952.590681966146,3818.9501831054686,3.210605307159442,4955.618691060383,2914.6699865065048,53.595426769167396,10.695561724058521,82.01936376210234,8,https://www.tradingview.com/symbols/FLUOROCHEM/?exchange=NSE,False,True,True,True,True,True,True,True,True
EMCURE,daily,1833.5,1924.61880859375,1765.8783178710937,1692.777333984375,3.7032003260651702,2100.699951171875,1297.1771519600281,41.345381949534854,14.573217953197437,81.32780082987551,8,https://www.tradingview.com/symbols/EMCURE/?exchange=NSE,False,True,True,True,True,True,True,True,True
CGCL,daily,241.82000732421875,247.6889761352539,215.26836669921875,205.5288550567627,3.897889998908566,287.45001220703125,150.98878430750037,60.15759609782243,18.869408444618195,81.05117565698478,8,https://www.tradingview.com/symbols/CGCL/?exchange=NSE,False,True,True,True,True,True,True,True,True
NETWEB,daily,4721.60009765625,4911.88994140625,4309.786184895834,4045.258428955078,4.2147346856681756,5813.0,2918.180990781822,61.799426168945956,23.11504320083162,80.91286307053942,8,https://www.tradingview.com/symbols/NETWEB/?exchange=NSE,False,True,True,True,True,True,True,True,True
ASKAUTOLTD,daily,588.1500244140625,624.2920013427735,504.0054461669922,491.4387255859375,3.5020463721243678,687.7000122070312,373.9332517882958,57.287436086867885,16.925951485276958,80.35961272475795,8,https://www.tradingview.com/symbols/ASKAUTOLTD/?exchange=NSE,False,True,True,True,True,True,True,True,True
CARTRADE,daily,2951.0,2926.2360009765625,2373.4253263346354,2394.993494873047,0.021674963181794737,3290.5,1600.0,84.43750000000001,11.504574720433759,80.08298755186722,8,https://www.tradingview.com/symbols/CARTRADE/?exchange=NSE,True,True,True,True,False,True,True,True,True
GRINDWELL,daily,1990.5999755859375,2011.6820068359375,1855.6729646809895,1788.5023193359375,2.4818502860417757,2455.0,1316.5038257707065,51.20350861271537,23.3296508645523,79.52973720608576,8,https://www.tradingview.com/symbols/GRINDWELL/?exchange=NSE,False,True,True,True,True,True,True,True,True
GABRIEL,daily,1362.199951171875,1395.005244140625,1184.6777095540365,1132.504193725586,3.4784243289020855,1596.6964052725275,794.0570601010174,71.54937845380786,17.214539899147674,79.39142461964039,8,https://www.tradingview.com/symbols/GABRIEL/?exchange=NSE,False,True,True,True,True,True,True,True,True
ANTHEM,daily,862.2999877929688,887.1359997558594,788.4303784179688,753.2451196289062,3.6926104473657517,977.5499877929688,577.6439689831894,49.27880045399788,13.365418257163487,78.83817427385893,8,https://www.tradingview.com/symbols/ANTHEM/?exchange=NSE,False,True,True,True,True,True,True,True,True
SAREGAMA,daily,481.8500061035156,506.02099975585935,436.80499877929685,413.98899856567385,3.232137026943449,574.5,307.04998779296875,56.9288471779414,19.2279740008098,78.69986168741356,8,https://www.tradingview.com/symbols/SAREGAMA/?exchange=NSE,False,True,True,True,True,True,True,True,True
TORNTPHARM,daily,4617.10009765625,4914.49,4600.3106087239585,4444.708190917969,2.9143703791792097,5250.0,3450.040733610751,33.82740825857078,13.707736218779942,78.28492392807746,8,https://www.tradingview.com/symbols/TORNTPHARM/?exchange=NSE,False,True,True,True,True,True,True,True,True
ELGIEQUIP,daily,583.1500244140625,605.8869970703125,568.531327311198,544.6002006530762,2.3259153230070773,653.4000244140625,406.3547440834414,43.50762059623394,12.046642726386892,77.17842323651453,8,https://www.tradingview.com/symbols/ELGIEQUIP/?exchange=NSE,False,True,True,True,True,True,True,True,True
CGPOWER,daily,855.5499877929688,882.3619982910157,849.7323323567708,798.0338772583008,2.94964659254795,980.9000244140625,524.3427016609982,63.166185985383486,14.651398329682031,77.04011065006917,8,https://www.tradingview.com/symbols/CGPOWER/?exchange=NSE,False,True,True,True,True,True,True,True,True
UJJIVANSFB,daily,62.29999923706055,67.60180007934571,60.990800094604495,60.598550148010254,2.03820290310599,73.94000244140625,46.0099983215332,35.40534994521709,18.683793494208235,76.62517289073307,8,https://www.tradingview.com/symbols/UJJIVANSFB/?exchange=NSE,False,True,True,True,True,True,True,True,True
AARTIPHARM,daily,855.5,842.811806640625,735.2119307454427,738.0476379394531,2.722779863309155,1002.4000244140625,583.5851680913014,46.59385583736386,17.17124773980858,76.34854771784232,8,https://www.tradingview.com/symbols/AARTIPHARM/?exchange=NSE,True,True,True,True,False,True,True,True,True
KALYANKJIL,daily,554.0,589.2663024902344,469.2668088785807,461.3564453125,2.1978688315527517,646.3128397837881,325.72095783386743,70.08423519452049,16.66296746999787,76.07192254495159,8,https://www.tradingview.com/symbols/KALYANKJIL/?exchange=NSE,False,True,True,True,True,True,True,True,True
JYOTICNC,daily,999.7000122070312,968.6600024414063,815.0203352864584,832.9992514038086,0.7812671370021507,1134.5999755859375,580.0999755859375,72.33236584733025,13.494044386484338,75.79529737206086,8,https://www.tradingview.com/symbols/JYOTICNC/?exchange=NSE,True,True,True,True,False,True,True,True,True
ZYDUSLIFE,daily,1112.0,1143.8619995117188,1052.3101985677083,1014.8978582763672,2.4698570365777384,1232.0999755859375,834.749872350541,33.213557358057535,10.800357516720993,75.38035961272476,8,https://www.tradingview.com/symbols/ZYDUSLIFE/?exchange=NSE,False,True,True,True,True,True,True,True,True
JSWINFRA,daily,338.75,340.4630010986328,303.1155995686849,293.9854334259033,3.012185027258063,375.5,232.71809982894663,45.562377936649256,10.84870848708488,74.55048409405256,8,https://www.tradingview.com/symbols/JSWINFRA/?exchange=NSE,False,True,True,True,True,True,True,True,True
AEGISVOPAK,daily,284.79998779296875,286.3741979980469,239.62307861328125,236.83337089538574,1.8666456138969112,320.95001220703125,157.88530940558778,80.3840958130898,12.693127093931356,74.4121715076072,8,https://www.tradingview.com/symbols/AEGISVOPAK/?exchange=NSE,False,True,True,True,True,True,True,True,True
STARHEALTH,daily,545.5,567.6629992675781,536.4406675211588,516.3052508544922,1.4946373841643767,624.9000244140625,416.54998779296875,30.956671704698557,14.555458187729142,74.27385892116183,8,https://www.tradingview.com/symbols/STARHEALTH/?exchange=NSE,False,True,True,True,True,True,True,True,True
BOSCHLTD,daily,43545.0,46472.995390625,39977.297838541665,39039.47634765625,3.0647116468193625,50000.0,28422.960694251175,53.20360348247397,14.823745550579858,74.13554633471647,8,https://www.tradingview.com/symbols/BOSCHLTD/?exchange=NSE,False,True,True,True,True,True,True,True,True
SUDARSCHEM,daily,1176.800048828125,1181.6192712402344,986.959384765625,970.7320681762695,2.570053293111574,1354.3500695931907,723.169537946061,62.72809999304738,15.08752663138251,73.9972337482711,8,https://www.tradingview.com/symbols/SUDARSCHEM/?exchange=NSE,False,True,True,True,True,True,True,True,True
ABCAPITAL,daily,380.70001220703125,398.79399963378904,370.08766642252607,365.1567497253418,1.192800391893556,430.70001220703125,287.70001220703125,32.32533752312685,13.133700655835323,73.85892116182573,8,https://www.tradingview.com/symbols/ABCAPITAL/?exchange=NSE,False,True,True,True,True,True,True,True,True
EDELWEISS,daily,127.88999938964844,127.89304748535156,118.49649719238282,116.42265254974365,2.638991189752704,146.0,96.92496747850444,31.947425639334128,14.160607316272621,73.72060857538037,8,https://www.tradingview.com/symbols/EDELWEISS/?exchange=NSE,False,True,True,True,True,True,True,True,True
ETERNAL,daily,323.45001220703125,322.65399963378906,277.0694669596354,277.6693502807617,1.155198165725313,368.45001220703125,212.60000610351562,52.140170706082856,13.912505271818244,73.44398340248964,8,https://www.tradingview.com/symbols/ETERNAL/?exchange=NSE,True,True,True,True,False,True,True,True,True
LLOYDSENT,daily,73.7300033569336,75.425400390625,68.89255111694337,66.58043872833252,2.6274698164527654,84.69999694824219,40.66239061884169,81.32235275603644,14.878601779253774,72.75242047026279,8,https://www.tradingview.com/symbols/LLOYDSENT/?exchange=NSE,False,True,True,True,True,True,True,True,True
PPLPHARMA,daily,196.42999267578125,208.73179992675782,178.0453327433268,174.9141995239258,1.658603595001984,231.92999267578125,132.3000030517578,48.47315808370374,18.072596509533412,71.64591977869986,8,https://www.tradingview.com/symbols/PPLPHARMA/?exchange=NSE,False,True,True,True,True,True,True,True,True
IIFLCAPS,daily,343.75,339.08399963378906,327.28600006103517,329.8478423309326,1.1106043052617531,407.5051309315702,240.39999389648438,42.99085221608527,18.546947180093156,71.36929460580913,8,https://www.tradingview.com/symbols/IIFLCAPS/?exchange=NSE,True,True,True,True,False,True,True,True,True
GLENMARK,daily,2293.0,2359.5644921875,2271.257497558594,2206.6429290771484,2.3236508925043475,2535.0776323504288,1790.8181412412814,28.042035491702034,10.55724519626815,71.23098201936376,8,https://www.tradingview.com/symbols/GLENMARK/?exchange=NSE,False,True,True,True,True,True,True,True,True
KAJARIACER,daily,1215.4000244140625,1213.5025122070313,1135.7335815429688,1092.8192620849609,1.50344125747226,1278.9528521893533,865.2617122743181,40.46617424217407,5.228963838957412,69.29460580912863,8,https://www.tradingview.com/symbols/KAJARIACER/?exchange=NSE,True,True,True,True,True,True,True,True,False
LXCHEM,daily,180.33999633789062,176.6624005126953,156.8114653523763,155.15004932403565,0.1490909862547518,216.4316077512647,107.41716450845627,67.88750397865289,20.013093127578706,67.91147994467497,8,https://www.tradingview.com/symbols/LXCHEM/?exchange=NSE,True,True,True,True,True,True,True,True,False
SPLPETRO,daily,783.6500244140625,762.8780004882813,727.6529333496094,695.2009465026855,3.057034503229006,899.0,457.2664603074991,71.37710556927344,14.719577871791056,67.21991701244814,8,https://www.tradingview.com/symbols/SPLPETRO/?exchange=NSE,True,True,True,True,True,True,True,True,False
GODREJAGRO,daily,628.4500122070312,618.0799975585937,583.6803165690104,578.6657702636719,1.5088320685211487,698.4000244140625,496.4533186222811,26.587936596145067,11.13056103879706,64.17704011065007,8,https://www.tradingview.com/symbols/GODREJAGRO/?exchange=NSE,True,True,True,True,True,True,True,True,False
PARAS,daily,1241.9000244140625,1368.7790112304688,1066.3130541992186,964.8072506713867,8.144691309254991,1583.9105379095645,580.1009628646058,114.08342752637681,27.53929517449403,96.2655601659751,7,https://www.tradingview.com/symbols/PARAS/?exchange=NSE,False,True,True,True,True,True,True,False,True
BALAMINES,daily,2040.800048828125,2198.401989746094,1830.7062561035157,1655.5375723266602,7.441282374267333,2629.800048828125,963.3273935013657,111.84906217713943,28.861230199314125,92.9460580912863,7,https://www.tradingview.com/symbols/BALAMINES/?exchange=NSE,False,True,True,True,True,True,True,False,True
CEMPRO,daily,1125.0999755859375,1257.9860034179687,1064.5531966145834,968.1240939331054,4.948669009217643,1649.199951171875,502.01526853255285,124.11668451334785,46.58252483855874,89.62655601659752,7,https://www.tradingview.com/symbols/CEMPRO/?exchange=NSE,False,True,True,True,True,True,True,False,True
DATAPATTNS,daily,4084.800048828125,4494.354008789062,4128.1296793619795,3764.0307775878905,4.922913834512355,5000.0,2126.3648658097904,92.10249917633479,22.40501224617919,86.44536652835409,7,https://www.tradingview.com/symbols/DATAPATTNS/?exchange=NSE,False,False,True,True,True,True,True,True,True
SPARC,daily,187.74000549316406,200.49120025634767,187.71080022176108,174.12205032348632,3.8780193824712317,289.0,108.0,73.83333841959636,53.936290371805164,83.67911479944675,7,https://www.tradingview.com/symbols/SPARC/?exchange=NSE,False,True,True,True,True,True,True,False,True
SHAREINDIA,daily,185.89999389648438,186.19156341552736,157.26073501586913,155.71166034698487,2.871941042498549,233.35000610351562,114.693516995367,62.08413410497624,25.524482928952153,83.40248962655602,7,https://www.tradingview.com/symbols/SHAREINDIA/?exchange=NSE,False,True,True,True,True,True,True,False,True
COFORGE,daily,1867.9000244140625,1836.3767993164063,1500.5079915364583,1521.3359088134766,-0.3660709042061061,2021.199951171875,1005.7569371911586,85.7208193493217,8.207073438306779,81.88105117565698,7,https://www.tradingview.com/symbols/COFORGE/?exchange=NSE,True,True,True,True,False,False,True,True,True
RATEGAIN,daily,830.9500122070312,894.6030041503906,760.3510013834635,726.0532514953613,2.5013580028793836,1050.0,437.0,90.1487442121353,26.361391729348995,81.46611341632088,7,https://www.tradingview.com/symbols/RATEGAIN/?exchange=NSE,False,True,True,True,True,True,True,False,True
PRUDENT,daily,3210.60009765625,3310.1000146484375,2891.5970068359375,2798.4556237792967,2.9429612304431974,4105.5,2118.407683707669,51.557234348631575,27.873290821769746,80.63623789764868,7,https://www.tradingview.com/symbols/PRUDENT/?exchange=NSE,False,True,True,True,True,True,True,False,True
THYROCARE,daily,501.0,576.712998046875,497.960605061849,480.7797203063965,2.0526035724380165,662.0,338.148639887055,48.159696921253015,32.13572854291418,79.94467496542185,7,https://www.tradingview.com/symbols/THYROCARE/?exchange=NSE,False,True,True,True,True,True,True,False,True
ABB,daily,6780.0,7321.86771484375,6930.701979166667,6522.995600585938,3.4589105637568673,7832.294844565128,4564.870705303207,48.52556485605128,15.520572928689202,79.80636237897649,7,https://www.tradingview.com/symbols/ABB/?exchange=NSE,False,False,True,True,True,True,True,True,True
IIFL,daily,597.7000122070312,620.9440026855468,533.8666674804688,541.2227891540527,0.8484748716806934,705.0,409.1000061035156,46.101198555297415,17.9521474990036,79.25311203319502,7,https://www.tradingview.com/symbols/IIFL/?exchange=NSE,False,True,True,True,False,True,True,True,True
SUPRIYA,daily,861.3499755859375,874.4235546875,797.8152775065104,776.1364971923828,2.5199661913779536,1083.7124081428149,544.8526903164613,58.088597320800275,25.815573095664647,78.00829875518673,7,https://www.tradingview.com/symbols/SUPRIYA/?exchange=NSE,False,True,True,True,True,True,True,False,True
TBOTEK,daily,1666.5,1667.1019897460938,1409.7199991861978,1435.684498901367,0.11795718678113687,1772.5,1004.2000122070312,65.95299539355368,6.360636063606351,76.9017980636238,7,https://www.tradingview.com/symbols/TBOTEK/?exchange=NSE,False,True,True,True,False,True,True,True,True
APLAPOLLO,daily,2114.10009765625,2114.7757934570313,1971.4396695963542,1987.1082708740234,2.4485863916909656,2292.568366695916,1683.5146568105768,25.57657808940128,8.44180789913973,76.48686030428769,7,https://www.tradingview.com/symbols/APLAPOLLO/?exchange=NSE,False,True,True,True,False,True,True,True,True
AARTIIND,daily,460.1499938964844,500.3915313720703,472.9658829752604,454.1914337158203,2.7781181849887426,550.655353408149,337.3793264159987,36.389505185360925,19.66866472066602,76.21023513139696,7,https://www.tradingview.com/symbols/AARTIIND/?exchange=NSE,False,False,True,True,True,True,True,True,True
SIEMENS,daily,3639.0,3902.4000048828125,3643.2830517578127,3504.006923828125,1.9615853657115823,4149.39990234375,2812.180840788319,29.401350980682462,14.025828588726297,75.93360995850622,7,https://www.tradingview.com/symbols/SIEMENS/?exchange=NSE,False,False,True,True,True,True,True,True,True
ABSLAMC,daily,1004.0499877929688,1025.9550061035156,1019.8455131022135,966.5891162109375,3.67855534799697,1194.9557175378152,690.6919781874805,45.36870551585164,19.013568255150503,75.51867219917013,7,https://www.tradingview.com/symbols/ABSLAMC/?exchange=NSE,False,False,True,True,True,True,True,True,True
UNIONBANK,daily,171.50999450683594,179.86459930419923,172.43602345784504,171.24296379089355,1.816812927671685,199.59697275189,131.410160184065,30.515018219750644,16.376292428797544,74.96542185338866,7,https://www.tradingview.com/symbols/UNIONBANK/?exchange=NSE,False,False,True,True,True,True,True,True,True
CYIENT,daily,1158.800048828125,1009.6060021972656,919.4320011393229,963.5955004882812,-0.6615890086479337,1219.0,750.2999877929688,54.44489773174224,5.195024908115453,74.68879668049793,7,https://www.tradingview.com/symbols/CYIENT/?exchange=NSE,True,True,True,True,False,False,True,True,True
JAYNECOIND,daily,91.4000015258789,92.38740020751953,91.03320007324218,88.31735000610351,2.4588186891942865,117.0,64.4000015258789,41.92546484513693,28.008750598185415,73.30567081604426,7,https://www.tradingview.com/symbols/JAYNECOIND/?exchange=NSE,False,True,True,True,True,True,True,False,True
NAM-INDIA,daily,1045.0,1158.8940063476562,1075.5789208984374,1028.9771997070313,3.021398687794119,1269.5,787.2052851605498,32.74809248604997,21.48325358851675,73.16735822959889,7,https://www.tradingview.com/symbols/NAM-INDIA/?exchange=NSE,False,False,True,True,True,True,True,True,True
PRICOLLTD,daily,650.0999755859375,754.335,636.8533310953776,631.544998626709,2.0976623129691063,823.0,498.2068341942702,30.487968242611107,26.595913076019894,73.02904564315352,7,https://www.tradingview.com/symbols/PRICOLLTD/?exchange=NSE,False,True,True,True,True,True,True,False,True
IDFCFIRSTB,daily,79.5199966430664,84.53420135498047,75.79584739685059,77.47289262771606,0.445523354794064,89.61000061035156,57.90987854420542,37.31680784369964,12.688637315435457,70.81604426002767,7,https://www.tradingview.com/symbols/IDFCFIRSTB/?exchange=NSE,False,True,True,True,False,True,True,True,True
KOTAKBANK,daily,441.0,409.4709991455078,391.25440470377606,399.46470916748046,-0.22820590277341513,452.4189269358333,344.9045390549985,27.86146601847943,2.5893258357898796,70.53941908713693,7,https://www.tradingview.com/symbols/KOTAKBANK/?exchange=NSE,True,True,True,True,False,False,True,True,True
SKIPPER,daily,517.5,547.5217199707031,493.90370869954427,468.64702667236327,2.17045401777769,616.7999877929688,326.99588499101935,58.25887228342725,19.18840343825483,69.98616874135546,7,https://www.tradingview.com/symbols/SKIPPER/?exchange=NSE,False,True,True,True,True,True,True,True,False
AVL,daily,581.0499877929688,609.7753381347657,567.0776888020833,548.1986828613282,1.857716945786847,703.5025243881884,435.6227250181752,33.38376407445824,21.07435490366969,69.84785615491009,7,https://www.tradingview.com/symbols/AVL/?exchange=NSE,False,True,True,True,True,True,True,True,False
MANAPPURAM,daily,314.79998779296875,337.5905517578125,312.6794970703125,309.5751560974121,1.407416247872928,380.45671483079525,244.06078978586396,28.984253500601433,20.856648533609935,69.70954356846472,7,https://www.tradingview.com/symbols/MANAPPURAM/?exchange=NSE,False,True,True,True,True,True,True,True,False
JSFB,daily,489.3500061035156,536.5499969482422,475.0783325195313,454.5152491760254,1.630903153853036,606.9500122070312,330.0,48.28788063742897,24.031879970721583,69.57123098201936,7,https://www.tradingview.com/symbols/JSFB/?exchange=NSE,False,True,True,True,True,True,True,True,False
IKS,daily,1716.5999755859375,1784.346005859375,1663.9380045572916,1659.3940032958985,0.9769129606141069,1970.0,1262.0,36.022185070201076,14.761739952114805,69.43291839557399,7,https://www.tradingview.com/symbols/IKS/?exchange=NSE,False,True,True,True,True,True,True,True,False
STYL,daily,354.25,379.17808837890624,310.59355794270834,298.23159843444824,2.392702754412279,431.9715536346741,207.79747967893397,70.47848729799252,21.939746968150754,69.0179806362379,7,https://www.tradingview.com/symbols/STYL/?exchange=NSE,False,True,True,True,True,True,True,True,False
MINDACORP,daily,636.2999877929688,699.1429211425781,622.5934993489583,610.8240585327148,1.5931881813939341,769.0,467.97365403461544,35.96919021127254,20.85494495564999,68.87966804979253,7,https://www.tradingview.com/symbols/MINDACORP/?exchange=NSE,False,True,True,True,True,True,True,True,False
ALKYLAMINE,daily,1807.5999755859375,1908.1480078125,1713.0547428385416,1674.2814025878906,1.261959963678283,2115.0,1205.1967651271746,49.98380578918964,17.00597635350256,68.74135546334716,7,https://www.tradingview.com/symbols/ALKYLAMINE/?exchange=NSE,False,True,True,True,True,True,True,True,False
TEGA,daily,1958.0999755859375,1760.7097778320312,1710.7415169270832,1737.418194580078,0.17180925895698973,2198.0,1471.2888029532853,33.087397365866366,12.251673939287766,68.6030428769018,7,https://www.tradingview.com/symbols/TEGA/?exchange=NSE,True,True,True,True,False,True,True,True,False
CASTROLIND,daily,194.6699981689453,189.89071350097657,181.10492065429688,179.81755744934082,1.047633663278269,203.39999389648438,164.60383017436243,18.265776660685383,4.484510098963823,68.1881051175657,7,https://www.tradingview.com/symbols/CASTROLIND/?exchange=NSE,True,True,True,True,True,True,False,True,False
MAHSEAMLES,daily,618.0999755859375,651.1958239746094,615.4246842447917,593.7279986572265,2.6246541625795317,768.0,493.1502386104819,25.337052928843452,24.25174410854205,67.3582295988935,7,https://www.tradingview.com/symbols/MAHSEAMLES/?exchange=NSE,False,True,True,True,True,True,True,True,False
EPL,daily,232.42999267578125,241.04460021972656,227.73073313395182,223.44334976196288,1.67903961003677,274.0299987792969,176.39999389648438,31.763038955759026,17.897864911755978,66.52835408022129,7,https://www.tradingview.com/symbols/EPL/?exchange=NSE,False,True,True,True,True,True,True,True,False
MEDANTA,daily,1312.699951171875,1426.5584448242187,1270.4512186686197,1238.9484420776366,1.9768785963764968,1544.0,955.6610489257978,37.3604116906725,17.62017653932557,66.39004149377593,7,https://www.tradingview.com/symbols/MEDANTA/?exchange=NSE,False,True,True,True,True,True,True,True,False
GREAVESCOT,daily,207.22000122070312,203.6231997680664,187.6917197672526,183.54817390441895,1.030617801352185,269.68934059737177,119.01442505726769,74.11334896672604,30.14638500563207,65.42185338865836,7,https://www.tradingview.com/symbols/GREAVESCOT/?exchange=NSE,True,True,True,True,True,True,True,False,False
TVSSCS,daily,125.91999816894531,129.47579956054688,122.89853322347005,119.38289993286133,1.9239840369865036,146.5,90.31999969482422,39.41541031267424,16.34371198405098,63.6237897648686,7,https://www.tradingview.com/symbols/TVSSCS/?exchange=NSE,False,True,True,True,True,True,True,True,False
HAL,daily,4655.60009765625,4824.03830078125,4447.5262060546875,4404.628551025391,0.9141053850576508,5149.89990234375,3472.0644756594256,34.087374537364944,10.617316657767573,62.93222683264177,7,https://www.tradingview.com/symbols/HAL/?exchange=NSE,False,True,True,True,True,True,True,True,False
DEEPAKFERT,daily,1392.5999755859375,1416.530703125,1343.241201578776,1288.5216351318359,0.2962764213303881,1669.6119086916185,860.5304973022847,61.83040344899582,19.891708887121595,62.7939142461964,7,https://www.tradingview.com/symbols/DEEPAKFERT/?exchange=NSE,False,True,True,True,True,True,True,True,False
WESTLIFE,daily,577.2000122070312,566.7475439453125,501.4806805419922,504.8549723815918,0.28609167217232834,697.4676392783925,398.1246588021791,44.97971915219434,20.836386785838013,62.655601659751035,7,https://www.tradingview.com/symbols/WESTLIFE/?exchange=NSE,True,True,True,True,False,True,True,True,False
CONCORDBIO,daily,1361.4000244140625,1454.17,1270.6454585774738,1265.9998849487304,0.37347236273470585,1637.9924220405062,981.1254498447715,38.75901645701434,20.31676161791516,60.44260027662517,7,https://www.tradingview.com/symbols/CONCORDBIO/?exchange=NSE,False,True,True,True,True,True,True,True,False
POWERMECH,daily,2445.89990234375,2464.00765625,2424.7968505859376,2369.869150390625,0.3978893217836843,3005.643635770155,1716.6396917096176,42.48184485981768,22.88498122470337,59.05947441217151,7,https://www.tradingview.com/symbols/POWERMECH/?exchange=NSE,False,True,True,True,True,True,True,True,False
BEML,daily,1894.699951171875,1944.3889624023439,1793.6133251953124,1782.9747503662109,1.5139156379955887,2256.1876561257286,1345.285007075603,40.84004067588598,19.078889231525697,57.81466113416322,7,https://www.tradingview.com/symbols/BEML/?exchange=NSE,False,True,True,True,True,True,True,True,False
AIIL,daily,549.7000122070312,548.9300012207032,510.0653350830078,521.3369511413574,0.20907284105085022,683.0,400.0,37.42500305175782,24.249587926653437,57.399723374827104,7,https://www.tradingview.com/symbols/AIIL/?exchange=NSE,True,True,True,True,False,True,True,True,False
PCBL,daily,312.3999938964844,324.54012084960937,299.55766927083334,296.5989474487305,0.5114001992684303,382.23402387266384,223.3811204499978,39.850670131459374,22.354043322843143,56.293222683264176,7,https://www.tradingview.com/symbols/PCBL/?exchange=NSE,False,True,True,True,True,True,True,True,False
IONEXCHANG,daily,390.75,400.9674072265625,388.91224100748695,383.928709564209,1.981521671052766,484.3644916198611,311.64769712027083,25.38196290576216,23.95764340879363,56.15491009681881,7,https://www.tradingview.com/symbols/IONEXCHANG/?exchange=NSE,False,True,True,True,True,True,True,True,False
THANGAMAYL,daily,4810.5,5221.07,4851.957290039062,4519.134986572266,4.646781973778635,7430.0,1934.089956974078,148.72162655381976,54.45379898139486,95.850622406639,6,https://www.tradingview.com/symbols/THANGAMAYL/?exchange=NSE,False,False,True,True,True,True,True,False,True
POWERINDIA,daily,30605.0,32429.82046875,31643.398958333335,28677.073588867188,4.157897804307753,38775.74235339215,16107.154467866794,90.0087322131038,26.69741007479871,90.31811894882435,6,https://www.tradingview.com/symbols/POWERINDIA/?exchange=NSE,False,False,True,True,True,True,True,False,True
SCHNEIDER,daily,1191.4000244140625,1251.4180029296874,1199.7756685384115,1082.5985021972656,5.122061491864938,1548.0,571.8499755859375,108.3413614197172,29.931170746896328,86.99861687413555,6,https://www.tradingview.com/symbols/SCHNEIDER/?exchange=NSE,False,False,True,True,True,True,True,False,True
SCI,daily,280.75,286.2738653564453,284.1974213663737,270.21405647277834,2.067917285601384,367.499792159746,192.34996969124379,45.95791226307657,30.899302639268388,78.97648686030429,6,https://www.tradingview.com/symbols/SCI/?exchange=NSE,False,False,True,True,True,True,True,False,True
J&KBANK,daily,138.22999572753906,148.43580017089843,144.60066696166993,134.37110019683837,3.3273327755104054,201.75,97.3499984741211,41.99280728729056,45.952402688099106,77.59336099585063,6,https://www.tradingview.com/symbols/J&KBANK/?exchange=NSE,False,False,True,True,True,True,True,False,True
ANGELONE,daily,292.0,292.5769989013672,298.6359089152018,286.35506706237794,1.1956231139709228,359.3387168134344,206.48067260943358,41.41759434905059,23.06120438816248,77.45504840940526,6,https://www.tradingview.com/symbols/ANGELONE/?exchange=NSE,False,False,True,False,True,True,True,True,True
ADANIPOWER,daily,189.0,205.19399993896485,203.60746724446614,188.47365043640136,3.431326955431846,254.1999969482422,128.10000610351562,47.540976576747404,34.49735288266782,77.3167358229599,6,https://www.tradingview.com/symbols/ADANIPOWER/?exchange=NSE,False,False,True,True,True,True,True,False,True
IFCI,daily,67.3499984741211,78.96440017700195,70.23126678466797,66.8776000213623,4.148086135490425,107.5,46.22999954223633,45.6846185183049,59.613960557558656,75.2420470262794,6,https://www.tradingview.com/symbols/IFCI/?exchange=NSE,False,False,True,True,True,True,True,False,True
SAIL,daily,166.25,177.4480743408203,173.12949208577473,166.86031513214112,3.1087823103845613,206.98966102070128,122.397321356075,35.82813590858738,24.505059260572203,75.10373443983403,6,https://www.tradingview.com/symbols/SAIL/?exchange=NSE,False,False,False,True,True,True,True,True,True
ADANIGREEN,daily,1255.800048828125,1308.8819995117187,1285.0079996744792,1203.3389996337892,2.412309201990892,1631.5,765.0,64.15686912785947,29.917179213559276,72.47579529737206,6,https://www.tradingview.com/symbols/ADANIGREEN/?exchange=NSE,False,False,True,True,True,True,True,False,True
TITAN,daily,4359.5,4926.176015625,4507.7384000651045,4406.708006591797,2.3746584521489478,5186.7001953125,3340.0404292943817,30.522372177422707,18.974657536701468,72.3374827109267,6,https://www.tradingview.com/symbols/TITAN/?exchange=NSE,False,False,False,True,True,True,True,True,True
KRBL,daily,389.20001220703125,395.02508850097655,359.97058837890626,360.22997131347654,-0.07311478098298574,447.6467343412539,271.52423694470116,43.33895809319448,15.017142934500338,72.19917012448133,6,https://www.tradingview.com/symbols/KRBL/?exchange=NSE,False,True,True,True,False,False,True,True,True
AUBANK,daily,982.0,1054.9299938964843,1009.7845275878906,1005.0278579711915,0.8030930944236347,1144.0999755859375,720.0007927524598,36.388738718738736,16.507125823415226,72.06085753803596,6,https://www.tradingview.com/symbols/AUBANK/?exchange=NSE,False,False,False,True,True,True,True,True,True
VIYASH,daily,235.86000061035156,256.5136004638672,240.5789330037435,232.55519973754883,1.3123038304994283,298.0,178.1300048828125,32.40891155059378,26.346137212263375,71.5076071922545,6,https://www.tradingview.com/symbols/VIYASH/?exchange=NSE,False,False,True,True,True,True,True,False,True
GPPL,daily,167.89999389648438,158.9531399536133,152.64963958740233,157.84107620239257,-0.9307894460478083,194.17086460013374,137.3626328109463,22.23119960693165,15.646737140351652,70.40110650069157,6,https://www.tradingview.com/symbols/GPPL/?exchange=NSE,True,True,True,True,False,False,False,True,True
SUNTV,daily,614.2000122070312,496.27293701171874,528.5064693196615,535.9907208251954,-0.5609446670656548,663.9000244140625,447.20001220703125,37.3434694636563,8.09182859317148,70.12448132780082,6,https://www.tradingview.com/symbols/SUNTV/?exchange=NSE,True,True,True,False,False,False,True,True,True
TATATECH,daily,694.6500244140625,776.2629992675782,686.7866965738932,672.1453163146973,1.1882018080991985,891.0,499.7255286427323,39.00631138472159,28.266028746138574,68.32641770401106,6,https://www.tradingview.com/symbols/TATATECH/?exchange=NSE,False,True,True,True,True,True,True,False,False
KPRMILL,daily,1053.800048828125,1111.43400390625,1023.5341153971355,993.619966430664,0.8928158923559693,1331.0754095910231,794.3546009216013,32.66116260993741,26.311951785468345,68.04979253112033,6,https://www.tradingview.com/symbols/KPRMILL/?exchange=NSE,False,True,True,True,True,True,True,False,False
TVSMOTOR,daily,3839.39990234375,4224.3580078125,3775.7902978515626,3763.4798779296875,1.559894554764174,4484.5,3228.0,18.94051742081011,16.802107466389483,67.7731673582296,6,https://www.tradingview.com/symbols/TVSMOTOR/?exchange=NSE,False,True,True,True,True,True,False,True,False
ADANIENT,daily,2634.39990234375,2963.9539990234375,2715.1336971028645,2579.416961669922,2.6902290853226596,3245.0,1752.216581309528,50.346705449786235,23.1779578002951,67.49654218533887,6,https://www.tradingview.com/symbols/ADANIENT/?exchange=NSE,False,False,True,True,True,True,True,True,False
PETRONET,daily,288.5,286.5810021972656,277.6714980061849,279.8906994628906,0.7253483036469,322.6775170144611,232.6659092397909,23.99753833410343,11.846626348166755,67.08160442600276,6,https://www.tradingview.com/symbols/PETRONET/?exchange=NSE,True,True,True,True,False,True,False,True,False
TIPSMUSIC,daily,618.1500244140625,656.0369995117187,629.9319986979167,607.4774301147461,2.3617944033144767,741.0,478.56920878389656,29.16627586318352,19.873812300239834,66.94329183955739,6,https://www.tradingview.com/symbols/TIPSMUSIC/?exchange=NSE,False,False,True,True,True,True,True,True,False
EXIDEIND,daily,394.3999938964844,438.2310015869141,387.22621561686196,376.0271710205078,1.283888286106638,496.3999938964844,285.6312149356571,38.08014435163507,25.86206936574429,66.25172890733056,6,https://www.tradingview.com/symbols/EXIDEIND/?exchange=NSE,False,True,True,True,True,True,True,False,False
METROPOLIS,daily,529.25,570.6230029296875,530.087993774414,516.9254203796387,1.9231836290359627,609.0499877929688,411.4375158286193,28.63435628472306,15.07793817533656,66.1134163208852,6,https://www.tradingview.com/symbols/METROPOLIS/?exchange=NSE,False,False,True,True,True,True,True,True,False
ELLEN,daily,348.1499938964844,331.8479998779297,281.532533976237,281.3316500091553,-0.6321493396795219,480.0,175.0,98.94285365513393,37.871609482985846,65.97510373443983,6,https://www.tradingview.com/symbols/ELLEN/?exchange=NSE,True,True,True,True,True,False,True,False,False
ENRIN,daily,3180.0,3292.48,3253.8306624348957,3084.8653149414063,0.3158218351514419,3968.0,2111.5907386684353,50.59736443082248,24.77987421383647,64.0387275242047,6,https://www.tradingview.com/symbols/ENRIN/?exchange=NSE,False,False,True,True,True,True,True,True,False
LTFOODS,daily,408.04998779296875,425.2187548828125,403.26190877278646,399.52872955322266,0.5972258765143845,489.53692311570376,331.4688100886702,23.10358482410837,19.969841382296227,63.48547717842323,6,https://www.tradingview.com/symbols/LTFOODS/?exchange=NSE,False,True,True,True,True,True,False,True,False
MANKIND,daily,2368.5,2405.353994140625,2354.625995279948,2302.2964978027344,0.9617761002944425,2642.0,1909.699951171875,24.024719095090585,11.547392864682294,61.964038727524205,6,https://www.tradingview.com/symbols/MANKIND/?exchange=NSE,False,True,True,True,True,True,False,True,False
GLAXO,daily,2540.300048828125,2808.9979736328123,2501.2369189453125,2479.8914892578123,1.4421038258127572,3120.699951171875,2088.10009765625,21.656047604204343,22.847690870670824,61.82572614107884,6,https://www.tradingview.com/symbols/GLAXO/?exchange=NSE,False,True,True,True,True,True,False,True,False
ZYDUSWELL,daily,495.79998779296875,527.2419995117187,508.0524285888672,487.2873205566406,2.20778949887368,611.8499755859375,366.8171926721902,35.162690761892755,23.406613684998256,61.272475795297375,6,https://www.tradingview.com/symbols/ZYDUSWELL/?exchange=NSE,False,False,True,True,True,True,True,True,False
LICHSGFIN,daily,551.6500244140625,527.0633709716797,527.5512941487631,524.6748872375488,0.27382650245302287,586.4255760885916,449.86740023054796,22.62502775959161,6.3039155507091715,60.85753803596127,6,https://www.tradingview.com/symbols/LICHSGFIN/?exchange=NSE,True,True,True,False,True,True,False,True,False
GAIL,daily,166.63999938964844,173.02688354492187,165.69569630940757,164.9752424621582,0.16002097978395913,181.85195677766524,133.97098293430795,24.385143513770878,9.1286350478478,59.33609958506224,6,https://www.tradingview.com/symbols/GAIL/?exchange=NSE,False,True,True,True,True,True,False,True,False
AARTIDRUGS,daily,413.29998779296875,422.2979986572266,390.28933390299477,388.6767236328125,0.3783864481988086,531.1493690336815,318.95001220703125,29.58143031036935,28.514247452566146,56.984785615491006,6,https://www.tradingview.com/symbols/AARTIDRUGS/?exchange=NSE,False,True,True,True,True,True,True,False,False
SMARTWORKS,daily,482.3500061035156,514.0310009765625,463.3969997151693,462.55699996948243,0.6353934768061897,619.0,361.5,33.430153832231156,28.33004916914179,56.56984785615491,6,https://www.tradingview.com/symbols/SMARTWORKS/?exchange=NSE,False,True,True,True,True,True,True,False,False
BLUEJET,daily,514.5999755859375,575.2109436035156,499.84197204589844,489.08801162719726,0.03221029443800649,691.4547089915617,324.3221064393442,58.669410863048796,34.36741970386854,52.69709543568465,6,https://www.tradingview.com/symbols/BLUEJET/?exchange=NSE,False,True,True,True,True,True,True,False,False
ANANTRAJ,daily,570.75,610.8550012207031,547.4593568929037,547.0932318115234,0.8559679149865884,742.4300925158334,402.3389018697037,41.8580200293025,30.079735876624337,51.037344398340245,6,https://www.tradingview.com/symbols/ANANTRAJ/?exchange=NSE,False,True,True,True,True,True,True,False,False
PFOCUS,daily,271.95001220703125,301.2207995605469,283.1463330078125,273.12014961242676,5.764003461695499,367.0,161.00999450683594,68.90256598045235,34.951271750857174,81.18948824343015,5,https://www.tradingview.com/symbols/PFOCUS/?exchange=NSE,False,False,False,True,True,True,True,False,True
BHARATFORG,daily,1816.9000244140625,2017.0319970703124,1961.0360677083333,1857.1707781982423,3.179668572933547,2295.0,1174.4897198947297,54.69697125802961,26.314049708933297,80.77455048409405,5,https://www.tradingview.com/symbols/BHARATFORG/?exchange=NSE,False,False,False,True,True,True,True,False,True
GVT&D,daily,4194.39990234375,4312.941015625,4367.485135091146,4076.744412841797,3.999185857288179,5636.049839022599,2516.9699521199827,66.64481428595954,34.37082706094101,79.66804979253112,5,https://www.tradingview.com/symbols/GVT&D/?exchange=NSE,False,False,True,False,True,True,True,False,True
ADANIENSOL,daily,1262.0,1467.7839990234374,1395.0363362630208,1291.0455014038087,3.1966246730303016,1789.0,803.0999755859375,57.14108309855837,41.75911251980982,78.1466113416321,5,https://www.tradingview.com/symbols/ADANIENSOL/?exchange=NSE,False,False,False,True,True,True,True,False,True
SHRIRAMFIN,daily,917.25,1051.7539965820313,1005.4629207356771,1004.1740924072266,1.7466173243996241,1153.699951171875,608.8745534371997,50.64679494683575,25.778135859566632,71.78423236514523,5,https://www.tradingview.com/symbols/SHRIRAMFIN/?exchange=NSE,False,False,False,True,True,True,True,False,True
CCL,daily,1051.5,1091.0025061035155,1107.627470703125,1072.847936706543,0.7511539314247972,1238.748718225596,811.0436585583728,29.647767898097797,17.807771585886446,70.26279391424619,5,https://www.tradingview.com/symbols/CCL/?exchange=NSE,False,False,False,False,True,True,True,True,True
GOKULAGRO,daily,206.74000549316406,227.98239959716796,216.6717330932617,204.8553997039795,0.9714394361983736,259.79998779296875,151.0,36.91391092262521,25.665077338676532,65.283540802213,5,https://www.tradingview.com/symbols/GOKULAGRO/?exchange=NSE,False,False,True,True,True,True,True,False,False
TECHM,daily,1496.199951171875,1584.3380004882813,1469.3559090169272,1492.7796209716796,0.391920675287305,1807.040094106148,1271.0685229802766,17.711982015236472,20.775307651280993,65.14522821576763,5,https://www.tradingview.com/symbols/TECHM/?exchange=NSE,False,True,True,True,False,True,False,True,False
ASAHIINDIA,daily,945.9500122070312,942.0953271484375,885.4859513346354,905.1775753784179,-0.6961020775623439,1071.7996569938532,773.5120327669628,22.292863218072156,13.304048117003298,64.73029045643153,5,https://www.tradingview.com/symbols/ASAHIINDIA/?exchange=NSE,True,True,True,True,False,False,False,True,False
PERSISTENT,daily,5468.0,5511.94,5136.251774088541,5345.134621582031,-1.7279317605465305,6552.654707500795,4229.809203861739,29.272970397998456,19.836406501477597,64.31535269709543,5,https://www.tradingview.com/symbols/PERSISTENT/?exchange=NSE,False,True,True,True,False,False,True,True,False
CRISIL,daily,4423.7998046875,4562.245986328125,4245.175914713542,4311.861713867187,0.3716467078415553,5005.771680286142,3669.9050085491053,20.54262424728117,13.15547496028142,63.2088520055325,5,https://www.tradingview.com/symbols/CRISIL/?exchange=NSE,False,True,True,True,False,True,False,True,False
RATNAMANI,daily,2498.89990234375,2568.15439453125,2526.5163883463542,2448.088013305664,1.6151082280393858,3330.2583637320286,1927.9657490362597,29.613293368561422,33.268978105467006,63.07053941908713,5,https://www.tradingview.com/symbols/RATNAMANI/?exchange=NSE,False,False,True,True,True,True,True,False,False
LODHA,daily,1064.800048828125,1186.0833520507813,1012.6003495279948,1020.7614962768555,0.06345515780465938,1340.2415520455131,648.5216337409466,64.18882477148968,25.867908582510644,62.10235131396957,5,https://www.tradingview.com/symbols/LODHA/?exchange=NSE,False,True,True,True,False,True,True,False,False
INDHOTEL,daily,715.6500244140625,726.7610021972656,685.3795642089843,687.0541207885742,-0.024608539355364112,757.4000244140625,562.4948988120375,27.227824807919387,5.8338571334756395,60.7192254495159,5,https://www.tradingview.com/symbols/INDHOTEL/?exchange=NSE,False,True,True,True,False,False,True,True,False
OBEROIRLTY,daily,1698.800048828125,1815.3199975585937,1716.3421476236979,1684.0476348876953,0.86042797611805,1983.9545449282684,1387.9800889099738,22.393690111379637,16.78564209465676,59.612724757952975,5,https://www.tradingview.com/symbols/OBEROIRLTY/?exchange=NSE,False,False,True,True,True,True,False,True,False
NAUKRI,daily,1219.0,1286.6440087890626,1108.9014388020832,1141.9529510498046,-0.9618364049430395,1409.9441898084212,905.5050975494345,34.620998081510066,15.664002445317582,59.19778699861688,5,https://www.tradingview.com/symbols/NAUKRI/?exchange=NSE,False,True,True,True,False,False,True,True,False
BAJAJHLDNG,daily,10820.0,11124.67068359375,10442.616588541667,10533.4008203125,-0.1899150577523101,13011.97571177054,8433.723545663051,28.294459041926558,20.258555561650084,58.36791147994468,5,https://www.tradingview.com/symbols/BAJAJHLDNG/?exchange=NSE,False,True,True,True,False,False,True,True,False
PNGJL,daily,599.9500122070312,610.2240026855469,596.0586657714844,592.1302490234375,-0.3647581770214403,736.4000244140625,503.0,19.27435630358474,22.74356353541418,56.016597510373444,5,https://www.tradingview.com/symbols/PNGJL/?exchange=NSE,False,True,True,True,True,False,False,True,False
APLLTD,daily,800.9500122070312,825.0200024414063,769.9428279622396,773.4073236083984,-0.6932893748151758,983.3745824758901,626.4825498908483,27.848734549203378,22.77602440708939,55.87828492392808,5,https://www.tradingview.com/symbols/APLLTD/?exchange=NSE,False,True,True,True,False,False,True,True,False
DEEPAKNTR,daily,1621.9000244140625,1669.5020141601562,1628.222802734375,1627.2190246582031,0.04081652010945458,1889.2710718186147,1274.1803312746065,27.28967671252782,16.48505107465821,55.73997233748271,5,https://www.tradingview.com/symbols/DEEPAKNTR/?exchange=NSE,False,False,False,True,True,True,True,True,False
DLF,daily,648.5999755859375,662.872998046875,613.9619333902995,622.0345368957519,-0.8201119145186508,776.7480127911251,483.3317854758361,34.19352814700491,19.75763830231727,55.325034578146614,5,https://www.tradingview.com/symbols/DLF/?exchange=NSE,False,True,True,True,False,False,True,True,False
JKPAPER,daily,365.5,395.24598999023436,368.7913006591797,361.55826034545896,1.2394649390247148,442.0,301.6864340741184,21.152282210410522,20.93023255813953,54.77178423236515,5,https://www.tradingview.com/symbols/JKPAPER/?exchange=NSE,False,False,True,True,True,True,False,True,False
HERITGFOOD,daily,390.1499938964844,380.812998046875,345.55781982421877,359.2295018005371,-1.9544038079345127,500.02281355138234,290.35662689794395,34.36924035958591,28.16168688292988,53.250345781466116,5,https://www.tradingview.com/symbols/HERITGFOOD/?exchange=NSE,True,True,True,True,False,False,True,False,False
DIXON,daily,12774.0,13843.94638671875,12329.881549479167,12097.337993164063,-0.8490360803429686,17491.53980142949,9592.617659981392,33.16490297836785,36.93079537677697,51.72890733056709,5,https://www.tradingview.com/symbols/DIXON/?exchange=NSE,False,True,True,True,True,False,True,False,False
TRENT,daily,2876.300048828125,2870.21,2800.195320638021,2843.9866577148437,-5.335354881602495,4900.758325863586,2180.44477277369,31.91345567396575,70.38411301561791,32.91839557399723,5,https://www.tradingview.com/symbols/TRENT/?exchange=NSE,True,True,True,True,False,False,True,False,False
COHANCE,daily,441.0,447.88000061035154,414.94466674804687,414.6472503662109,-2.7256470294721447,917.8499755859375,266.70001220703125,65.35432314028726,108.12924616461169,31.12033195020747,5,https://www.tradingview.com/symbols/COHANCE/?exchange=NSE,False,True,True,True,True,False,True,False,False
BSE,daily,3287.199951171875,3338.3180126953125,3494.8348046875,3313.980751953125,1.5670403307301406,4435.115403617064,2044.6133075423293,60.77367485801815,34.920767507189844,82.98755186721992,4,https://www.tradingview.com/symbols/BSE/?exchange=NSE,False,False,False,False,True,True,True,False,True
VTL,daily,527.3499755859375,576.7986059570312,585.819736328125,552.8315661621094,2.3969875670851515,682.2146139481268,382.25830878098185,37.95644554271471,29.366577326588384,73.582295988935,4,https://www.tradingview.com/symbols/VTL/?exchange=NSE,False,False,False,False,True,True,True,False,True
NATIONALUM,daily,315.8999938964844,367.63562744140626,379.00236551920574,369.88465866088865,2.7443824742831247,443.3731066930094,207.1322344190421,52.511266429636414,40.35236317171187,72.89073305670816,4,https://www.tradingview.com/symbols/NATIONALUM/?exchange=NSE,False,False,False,False,True,True,True,False,True
CUMMINSIND,daily,4830.0,5135.297998046875,5202.453805338541,4973.883858642578,1.2424242549758269,6049.821052103703,3784.261865546783,27.633873437088894,25.255094246453467,71.0926694329184,4,https://www.tradingview.com/symbols/CUMMINSIND/?exchange=NSE,False,False,False,False,True,True,True,False,True
NESTLEIND,daily,1333.0,1425.1879931640624,1382.4921126302083,1358.1828411865235,0.9669243309415654,1553.0,1142.7077718177495,16.65274647424033,16.50412603150788,68.46473029045643,4,https://www.tradingview.com/symbols/NESTLEIND/?exchange=NSE,False,False,False,True,True,True,False,True,False
APOLLOHOSP,daily,8027.5,8703.76248046875,8304.660621744792,8033.545246582031,1.9096215418555884,9070.5,6679.845437739152,20.174936303870126,12.992837122391787,66.80497925311202,4,https://www.tradingview.com/symbols/APOLLOHOSP/?exchange=NSE,False,False,False,True,True,True,False,True,False
OIL,daily,443.5,469.8968188476563,463.9691103108724,459.1777577209473,1.5459698190076976,529.9163379046904,388.8457252612527,14.055516413875168,19.485081827438645,65.83679114799446,4,https://www.tradingview.com/symbols/OIL/?exchange=NSE,False,False,False,True,True,True,False,True,False
POLYCAB,daily,8151.0,8719.19,8670.050719401042,8377.265295410156,1.174410267568371,10126.0,6631.534745548168,22.912724018702725,24.23015580910317,65.6984785615491,4,https://www.tradingview.com/symbols/POLYCAB/?exchange=NSE,False,False,False,True,True,True,False,True,False
MARICO,daily,786.1500244140625,829.2810021972656,810.1658780924479,796.4476696777343,1.0756608283000624,889.0999755859375,694.424358509706,13.20887794045813,13.095458624275459,65.56016597510373,4,https://www.tradingview.com/symbols/MARICO/?exchange=NSE,False,False,False,True,True,True,False,True,False
ASTERDM,daily,699.8499755859375,772.8480041503906,746.5350642903646,708.5785629272461,1.4856198241088636,891.2999877929688,516.8361420654307,35.41041707902415,27.35586466895894,65.00691562932226,4,https://www.tradingview.com/symbols/ASTERDM/?exchange=NSE,False,False,False,True,True,True,True,False,False
PNB,daily,115.29000091552734,115.32580001831055,109.61764195760091,112.40908897399902,-0.2665384491319145,131.33111679644097,95.71672519141161,20.44916986553149,13.913709561566323,64.59197786998617,4,https://www.tradingview.com/symbols/PNB/?exchange=NSE,False,True,True,True,False,False,False,True,False
EQUITASBNK,daily,66.0199966430664,72.81319931030274,70.11159970601399,69.17694978713989,1.3174186722861192,83.9000015258789,51.25,28.819505645007617,27.082710984491243,63.90041493775933,4,https://www.tradingview.com/symbols/EQUITASBNK/?exchange=NSE,False,False,False,True,True,True,True,False,False
SUNPHARMA,daily,1759.800048828125,1891.87400390625,1838.9866528320313,1802.9317065429686,0.3847925800594565,2046.9000244140625,1569.3658720691096,12.134466547812718,16.314352063867776,62.24066390041494,4,https://www.tradingview.com/symbols/SUNPHARMA/?exchange=NSE,False,False,False,True,True,True,False,True,False
PHOENIXLTD,daily,1771.199951171875,1910.4367456054688,1830.9139949544272,1820.6678057861327,1.0565733666490162,2166.9299087704976,1463.661338687736,21.011596354650376,22.342477896795153,61.54910096818811,4,https://www.tradingview.com/symbols/PHOENIXLTD/?exchange=NSE,False,False,False,True,True,True,False,True,False
GRASIM,daily,2890.0,3204.7329150390624,3018.471513671875,2970.8681018066404,1.4180113894986413,3411.10009765625,2494.7282248871606,15.844282001127308,18.031145247621104,61.13416320885201,4,https://www.tradingview.com/symbols/GRASIM/?exchange=NSE,False,False,False,True,True,True,False,True,False
KIMS,daily,705.5,774.6690002441406,747.4543347167969,721.1745004272461,1.2395332969681316,858.0,575.7999877929688,22.52518495253346,21.615875265768956,60.99585062240664,4,https://www.tradingview.com/symbols/KIMS/?exchange=NSE,False,False,False,True,True,True,False,True,False
INDIGOPNTS,daily,1022.7000122070312,1115.9772595214845,990.6852657063802,1013.3720104980468,-1.7856062557079055,1340.211918083566,705.057642497368,45.05197172029081,31.04643610899447,60.304287690179805,4,https://www.tradingview.com/symbols/INDIGOPNTS/?exchange=NSE,False,True,True,True,False,False,True,False,False
ICICIBANK,daily,1355.0,1391.92025390625,1335.5231461588542,1345.097857055664,-0.15339647835873604,1467.6271961496604,1177.67166509731,15.057535997356064,8.311970195546902,60.16597510373444,4,https://www.tradingview.com/symbols/ICICIBANK/?exchange=NSE,False,True,True,True,False,False,False,True,False
PIDILITIND,daily,1460.0999755859375,1601.5639965820312,1502.4862150065105,1492.0322442626953,0.51013977607961,1707.5,1249.9992446237347,16.80806863410911,16.94404688382938,58.921161825726145,4,https://www.tradingview.com/symbols/PIDILITIND/?exchange=NSE,False,False,False,True,True,True,False,True,False
ECLERX,daily,1846.800048828125,1886.0325244140624,1648.9755289713542,1776.7252795410157,-2.406337009246673,2496.1160957516863,1319.2685842580436,39.98666161422808,35.15897930236576,58.64453665283541,4,https://www.tradingview.com/symbols/ECLERX/?exchange=NSE,False,True,True,True,False,False,True,False,False
SENCO,daily,337.1000061035156,353.5275811767578,338.412084757487,335.18021270751956,0.8061736599026315,428.75506028088586,275.20093917748864,22.492316745367535,27.18927692609565,58.09128630705395,4,https://www.tradingview.com/symbols/SENCO/?exchange=NSE,False,False,True,True,True,True,False,False,False
FIVESTAR,daily,502.25,530.5009991455078,483.20793701171874,484.6245791625977,-1.4217671880816685,663.5913003653413,336.9270432139827,49.06787986176002,32.12370340773347,57.95297372060858,4,https://www.tradingview.com/symbols/FIVESTAR/?exchange=NSE,False,True,True,True,False,False,True,False,False
JSWSTEEL,daily,1168.0,1281.5100024414062,1249.5146077473958,1233.8267974853516,1.1688068496802595,1351.0,1067.0708089952848,9.458527977140196,15.667808219178081,57.26141078838174,4,https://www.tradingview.com/symbols/JSWSTEEL/?exchange=NSE,False,False,False,True,True,True,False,True,False
AGARWALEYE,daily,477.75,503.24,471.627333984375,472.0340007019043,-0.25352166008889565,568.0,401.0,19.13965087281795,18.89063317634747,56.708160442600274,4,https://www.tradingview.com/symbols/AGARWALEYE/?exchange=NSE,False,True,True,True,False,False,False,True,False
NIVABUPA,daily,77.6500015258789,81.22240020751953,80.4946001180013,79.59910007476806,0.39521602622543117,91.4000015258789,67.5,15.037039297598387,17.707662240569878,56.43153526970954,4,https://www.tradingview.com/symbols/NIVABUPA/?exchange=NSE,False,False,False,True,True,True,False,True,False
ETHOSLTD,daily,2563.10009765625,2730.002001953125,2509.4193326822915,2549.4919982910155,-1.669938441127583,3245.89990234375,1919.4000244140625,33.536525219055925,26.639607454732882,55.18672199170125,4,https://www.tradingview.com/symbols/ETHOSLTD/?exchange=NSE,False,True,True,True,False,False,True,False,False
PAGEIND,daily,36450.0,36920.62078125,36844.297213541664,36130.89291992188,-0.3515838383401859,43614.205560919945,29525.273567492757,23.45355553328843,19.65488494079546,54.356846473029044,4,https://www.tradingview.com/symbols/PAGEIND/?exchange=NSE,False,False,True,True,True,False,False,True,False
MANYAVAR,daily,489.8999938964844,523.3339978027344,440.0853570556641,455.6111782836914,-1.3760093503478288,694.9609513325177,324.51227449559855,50.96501192688445,41.85771789973987,53.941908713692946,4,https://www.tradingview.com/symbols/MANYAVAR/?exchange=NSE,False,True,True,True,False,False,True,False,False
PARADEEP,daily,150.5500030517578,152.42719848632814,134.267952931722,135.17433361053466,-0.12336810739190796,199.62043747380173,98.72591600991848,52.49289055634878,32.594110546230894,53.11203319502075,4,https://www.tradingview.com/symbols/PARADEEP/?exchange=NSE,False,True,True,True,False,False,True,False,False
SFL,daily,606.0499877929688,670.9319982910156,634.0234495035808,617.1235688781738,0.858557637936519,832.4500122070312,456.183017738798,32.8523781523103,37.356658522267395,52.973720608575384,4,https://www.tradingview.com/symbols/SFL/?exchange=NSE,False,False,False,True,True,True,True,False,False
NIACL,daily,158.13999938964844,183.16719970703124,166.46558614095053,162.31476051330566,1.0074942068269976,242.60000610351562,116.0144662714778,36.31058649151171,53.40837677997094,52.42047026279392,4,https://www.tradingview.com/symbols/NIACL/?exchange=NSE,False,False,False,True,True,True,True,False,False
FEDFINA,daily,146.38999938964844,153.65600036621095,149.50740005493165,149.2337000656128,0.629500449016307,178.47999572753906,119.06999969482422,22.94448623905705,21.920893825865928,52.00553250345782,4,https://www.tradingview.com/symbols/FEDFINA/?exchange=NSE,False,False,False,True,True,True,False,True,False
FSL,daily,268.1000061035156,272.2458010864258,250.40566721598307,262.15179389953613,-3.160727780637973,363.80970663815475,202.0,32.7227752987701,35.69925339639299,51.867219917012456,4,https://www.tradingview.com/symbols/FSL/?exchange=NSE,False,True,True,True,False,False,True,False,False
KIRLOSBROS,daily,1690.0999755859375,1845.83400390625,1751.470721842448,1709.699638671875,0.735307770191107,2180.905610301624,1329.942047366491,27.08072347457695,29.040035607688242,49.93084370677732,4,https://www.tradingview.com/symbols/KIRLOSBROS/?exchange=NSE,False,False,False,True,True,True,True,False,False
CHALET,daily,820.9000244140625,858.3771008300781,807.2877787272135,820.8862615966797,-0.3997400229956649,987.2262595679325,690.5603579956495,18.87447851723254,20.26144843552531,49.79253112033195,4,https://www.tradingview.com/symbols/CHALET/?exchange=NSE,False,True,True,True,False,False,False,True,False
TITAGARH,daily,778.0,834.3697473144531,794.8981717936198,796.5485766601563,0.197641607520338,969.8369391372275,568.0188408461157,36.96728771198825,24.657704259283754,48.96265560165975,4,https://www.tradingview.com/symbols/TITAGARH/?exchange=NSE,False,False,False,True,False,True,True,True,False
INDIGO,daily,4833.0,5085.73,4792.706004231771,4824.233504638672,-1.1628780072347578,5970.0,3895.199951171875,24.07578713760219,23.52576039726877,48.82434301521438,4,https://www.tradingview.com/symbols/INDIGO/?exchange=NSE,False,True,True,True,False,False,False,True,False
MPHASIS,daily,2360.0,2375.1239892578124,2264.011009928385,2353.763704223633,-2.1713864127547944,2897.3238943204424,1960.4413570175507,20.381055600168718,22.767961623747567,48.27109266943292,4,https://www.tradingview.com/symbols/MPHASIS/?exchange=NSE,False,True,True,True,False,False,False,True,False
POLYMED,daily,1605.199951171875,1718.8130004882812,1564.7851814778646,1566.2832098388672,-1.4639755646420172,2090.02010392206,1179.584393160086,36.0818234354197,30.203100392336957,48.13278008298755,4,https://www.tradingview.com/symbols/POLYMED/?exchange=NSE,False,True,True,True,False,False,True,False,False
DEVYANI,daily,123.58999633789062,135.89259887695312,119.98993306477864,122.91839981079102,-0.23921967695613722,172.39999389648438,91.55000305175781,34.99726075161242,39.49348572286462,47.441217150760714,4,https://www.tradingview.com/symbols/DEVYANI/?exchange=NSE,False,True,True,True,False,False,True,False,False
HOMEFIRST,daily,1076.5999755859375,1173.53,1128.210400390625,1127.8329360961914,0.15861748657910457,1311.570558920454,889.5428439967044,21.028456678802332,21.82524509222974,45.643153526970956,4,https://www.tradingview.com/symbols/HOMEFIRST/?exchange=NSE,False,False,False,True,True,True,False,True,False
SAPPHIRE,daily,205.11000061035156,223.71620056152344,193.06353342692057,199.8272501373291,-1.397979018939166,310.5,139.91000366210938,46.60138320466627,51.382184718461545,44.12171507607192,4,https://www.tradingview.com/symbols/SAPPHIRE/?exchange=NSE,False,True,True,True,False,False,True,False,False
JUSTDIAL,daily,648.0499877929688,677.8610009765625,600.2103338623047,620.5672496032715,-1.1556212537626398,878.5999755859375,480.5,34.86992461872398,35.57595743163906,43.291839557399726,4,https://www.tradingview.com/symbols/JUSTDIAL/?exchange=NSE,False,True,True,True,False,False,True,False,False
GODREJIND,daily,985.4000244140625,1163.5100073242188,1094.4073352050782,1072.518500366211,0.5194116959768236,1443.0,744.2000122070312,32.410643409117704,46.437991094838374,42.047026279391424,4,https://www.tradingview.com/symbols/GODREJIND/?exchange=NSE,False,False,False,True,True,True,True,False,False
HEXT,daily,538.5,533.8519970703124,504.7071523030599,542.9046328735352,-4.331719403325051,792.7687780924847,392.77756486306447,37.10049864679499,47.21797179061926,40.387275242047025,4,https://www.tradingview.com/symbols/HEXT/?exchange=NSE,True,True,False,True,False,False,True,False,False
JAIBALAJI,daily,68.4000015258789,65.95760025024414,67.5882667795817,67.82150024414062,-0.3053100783461882,102.0,53.650001525878906,27.493009469692396,49.12280369088684,37.75933609958506,4,https://www.tradingview.com/symbols/JAIBALAJI/?exchange=NSE,True,True,True,False,False,False,True,False,False
TEJASNET,daily,451.1499938964844,522.0269982910156,503.92699951171875,471.96749908447265,0.5018516764896619,644.75,294.0,53.45237887635523,42.91255873272532,36.23789764868603,4,https://www.tradingview.com/symbols/TEJASNET/?exchange=NSE,False,False,False,True,True,True,True,False,False
HCC,daily,19.010000228881836,21.561599998474122,21.14973337809245,20.646050033569335,0.14447615123647228,29.5,13.649999618530273,39.267404836225815,55.18148156137703,31.258644536652834,4,https://www.tradingview.com/symbols/HCC/?exchange=NSE,False,False,False,True,True,True,True,False,False
HINDCOPPER,daily,468.8500061035156,514.387348022461,517.8585382080078,526.1091157531738,3.2043484038378534,755.9652099609375,306.8420198526935,52.79850078180222,61.23817854745444,70.95435684647303,3,https://www.tradingview.com/symbols/HINDCOPPER/?exchange=NSE,False,False,False,False,False,True,True,False,True
KIRLPNU,daily,667.25,721.7870031738281,733.9136499023438,687.0817398071289,2.79464686559443,1093.5391904117103,491.28502367158194,35.81728891578191,63.88747701936459,69.15629322268326,3,https://www.tradingview.com/symbols/KIRLPNU/?exchange=NSE,False,False,False,False,True,True,True,False,False
BAJAJ-AUTO,daily,9778.0,11430.95,10397.218587239584,10151.58009765625,2.3360450144561895,12470.0,8373.654962449684,16.77099240233657,27.531192472898347,67.63485477178423,3,https://www.tradingview.com/symbols/BAJAJ-AUTO/?exchange=NSE,False,False,False,True,True,True,False,False,False
KEI,daily,4585.0,5080.647998046875,4979.37201171875,4835.739517822266,1.1001925261167944,5899.0,3724.290243524651,23.11070566994202,28.658669574700113,64.8686030428769,3,https://www.tradingview.com/symbols/KEI/?exchange=NSE,False,False,False,True,True,True,False,False,False
COALINDIA,daily,411.54998779296875,411.93432067871095,429.02264790852865,423.29144638061524,1.478738004458302,478.7148709533388,355.1755291130353,15.872281184662418,16.31998181328036,64.4536652835408,3,https://www.tradingview.com/symbols/COALINDIA/?exchange=NSE,False,False,False,False,True,True,False,True,False
INDUSINDBK,daily,861.6500244140625,975.9160009765625,929.3858020019532,923.1286575317383,1.0325952205689992,1077.8499755859375,725.1255024842827,18.827709336114395,25.091388039928965,63.347164591977865,3,https://www.tradingview.com/symbols/INDUSINDBK/?exchange=NSE,False,False,False,True,True,True,False,False,False
HINDALCO,daily,900.3499755859375,1001.0070031738281,995.7397819010416,977.0069354248047,1.7898447123816164,1169.8969824893504,750.5346923390451,19.961140341160277,29.938025680291137,62.3789764868603,3,https://www.tradingview.com/symbols/HINDALCO/?exchange=NSE,False,False,False,True,True,True,False,False,False
TATACOMM,daily,1677.4000244140625,1719.177998046875,1699.7656209309896,1694.3756213378906,-0.7252137940626735,2110.0,1310.5824719426591,27.98889503898785,25.789911129699085,61.68741355463347,3,https://www.tradingview.com/symbols/TATACOMM/?exchange=NSE,False,False,False,True,True,False,True,False,False
INDIANB,daily,829.7999877929688,855.1510046386719,852.0540885416667,852.1071765136719,0.2047435006218512,980.0229061203939,726.5231169007099,14.21522157929811,18.10350934409812,61.41078838174274,3,https://www.tradingview.com/symbols/INDIANB/?exchange=NSE,False,False,False,True,False,True,False,True,False
AIAENG,daily,3737.699951171875,4206.390795898437,4177.233883463542,4112.257570800782,0.44379797350253547,5160.600958593338,3041.8655993872835,22.875249712701052,38.068893330384725,60.58091286307054,3,https://www.tradingview.com/symbols/AIAENG/?exchange=NSE,False,False,False,True,True,True,False,False,False
ZENTEC,daily,1514.199951171875,1738.9506958007812,1668.4815958658853,1584.9673590087891,1.9431128902258399,2042.629425992547,1222.3593609523095,23.87518757104292,34.898262571710426,60.02766251728907,3,https://www.tradingview.com/symbols/ZENTEC/?exchange=NSE,False,False,False,True,True,True,False,False,False
EICHERMOT,daily,7050.0,7678.79,7335.8767708333335,7346.610109863282,0.41634820247242743,8165.0,6375.239328850012,10.584083770729658,15.815602836879439,58.50622406639005,3,https://www.tradingview.com/symbols/EICHERMOT/?exchange=NSE,False,False,False,True,False,True,False,True,False
BAJFINANCE,daily,960.0,1050.4380041503907,972.4048323567708,972.3242245483399,-0.12160531910279104,1176.4000244140625,783.0862114062364,22.591866133879247,22.541669209798187,57.53803596127247,3,https://www.tradingview.com/symbols/BAJFINANCE/?exchange=NSE,False,False,False,True,True,False,False,True,False
DRREDDY,daily,1197.0,1181.1540014648438,1240.0489526367187,1239.753594970703,-0.5493015342634799,1405.9838095385528,1101.0,8.719346049046317,17.458964873730398,55.601659751037346,3,https://www.tradingview.com/symbols/DRREDDY/?exchange=NSE,True,False,False,False,True,False,False,True,False
CHOLAFIN,daily,1587.5999755859375,1797.6139965820312,1671.6595711263021,1678.7862689208985,0.0005591330675569495,1952.5,1298.889892127893,22.22744862423005,22.984380828009797,54.63347164591978,3,https://www.tradingview.com/symbols/CHOLAFIN/?exchange=NSE,False,False,False,True,False,True,False,True,False
JSWDULUX,daily,3005.10009765625,3099.59201171875,3010.983484700521,3006.7371533203127,-1.0662425907540074,3687.5560372755367,2626.091386571249,14.43242657217092,22.709923711078716,54.49515905947441,3,https://www.tradingview.com/symbols/JSWDULUX/?exchange=NSE,False,False,False,True,True,False,False,True,False
BLACKBUCK,daily,592.0499877929688,592.09400390625,571.177666422526,584.1314996337891,-0.8820191378141162,748.0,496.0,19.36491689374369,26.340683290675916,53.80359612724758,3,https://www.tradingview.com/symbols/BLACKBUCK/?exchange=NSE,False,True,True,True,False,False,False,False,False
ATUL,daily,5882.5,6384.66,6472.098942057291,6402.513898925781,0.36022158595949705,7144.769440445724,5533.215936920114,6.312496513091159,21.458044036476398,51.590594744121724,3,https://www.tradingview.com/symbols/ATUL/?exchange=NSE,False,False,False,False,True,True,False,True,False
BHARTIHEXA,daily,1531.9000244140625,1530.4740014648437,1520.9844059244792,1559.4370812988282,-1.7086935659998082,1934.317756973946,1359.199951171875,12.70600937656663,26.269190296135967,51.17565698478561,3,https://www.tradingview.com/symbols/BHARTIHEXA/?exchange=NSE,True,True,False,True,False,False,False,False,False
NH,daily,1719.5,1859.9619995117187,1851.3724462890625,1847.8098779296874,-0.5796767573277517,2092.89990234375,1585.4858653846154,8.452559404108895,21.715609325021813,50.20746887966805,3,https://www.tradingview.com/symbols/NH/?exchange=NSE,False,False,False,True,True,False,False,True,False
IDBI,daily,83.08999633789062,85.0343994140625,81.23046651204427,87.23084983825683,-1.9424161072303714,118.37999725341797,61.0099983215332,36.19078613966194,42.472021267179215,49.51590594744122,3,https://www.tradingview.com/symbols/IDBI/?exchange=NSE,False,True,False,True,False,False,True,False,False
SCHAEFFLER,daily,3736.699951171875,4005.7619921875,4056.0896712239582,3988.4941284179686,0.1625613037907092,4445.0,3489.687030472257,7.078368877858643,18.955229429272038,48.686030428769016,3,https://www.tradingview.com/symbols/SCHAEFFLER/?exchange=NSE,False,False,False,False,True,True,False,True,False
TRAVELFOOD,daily,1186.199951171875,1278.82796875,1249.7784887695314,1225.4982312011718,-0.6781601323673003,1459.2622453212896,1027.1088179140447,15.489218910702029,23.019921209712567,47.16459197786998,3,https://www.tradingview.com/symbols/TRAVELFOOD/?exchange=NSE,False,False,False,True,True,False,False,True,False
CREDITACC,daily,1267.5,1420.707998046875,1363.959336751302,1346.8880017089843,0.07478362853112763,1634.0,1113.0,13.881401617250667,28.915187376725846,46.334716459197786,3,https://www.tradingview.com/symbols/CREDITACC/?exchange=NSE,False,False,False,True,True,True,False,False,False
CHOICEIN,daily,713.0999755859375,775.4210046386719,726.4913330078125,742.9189993286133,-0.4434634547306415,860.5,568.7000122070312,25.39123620175665,20.67031685044547,44.951590594744125,3,https://www.tradingview.com/symbols/CHOICEIN/?exchange=NSE,False,False,False,True,False,False,True,True,False
RAINBOW,daily,1230.699951171875,1441.249990234375,1357.2892700195312,1327.3002404785157,0.3715054090525527,1610.0,1081.4576042961687,13.800110728597236,30.819863807336212,44.53665283540803,3,https://www.tradingview.com/symbols/RAINBOW/?exchange=NSE,False,False,False,True,True,True,False,False,False
CLEAN,daily,794.4000244140625,812.72009765625,775.9822493489584,787.405008239746,-1.17046695334303,1100.0796944147542,648.9423872407145,22.414568694122437,38.47931276514704,43.84508990318119,3,https://www.tradingview.com/symbols/CLEAN/?exchange=NSE,False,True,True,True,False,False,False,False,False
GOKEX,daily,667.7000122070312,755.1440002441407,729.1160005696614,721.6932504272461,-2.5623362364280977,954.9000244140625,531.0,25.743881771568965,43.01333038136597,43.56846473029046,3,https://www.tradingview.com/symbols/GOKEX/?exchange=NSE,False,False,False,True,True,False,True,False,False
PICCADIL,daily,573.0999755859375,652.1968493652344,616.2194254557292,607.7420089721679,0.07864986202457125,808.3517449655756,514.14246279787,11.467154933523949,41.048993090449294,41.49377593360996,3,https://www.tradingview.com/symbols/PICCADIL/?exchange=NSE,False,False,False,True,True,True,False,False,False
ELECTCAST,daily,75.18000030517578,75.30569030761718,76.16312202453614,75.21996438980102,0.42534565764227317,97.77694428392327,59.40690087106614,26.550954860181662,30.05712142460819,39.97233748271093,3,https://www.tradingview.com/symbols/ELECTCAST/?exchange=NSE,False,False,False,False,True,True,True,False,False
NSLNISP,daily,39.22999954223633,42.90379997253418,42.5918000793457,42.344450092315675,0.1844249284345123,53.75,33.0099983215332,18.842779572774692,37.0124920397487,37.89764868603043,3,https://www.tradingview.com/symbols/NSLNISP/?exchange=NSE,False,False,False,True,True,True,False,False,False
TANLA,daily,493.3500061035156,539.9620007324219,514.4227248128255,508.34222534179685,-1.3779181450348288,732.8993734844271,361.8340643388348,36.34703161654906,48.555663204076005,37.2060857538036,3,https://www.tradingview.com/symbols/TANLA/?exchange=NSE,False,False,False,True,True,False,True,False,False
MASTEK,daily,1679.9000244140625,1695.25890625,1636.8424161783855,1718.0936694335937,-3.5561234192022173,2339.8013183845087,1322.9728365112476,26.97917735363726,39.28217658075308,36.65283540802213,3,https://www.tradingview.com/symbols/MASTEK/?exchange=NSE,False,True,False,True,False,False,True,False,False
REFEX,daily,258.70001220703125,285.1979992675781,277.9425745646159,269.30354019165037,-2.032209326916723,381.1815877927063,187.40098243331008,38.046241192515716,47.345021185254545,34.57814661134163,3,https://www.tradingview.com/symbols/REFEX/?exchange=NSE,False,False,False,True,True,False,True,False,False
EIEL,daily,179.9600067138672,200.10559997558593,196.4337998453776,192.90554985046387,-0.7932454706375935,257.6600036621094,134.7100067138672,33.5906745933982,43.17625808482195,26.556016597510375,3,https://www.tradingview.com/symbols/EIEL/?exchange=NSE,False,False,False,True,True,False,True,False,False
OLAELEC,daily,35.130001068115234,38.29419990539551,36.839933446248374,35.979450159072876,-0.2420511830104055,57.95000076293945,22.25,57.88764524995611,64.95872189294111,20.33195020746888,3,https://www.tradingview.com/symbols/OLAELEC/?exchange=NSE,False,False,False,True,True,False,True,False,False
TARIL,daily,282.75,291.5277923583984,304.48790842692057,297.65825790405273,0.2323141511203719,500.74602595961534,223.84705029255147,26.313927134830116,77.09850608651294,15.767634854771783,3,https://www.tradingview.com/symbols/TARIL/?exchange=NSE,False,False,False,False,True,True,True,False,False
PTC,daily,148.57000732421875,152.73370727539063,153.99619608561198,150.67402282714843,1.1958010999189694,196.42057155396438,125.78258924113463,18.116512166400824,32.207418638220254,63.76210235131396,2,https://www.tradingview.com/symbols/PTC/?exchange=NSE,False,False,False,False,True,True,False,False,False
HINDZINC,daily,543.5,579.4150048828125,571.0445613606771,582.4066958618164,1.5732710666978678,719.8477125036038,445.36282284774444,22.03533211971884,32.44668123341376,62.51728907330567,2,https://www.tradingview.com/symbols/HINDZINC/?exchange=NSE,False,False,False,True,False,True,False,False,False
AXISBANK,daily,1259.0999755859375,1242.3280053710937,1274.9922477213543,1283.5042962646485,-0.30597216142372874,1417.2070248903838,1149.4136334255566,9.542808521723089,12.557148151072695,59.75103734439834,2,https://www.tradingview.com/symbols/AXISBANK/?exchange=NSE,True,False,False,False,False,False,False,True,False
INDUSTOWER,daily,380.8500061035156,377.12571533203123,393.150229695638,400.884599609375,-0.33994210866175045,464.0362575162202,325.5481676644739,16.98729832693715,21.842260753461673,59.47441217150761,2,https://www.tradingview.com/symbols/INDUSTOWER/?exchange=NSE,True,False,False,False,False,False,False,True,False
UNITDSPR,daily,1318.199951171875,1462.3580004882813,1364.307000325521,1364.7384979248047,-0.25410047994978147,1563.4000244140625,1201.5470073699987,9.708562635199058,18.601128988375827,58.229598893499315,2,https://www.tradingview.com/symbols/UNITDSPR/?exchange=NSE,False,False,False,True,False,False,False,True,False
TRITURBINE,daily,516.4500122070312,573.7424780273437,578.1645399983724,559.6845872497559,0.33485715026346785,784.8771245029434,426.8691302829629,20.98556104647038,51.97542955779944,57.12309820193637,2,https://www.tradingview.com/symbols/TRITURBINE/?exchange=NSE,False,False,False,False,True,True,False,False,False
360ONE,daily,1048.0,1126.0960009765624,1089.9475427246093,1102.3349728393555,-0.629632395105395,1229.0652744329707,900.8207868154223,16.338345577579872,17.277220842840713,56.84647302904564,2,https://www.tradingview.com/symbols/360ONE/?exchange=NSE,False,False,False,True,False,False,False,True,False
SAGILITY,daily,43.349998474121094,44.29163879394531,41.98892280578613,43.89872486114502,-1.2748903352595375,57.700033807096844,35.748125066049155,21.26509682403348,33.10273549730891,55.46334716459198,2,https://www.tradingview.com/symbols/SAGILITY/?exchange=NSE,False,True,False,True,False,False,False,False,False
BECTORFOOD,daily,205.41000366210938,227.49050506591797,200.1467339070638,206.36099250793458,-2.0422655831149994,278.33899243412714,164.52941938217484,24.846975351548316,35.50410762466214,54.910096818810516,2,https://www.tradingview.com/symbols/BECTORFOOD/?exchange=NSE,False,True,False,True,False,False,False,False,False
TIMKEN,daily,3015.60009765625,3184.9420263671873,3347.691572265625,3281.2168933105468,0.24737370591423335,3921.832239688061,2798.2399489351046,7.767745178674312,30.051469448357636,54.21853388658368,2,https://www.tradingview.com/symbols/TIMKEN/?exchange=NSE,False,False,False,False,True,True,False,False,False
TATASTEEL,daily,171.9600067138672,185.49000061035156,193.41846811930338,191.70385360717773,1.1008499990972087,219.86575104195882,156.82581752306186,9.650317422116927,27.858654604383904,54.08022130013831,2,https://www.tradingview.com/symbols/TATASTEEL/?exchange=NSE,False,False,False,False,True,True,False,False,False
HONAUT,daily,32495.0,35626.1,34026.12622395833,33666.41044921875,-0.2593984975197028,41495.0,26146.075333867524,24.28251500487566,27.696568702877357,53.665283540802214,2,https://www.tradingview.com/symbols/HONAUT/?exchange=NSE,False,False,False,True,True,False,False,False,False
LT,daily,3703.300048828125,3941.00599609375,3911.7750504557293,3940.2135888671874,-0.4740382763190998,4397.052414797838,3256.294765660181,13.727420744642526,18.733355569966427,53.52697095435685,2,https://www.tradingview.com/symbols/LT/?exchange=NSE,False,False,False,True,False,False,False,True,False
NTPCGREEN,daily,92.5999984741211,90.68320007324219,96.63500010172525,95.18640014648437,-0.33735175223500447,119.94999694824219,84.0,10.238093421572735,29.53563598790403,53.38865836791148,2,https://www.tradingview.com/symbols/NTPCGREEN/?exchange=NSE,True,False,False,False,True,False,False,False,False
3MINDIA,daily,30170.0,33627.0,32875.7646484375,33364.93455078125,-0.7137190701559271,37487.09942436396,28319.862583025053,6.533002805189891,24.252898324043603,52.558782849239286,2,https://www.tradingview.com/symbols/3MINDIA/?exchange=NSE,False,False,False,True,False,False,False,True,False
BIOCON,daily,349.3999938964844,399.6959991455078,398.5774200439453,394.0348324584961,-0.4142231819929232,447.1499938964844,337.29663028287246,3.5883440648255105,27.976531685046368,51.45228215767634,2,https://www.tradingview.com/symbols/BIOCON/?exchange=NSE,False,False,False,True,True,False,False,False,False
BHARTIARTL,daily,1805.0999755859375,1874.4519970703125,1848.4894384765626,1886.9081494140626,-1.5655378250493013,2147.4734560986562,1718.8676127570984,5.016812358836686,18.967009314904224,51.31396957123098,2,https://www.tradingview.com/symbols/BHARTIARTL/?exchange=NSE,False,False,False,True,False,False,False,True,False
KSB,daily,784.5499877929688,807.0289965820313,844.5853173828125,815.2552310180664,0.9113964219560788,1023.2461180887996,663.373535570316,18.266699789052467,30.42459167800271,50.89903181189488,2,https://www.tradingview.com/symbols/KSB/?exchange=NSE,False,False,False,False,True,True,False,False,False
YESBANK,daily,20.450000762939453,22.42,21.8778000386556,21.833100032806396,-0.15228848237698323,25.780000686645508,17.200000762939453,18.8953479990694,26.06356833670811,50.76071922544951,2,https://www.tradingview.com/symbols/YESBANK/?exchange=NSE,False,False,False,True,True,False,False,False,False
ABBOTINDIA,daily,26000.0,26660.4,26230.084739583333,26399.55095703125,-0.8131570984424519,29954.070075835953,24574.941813474234,5.798826289567938,15.207961830138284,50.62240663900415,2,https://www.tradingview.com/symbols/ABBOTINDIA/?exchange=NSE,False,False,False,True,False,False,False,True,False
ASHOKLEY,daily,145.05999755859375,166.2717999267578,162.7475328572591,169.5396063232422,0.21403906604364753,211.80679384961218,131.07000684605995,10.673678173348122,46.01323411994236,49.654218533886585,2,https://www.tradingview.com/symbols/ASHOKLEY/?exchange=NSE,False,False,False,True,False,True,False,False,False
BANDHANBNK,daily,157.0,172.25288146972656,181.95282358805338,174.88161994934083,1.7917977665178775,218.86288600994448,133.09632102479327,17.959684228051607,39.4031121082449,49.37759336099585,2,https://www.tradingview.com/symbols/BANDHANBNK/?exchange=NSE,False,False,False,False,True,True,False,False,False
HCG,daily,589.2000122070312,695.5030017089844,635.7730000813802,632.8791949462891,-0.6589078879452814,804.6500244140625,513.2999877929688,14.78667956732458,36.56653220355452,49.23928077455049,2,https://www.tradingview.com/symbols/HCG/?exchange=NSE,False,False,False,True,True,False,False,False,False
JINDALSTEL,daily,1016.7000122070312,1122.8626135253905,1144.7512178548177,1135.2893838500977,0.8659546362680182,1303.865138167474,975.3534332608737,4.239138094580208,28.244823695543264,49.100968188105114,2,https://www.tradingview.com/symbols/JINDALSTEL/?exchange=NSE,False,False,False,False,True,True,False,False,False
LICI,daily,394.25,406.0620001220703,403.6415000406901,406.29630950927736,-0.8462301586019572,457.74492274879265,352.4872671490231,11.848011756214905,16.105243563422356,48.54771784232365,2,https://www.tradingview.com/symbols/LICI/?exchange=NSE,False,False,False,True,False,False,False,True,False
STYRENIX,daily,1990.5,2134.1530078125,2150.0130501302083,2090.6874377441404,0.24024011348247054,2625.9669159348305,1761.8624901691985,12.977034876816319,31.924989496851563,48.40940525587828,2,https://www.tradingview.com/symbols/STYRENIX/?exchange=NSE,False,False,False,False,True,True,False,False,False
SARDAEN,daily,491.8999938964844,507.0988818359375,524.8229461669922,518.9994219970703,0.31766320328419084,621.6151182855507,451.3682929916116,8.979740388106094,26.37022280922483,47.994467496542185,2,https://www.tradingview.com/symbols/SARDAEN/?exchange=NSE,False,False,False,False,True,True,False,False,False
SAATVIKGL,daily,397.25,419.14599975585935,430.40799926757813,421.69574981689453,0.2623681759861052,567.0,328.0,21.112804878048784,42.731277533039645,47.85615491009682,2,https://www.tradingview.com/symbols/SAATVIKGL/?exchange=NSE,False,False,False,False,True,True,False,False,False
POONAWALLA,daily,437.8999938964844,467.82499938964844,437.3240002441406,442.07,-0.24348478632751913,570.4000244140625,361.20001220703125,21.234767191948634,30.25805717387151,47.71784232365145,2,https://www.tradingview.com/symbols/POONAWALLA/?exchange=NSE,False,True,False,True,False,False,False,False,False
THERMAX,daily,3138.10009765625,3769.9679931640626,4040.9437158203127,3770.287731933594,1.7011534857652055,5256.332008959298,2731.5439342301706,14.883749747948283,67.50045713599417,47.57952973720608,2,https://www.tradingview.com/symbols/THERMAX/?exchange=NSE,False,False,False,False,True,True,False,False,False
SUPREMEIND,daily,3462.0,3503.6919921875,3555.0873063151043,3557.7165942382812,0.2710592224193453,4251.447951229625,3140.0,10.254777070063703,22.80323371547155,47.30290456431535,2,https://www.tradingview.com/symbols/SUPREMEIND/?exchange=NSE,False,False,False,False,False,True,False,True,False
LINDEINDIA,daily,5996.0,6471.718203125,6896.365738932292,6713.760126953125,0.460686592363313,8035.3727195912315,5663.395514756716,5.872881107749572,34.01222013994716,46.61134163208852,2,https://www.tradingview.com/symbols/LINDEINDIA/?exchange=NSE,False,False,False,False,True,True,False,False,False
MGL,daily,1042.800048828125,1087.0162744140625,1076.412305908203,1078.720033569336,-0.7606993568851528,1300.4366683282476,885.652283987356,17.74373167460974,24.70623393138971,46.19640387275242,2,https://www.tradingview.com/symbols/MGL/?exchange=NSE,False,False,False,True,False,False,False,True,False
LUPIN,daily,1956.5,2166.1160009765626,2270.773971354167,2243.0120593261718,0.03701176560142461,2523.699951171875,1886.322723198068,3.7203218695766704,28.990541843694096,46.058091286307054,2,https://www.tradingview.com/symbols/LUPIN/?exchange=NSE,False,False,False,False,True,True,False,False,False
PRESTIGE,daily,1411.0,1546.5476611328124,1464.449960123698,1480.8918768310548,-1.3979760128165597,1802.9302554788078,1088.629585901896,29.61249797662169,27.77677218134711,45.91977869986169,2,https://www.tradingview.com/symbols/PRESTIGE/?exchange=NSE,False,False,False,True,False,False,True,False,False
JSL,daily,709.0499877929688,732.3455444335938,727.5170520019532,743.5796044921875,-0.32780437352016856,879.2203373423794,649.5262533837296,9.164176828749904,23.99976764389955,45.78146611341632,2,https://www.tradingview.com/symbols/JSL/?exchange=NSE,False,False,False,True,False,False,False,True,False
ZFCVINDIA,daily,2116.199951171875,2480.6179833984374,2431.3042024739584,2442.559211425781,0.28442107139288186,3038.7327548607846,2046.7853151927584,3.3913979870712208,43.59383919170985,45.36652835408022,2,https://www.tradingview.com/symbols/ZFCVINDIA/?exchange=NSE,False,False,False,True,False,True,False,False,False
JUBLINGREA,daily,625.7999877929688,684.0829968261719,667.2407759602864,665.4453076171875,-0.8775536297678799,792.3323631991859,535.497064674972,16.863383401141043,26.611118353250983,44.67496542185339,2,https://www.tradingview.com/symbols/JUBLINGREA/?exchange=NSE,False,False,False,True,True,False,False,False,False
NMDC,daily,71.80000305175781,81.34862075805664,83.44284861246744,82.26331275939941,0.768211832272625,96.1838663751024,69.16947723525224,3.8030153207011974,33.96081098460011,44.398340248962654,2,https://www.tradingview.com/symbols/NMDC/?exchange=NSE,False,False,False,False,True,True,False,False,False
ATGL,daily,563.4500122070312,624.8810034179687,635.3819059244792,612.9435420227051,0.03214341910289242,859.5498025483846,462.63840779150803,21.790582605704213,52.551208434894114,44.26002766251729,2,https://www.tradingview.com/symbols/ATGL/?exchange=NSE,False,False,False,False,True,True,False,False,False
JLHL,daily,255.6999969482422,291.3179989624023,275.5840838623047,272.46898475646975,-0.7821923179504031,340.0,235.42042234373233,8.614195150368097,32.96832383960548,43.983402489626556,2,https://www.tradingview.com/symbols/JLHL/?exchange=NSE,False,False,False,True,True,False,False,False,False
ICICIGI,daily,1690.199951171875,1573.22,1709.6753084309896,1756.937646484375,-2.700500914280446,2057.089271774458,1423.0999755859375,18.76888343533023,21.706859022697643,43.43015214384509,2,https://www.tradingview.com/symbols/ICICIGI/?exchange=NSE,True,False,False,False,False,False,False,True,False
DATAMATICS,daily,745.7999877929688,796.6828259277344,772.5406750488281,768.2411700439453,-0.9096359198835335,1003.5294156461148,627.9510538752943,18.767216519566233,34.55744597366375,43.15352697095436,2,https://www.tradingview.com/symbols/DATAMATICS/?exchange=NSE,False,False,False,True,True,False,False,False,False
ENDURANCE,daily,2407.5,2786.58798828125,2607.0350520833335,2585.2019165039064,-0.03387995577630587,3072.0,2134.0128277243602,12.81562925595332,27.60124610591901,42.738589211618255,2,https://www.tradingview.com/symbols/ENDURANCE/?exchange=NSE,False,False,False,True,True,False,False,False,False
CAMS,daily,672.5,737.7293090820312,738.0826025390625,733.361408996582,-0.9137135151970566,837.8765073351432,606.3175046422562,10.915484849277668,24.591302205969235,42.46196403872752,2,https://www.tradingview.com/symbols/CAMS/?exchange=NSE,False,False,False,False,True,False,False,True,False
IGIL,daily,309.04998779296875,332.3603692626953,340.05304667154945,334.3344026184082,-0.009612858073382302,385.39286639838434,282.67090105928503,9.332084284172982,24.702437023410397,42.18533886583679,2,https://www.tradingview.com/symbols/IGIL/?exchange=NSE,False,False,False,False,True,False,False,True,False
NAVA,daily,549.0999755859375,560.6962194824218,587.7203548177083,581.1080828857422,0.39459496063756205,732.5560380476754,497.0066711243156,10.48140950377543,33.41032063714342,41.90871369294606,2,https://www.tradingview.com/symbols/NAVA/?exchange=NSE,False,False,False,False,True,True,False,False,False
NTPC,daily,312.0,330.4791729736328,356.3050866699219,353.56366134643554,0.1914134969006609,409.97128898871665,308.45001220703125,1.1509118665834261,31.401054163050212,41.632088520055326,2,https://www.tradingview.com/symbols/NTPC/?exchange=NSE,False,False,False,False,True,True,False,False,False
PREMIERENE,daily,884.6500244140625,977.0130029296874,981.6811470540365,931.1764776611328,-0.3864770992583755,1134.0,666.4089382565205,32.748823376905925,28.186284825017836,41.35546334716459,2,https://www.tradingview.com/symbols/PREMIERENE/?exchange=NSE,False,False,False,False,True,False,True,False,False
ULTRACEMCO,daily,10426.0,11353.84,11305.258118489583,11510.999438476563,-0.4582230708509716,12847.756783521221,10118.465708821142,3.0393371883521203,23.228052786507014,41.078838174273855,2,https://www.tradingview.com/symbols/ULTRACEMCO/?exchange=NSE,False,False,False,True,False,False,False,True,False
NHPC,daily,72.98999786376953,75.95299011230469,77.2069334411621,77.18057178497314,-0.150582421292067,86.59303970157107,70.25,3.9003528309886626,18.63685742694583,40.80221300138312,2,https://www.tradingview.com/symbols/NHPC/?exchange=NSE,False,False,False,False,True,False,False,True,False
CERA,daily,5002.5,5668.01,5574.7472265625,5448.678522949219,-0.03545594955244313,6663.070811519553,4410.181828561342,13.43069729240347,33.194818820980565,39.2807745504841,2,https://www.tradingview.com/symbols/CERA/?exchange=NSE,False,False,False,True,True,False,False,False,False
DELHIVERY,daily,400.5,444.3870007324219,453.3506669108073,444.0535008239746,0.21275721475826348,524.0,374.45001220703125,6.956866589328858,30.836454431960057,39.14246196403873,2,https://www.tradingview.com/symbols/DELHIVERY/?exchange=NSE,False,False,False,False,True,True,False,False,False
CONCOR,daily,442.0,493.7788781738281,482.90448893229166,488.5623118591309,-0.767490762907308,547.7379722645398,419.3328127807616,5.405536253870347,23.922618159398155,38.035961272475795,2,https://www.tradingview.com/symbols/CONCOR/?exchange=NSE,False,False,False,True,False,False,False,True,False
JSWENERGY,daily,462.29998779296875,529.9450006103516,536.3290374755859,522.637073059082,0.572999638910443,615.2574202859911,426.30011443485296,8.444725239128982,33.08618570881752,37.6210235131397,2,https://www.tradingview.com/symbols/JSWENERGY/?exchange=NSE,False,False,False,False,True,True,False,False,False
BALUFORGE,daily,481.20001220703125,520.2515313720703,483.5300811767578,486.1426190185547,-2.664378050281757,677.7972608890275,340.948005664704,41.13589292563695,40.85562005293806,36.51452282157676,2,https://www.tradingview.com/symbols/BALUFORGE/?exchange=NSE,False,False,False,True,False,False,True,False,False
NLCINDIA,daily,243.5500030517578,271.3018914794922,292.5143192545573,283.1442512512207,0.819790093479078,387.4363949219129,226.55743882214648,7.500333830552752,59.078788777340804,36.376210235131396,2,https://www.tradingview.com/symbols/NLCINDIA/?exchange=NSE,False,False,False,False,True,True,False,False,False
ONESOURCE,daily,1461.300048828125,1554.5099975585938,1605.867998046875,1576.305496826172,-0.5672436247741053,1925.0,1057.0,38.24976810105252,31.732015033034088,36.09958506224066,2,https://www.tradingview.com/symbols/ONESOURCE/?exchange=NSE,False,False,False,False,True,False,True,False,False
TEXRAIL,daily,107.08000183105469,112.5948291015625,107.10298309326171,111.07338050842286,-0.8595521444689669,142.18870442678158,77.55295586446476,38.07339854098248,32.787357111853254,35.684647302904565,2,https://www.tradingview.com/symbols/TEXRAIL/?exchange=NSE,False,False,False,True,False,False,True,False,False
PURVA,daily,202.38999938964844,213.7197994995117,210.25979970296223,217.01379989624024,-1.6226248591332482,287.29998779296875,160.69000244140625,25.950585795434034,41.95364823330454,34.99308437067773,2,https://www.tradingview.com/symbols/PURVA/?exchange=NSE,False,False,False,True,False,False,True,False,False
SUMICHEM,daily,411.3999938964844,493.77899963378906,463.8016416422526,455.5264059448242,-0.17451863037312165,572.0499877929688,361.7279903344155,13.731866178270424,39.04958587260134,29.460580912863072,2,https://www.tradingview.com/symbols/SUMICHEM/?exchange=NSE,False,False,False,True,True,False,False,False,False
IFBIND,daily,1161.0,1304.4339990234375,1215.1719995117187,1243.0044976806641,-3.602634873452115,2019.800048828125,883.2000122070312,31.453802530954846,73.97071910664299,22.821576763485478,2,https://www.tradingview.com/symbols/IFBIND/?exchange=NSE,False,False,False,True,False,False,True,False,False
EMBDL,daily,55.5099983215332,59.63359992980957,58.1889998626709,59.564399795532225,-3.14503364582156,99.20999908447266,39.459999084472656,40.67409936503561,78.72455788921819,21.16182572614108,2,https://www.tradingview.com/symbols/EMBDL/?exchange=NSE,False,False,False,True,False,False,True,False,False
GMDCLTD,daily,462.1499938964844,546.9407806396484,586.7187327067057,580.5821696472168,0.3740290417461045,758.8901386847265,458.04998779296875,0.8951001446961593,64.20862246180361,18.39557399723375,2,https://www.tradingview.com/symbols/GMDCLTD/?exchange=NSE,False,False,False,False,True,True,False,False,False
OLECTRA,daily,1044.800048828125,1250.5496508789063,1238.986835530599,1203.4863400268555,-0.7831148285815992,1577.2018560437346,866.1616606732061,20.62413938017944,50.95729157102981,17.842323651452283,2,https://www.tradingview.com/symbols/OLECTRA/?exchange=NSE,False,False,False,True,True,False,False,False,False
WEBELSOLAR,daily,66.4000015258789,79.6299217224121,88.79229548136394,86.02610387802125,-3.9283021523825012,137.44541921249123,50.23386215331976,32.181756846045694,106.99610851503203,6.500691562932228,2,https://www.tradingview.com/symbols/WEBELSOLAR/?exchange=NSE,False,False,False,False,True,False,True,False,False
M&MFIN,daily,319.45001220703125,366.2520007324219,329.09068094889324,338.28143478393554,-0.11722514234970838,415.0,263.56995824155,21.201222756301252,29.91077919604026,66.66666666666666,1,https://www.tradingview.com/symbols/M&MFIN/?exchange=NSE,False,False,False,True,False,False,False,False,False
SBIN,daily,940.0,1019.1809985351563,1025.594872639974,1031.5740240478515,0.30002003159717017,1212.8384373028666,842.0715999631051,11.629462392649925,29.025365670517722,58.78284923928078,1,https://www.tradingview.com/symbols/SBIN/?exchange=NSE,False,False,False,False,False,True,False,False,False
ASTRAL,daily,1409.800048828125,1455.4741552734374,1503.1875463867189,1500.1004547119142,-0.25798911914235445,1765.9224658214252,1309.540253350694,7.6561064252052,25.260491180243715,57.676348547717836,1,https://www.tradingview.com/symbols/ASTRAL/?exchange=NSE,False,False,False,False,True,False,False,False,False
ALKEM,daily,5279.0,5358.678837890625,5415.404371744792,5460.052202148438,-0.7156279626771234,5875.533923201399,5051.0,4.513957632152055,11.300131146076886,55.04840940525588,1,https://www.tradingview.com/symbols/ALKEM/?exchange=NSE,False,False,False,False,False,False,False,True,False
PGEL,daily,510.6000061035156,565.1246795654297,541.6633095296224,552.6260725402832,-1.0131800509631583,644.0957170393084,436.34383127169804,17.017812447445955,26.144870611052973,52.83540802213002,1,https://www.tradingview.com/symbols/PGEL/?exchange=NSE,False,False,False,True,False,False,False,False,False
VBL,daily,432.0,428.08009216308596,460.5078214518229,463.5193444824219,-1.0142578684009917,555.1842484654879,379.7399002549519,13.76207759836705,28.51487232997405,52.282157676348554,1,https://www.tradingview.com/symbols/VBL/?exchange=NSE,True,False,False,False,False,False,False,False,False
ASIANPAINT,daily,2339.10009765625,2559.898017578125,2525.89201171875,2541.218873291016,-1.778594679607448,2960.0187763517797,2096.8080953222207,11.555277894746773,26.54519485154494,52.14384508990319,1,https://www.tradingview.com/symbols/ASIANPAINT/?exchange=NSE,False,False,False,True,False,False,False,False,False
GMRAIRPORT,daily,92.30999755859375,98.61139999389648,99.70986668904622,99.65299987792969,-0.9105710977533654,115.63999938964844,84.11000061035156,9.749134334488406,25.273537480321107,50.48409405255878,1,https://www.tradingview.com/symbols/GMRAIRPORT/?exchange=NSE,False,False,False,False,True,False,False,False,False
ANURAS,daily,1132.4000244140625,1207.8191577148436,1261.5536767578126,1269.74287109375,-0.5074041434339649,1413.2033352966978,1046.5694719261105,8.201132823986267,24.797183400621293,50.345781466113415,1,https://www.tradingview.com/symbols/ANURAS/?exchange=NSE,False,False,False,False,False,False,False,True,False
BERGEPAINT,daily,471.8999938964844,493.1719512939453,482.74044108072917,485.5087547302246,-2.1520169413851264,590.094751424942,388.1693207725482,21.570657092964595,25.046568988594807,50.06915629322268,1,https://www.tradingview.com/symbols/BERGEPAINT/?exchange=NSE,False,False,False,True,False,False,False,False,False
HEROMOTOCO,daily,4895.5,5433.85,5155.841748046875,5246.337231445313,-1.3319763816041497,6175.521739453033,4603.781580166306,6.336495655885477,26.146905105771268,46.88796680497925,1,https://www.tradingview.com/symbols/HEROMOTOCO/?exchange=NSE,False,False,False,True,False,False,False,False,False
LTF,daily,261.20001220703125,303.08799743652344,289.7073973592122,290.7600203704834,-0.440927401394664,338.6000061035156,232.5061628263369,12.34111347066802,29.63246182206758,46.749654218533884,1,https://www.tradingview.com/symbols/LTF/?exchange=NSE,False,False,False,True,False,False,False,False,False
TORNTPOWER,daily,1214.5999755859375,1282.287998046875,1411.2235888671876,1399.697691040039,-0.14604239486274428,1817.8039543841724,1171.7578125,3.656230206353972,49.66276888876455,46.47302904564315,1,https://www.tradingview.com/symbols/TORNTPOWER/?exchange=NSE,False,False,False,False,True,False,False,False,False
CIPLA,daily,1301.0,1404.7699975585938,1363.756641438802,1369.6888000488282,-1.0782085323133517,1657.4505258313652,1154.8655900414417,12.653802418107762,27.398195682656823,45.22821576763486,1,https://www.tradingview.com/symbols/CIPLA/?exchange=NSE,False,False,False,True,False,False,False,False,False
JUBLPHARMA,daily,931.9000244140625,956.2579992675782,940.9619132486979,951.1988381958008,-0.6604978748146473,1178.6978642896322,782.0015188448107,19.16856962000344,26.48329578387394,45.08990318118949,1,https://www.tradingview.com/symbols/JUBLPHARMA/?exchange=NSE,False,False,False,True,False,False,False,False,False
IMFA,daily,1182.5,1325.1179956054686,1358.4211547851562,1344.136654663086,-0.8370371392180664,1670.7880501060147,1057.2993063797437,11.841556394182362,41.29285835991667,44.81327800829876,1,https://www.tradingview.com/symbols/IMFA/?exchange=NSE,False,False,False,False,True,False,False,False,False
TIMETECHNO,daily,179.67999267578125,188.74143585205078,181.58469045003255,182.40968589782716,-0.7202955946107537,225.61254472714933,152.72234380182346,17.651411183774623,25.5635317919062,43.706777316735824,1,https://www.tradingview.com/symbols/TIMETECHNO/?exchange=NSE,False,False,False,True,False,False,False,False,False
GMRP&UI,daily,98.0999984741211,96.64100036621093,101.76753311157226,103.41769989013672,-2.1241295029586826,136.3000030517578,86.80000305175781,13.01842744824009,38.939862560460625,43.015214384508994,1,https://www.tradingview.com/symbols/GMRP&UI/?exchange=NSE,True,False,False,False,False,False,False,False,False
ONGC,daily,221.27000427246094,234.05873352050781,255.95029032389323,253.99205604553222,-0.19149575601846713,306.19702215663295,218.52999877929688,1.2538349464465526,38.381622562630355,42.87690179806362,1,https://www.tradingview.com/symbols/ONGC/?exchange=NSE,False,False,False,False,True,False,False,False,False
CEATLTD,daily,3262.300048828125,3453.46798828125,3430.1593896484374,3516.5938317871096,-1.5032118926809668,4393.1588210528225,3030.269696896854,7.657085841860267,34.664462351674906,42.32365145228216,1,https://www.tradingview.com/symbols/CEATLTD/?exchange=NSE,False,False,False,True,False,False,False,False,False
HYUNDAI,daily,1940.0,2150.838076171875,1977.8823706054689,2041.0786810302734,-1.1742463769108924,2567.3820155472813,1642.3163104887294,18.125843822538922,32.339279151921716,41.77040110650069,1,https://www.tradingview.com/symbols/HYUNDAI/?exchange=NSE,False,False,False,True,False,False,False,False,False
CCAVENUE,daily,14.899999618530273,15.715799980163574,15.224266668955485,15.609999980926514,-1.9241342007083495,20.5,12.920000076293945,15.325073765822172,37.5838961398719,41.21715076071922,1,https://www.tradingview.com/symbols/CCAVENUE/?exchange=NSE,False,False,False,True,False,False,False,False,False
BAJAJFINSV,daily,1734.699951171875,1924.8140014648438,1834.1956201171874,1878.6984533691407,-1.4526373751497346,2193.128599829014,1595.6384533474438,8.715100687922007,26.426970747733524,40.94052558782849,1,https://www.tradingview.com/symbols/BAJAJFINSV/?exchange=NSE,False,False,False,True,False,False,False,False,False
HCLTECH,daily,1216.699951171875,1289.5200024414062,1244.3640002441407,1321.1498184204102,-2.8424973328687875,1729.0085007948294,1019.5907239069678,19.332191107977593,42.1064001136451,40.66390041493776,1,https://www.tradingview.com/symbols/HCLTECH/?exchange=NSE,False,False,False,True,False,False,False,False,False
BRIGADE,daily,548.7999877929688,611.9018041992188,555.4220717366536,567.3266319274902,-1.185469952234508,799.2478861619728,449.19622544946475,22.173775446096133,45.63555100942966,40.11065006915629,1,https://www.tradingview.com/symbols/BRIGADE/?exchange=NSE,False,False,False,True,False,False,False,False,False
BPCL,daily,287.79998779296875,311.31800048828126,307.1853338623047,321.3733934020996,-1.6256795101876942,391.6499938964844,266.6000061035156,7.951980946775206,36.08408982220701,39.83402489626556,1,https://www.tradingview.com/symbols/BPCL/?exchange=NSE,False,False,False,True,False,False,False,False,False
CDSL,daily,1260.0,1341.7540014648437,1289.509638671875,1311.332998046875,-1.9416222821547535,1658.570789743815,1106.2094182590258,13.90248349024299,31.632602360620243,39.55739972337483,1,https://www.tradingview.com/symbols/CDSL/?exchange=NSE,False,False,False,True,False,False,False,False,False
RELIGARE,daily,220.57000732421875,241.47020080566406,237.26953348795573,237.70545013427736,-0.0433332194825331,280.0,196.50999450683594,12.243658587322304,26.9438231411147,39.41908713692946,1,https://www.tradingview.com/symbols/RELIGARE/?exchange=NSE,False,False,False,True,False,False,False,False,False
GRAVITA,daily,1466.4000244140625,1664.7260034179687,1637.0313330078125,1648.1035021972657,-1.615805154459271,1913.5999755859375,1266.9000244140625,15.747098915107216,30.496450063178713,39.004149377593365,1,https://www.tradingview.com/symbols/GRAVITA/?exchange=NSE,False,False,False,True,False,False,False,False,False
NUVOCO,daily,317.1000061035156,331.6110009765625,320.059667561849,327.2290008544922,-0.833686814586021,439.8500061035156,276.25,14.787332526159492,38.710185316088875,38.865836791148,1,https://www.tradingview.com/symbols/NUVOCO/?exchange=NSE,False,False,False,True,False,False,False,False,False
POWERGRID,daily,244.64999389648438,267.20356994628906,285.87658833821615,282.03921463012693,-0.0994692723391255,323.4425459044702,244.64999389648438,0.0,32.20623501888347,38.4508990318119,1,https://www.tradingview.com/symbols/POWERGRID/?exchange=NSE,False,False,False,False,True,False,False,False,False
BALKRISIND,daily,2010.300048828125,2281.764560546875,2208.138475748698,2266.12044128418,-0.8929557050934789,2765.3795041598637,1963.1703614270675,2.400692692140982,37.56053509384836,38.312586445366534,1,https://www.tradingview.com/symbols/BALKRISIND/?exchange=NSE,False,False,False,True,False,False,False,False,False
BLUESTARCO,daily,1574.0,1529.5780004882813,1639.087909342448,1686.9495825195313,-1.507065432992949,2022.9788267608074,1432.300048828125,9.89317505698688,28.52470309789119,37.48271092669433,1,https://www.tradingview.com/symbols/BLUESTARCO/?exchange=NSE,True,False,False,False,False,False,False,False,False
UNOMINDA,daily,1085.0,1222.5640014648438,1142.932480875651,1162.305276184082,-0.8147487791770769,1378.852549646065,992.4616833454146,9.32411983328716,27.083184299176487,37.344398340248965,1,https://www.tradingview.com/symbols/UNOMINDA/?exchange=NSE,False,False,False,True,False,False,False,False,False
AADHARHFC,daily,443.6499938964844,472.07200012207034,482.0096661376953,480.75499938964845,-0.7240923027728496,563.0,427.29998779296875,3.826353047179909,26.90183877954999,36.92946058091287,1,https://www.tradingview.com/symbols/AADHARHFC/?exchange=NSE,False,False,False,False,True,False,False,False,False
WHIRLPOOL,daily,823.1500244140625,802.4697448730469,825.403701578776,834.2988961791992,-2.9288959436108097,1428.4580610250364,706.0,16.593487877345957,73.53556686605778,35.5463347164592,1,https://www.tradingview.com/symbols/WHIRLPOOL/?exchange=NSE,True,False,False,False,False,False,False,False,False
APOLLOTYRE,daily,400.04998779296875,424.3540008544922,418.58721333821615,436.8794020080566,-2.590126214962407,533.7087547028075,363.2227809620478,10.139013509389127,33.410516432513674,35.40802213001383,1,https://www.tradingview.com/symbols/APOLLOTYRE/?exchange=NSE,False,False,False,True,False,False,False,False,False
VGUARD,daily,291.8500061035156,322.2543927001953,315.62580708821616,317.6785200500488,-0.820610289990964,382.1809668907202,287.43192892625956,1.5370864307804544,30.95115946482636,35.26970954356847,1,https://www.tradingview.com/symbols/VGUARD/?exchange=NSE,False,False,False,True,False,False,False,False,False
PRAJIND,daily,289.75,324.8704132080078,339.12291341145834,331.26642318725584,-0.10712690536567315,422.8048706122484,269.90699581373747,7.351793208041246,45.920576570232406,35.131396957123094,1,https://www.tradingview.com/symbols/PRAJIND/?exchange=NSE,False,False,False,False,True,False,False,False,False
TATAPOWER,daily,335.6499938964844,367.8139990234375,388.58086853027345,383.8577015686035,-0.6004057130050366,462.0369390979878,334.0,0.4940101486480275,37.654386265379046,34.716459197786996,1,https://www.tradingview.com/symbols/TATAPOWER/?exchange=NSE,False,False,False,False,True,False,False,False,False
NATCOPHARM,daily,789.4000244140625,856.2052038574219,956.0390942382812,936.2726776123047,-0.8210028189514551,1224.7419352225772,787.4500122070312,0.24763631682038767,55.148454186032005,34.3015214384509,1,https://www.tradingview.com/symbols/NATCOPHARM/?exchange=NSE,False,False,False,False,True,False,False,False,False
RITES,daily,195.85000610351562,211.30948028564453,207.32816009521486,211.17213859558106,-1.2785448816255318,252.6160882566492,171.65342046038222,14.096186127976406,28.984467900976284,34.16320885200553,1,https://www.tradingview.com/symbols/RITES/?exchange=NSE,False,False,False,True,False,False,False,False,False
AVANTIFEED,daily,699.0999755859375,811.4671704101562,1045.8362959798178,1027.8694821166991,-0.5454203718855744,1575.9303166617983,628.8691786950828,11.167791214793677,125.42273947885091,34.024896265560166,1,https://www.tradingview.com/symbols/AVANTIFEED/?exchange=NSE,False,False,False,False,True,False,False,False,False
AMBER,daily,6445.0,7178.11,7409.213333333333,7232.2025,-0.008537472244563027,8974.0,5400.5,19.340801777613194,39.239720713731586,33.60995850622407,1,https://www.tradingview.com/symbols/AMBER/?exchange=NSE,False,False,False,False,True,False,False,False,False
REDTAPE,daily,113.16000366210938,122.41160446166992,124.77078119913737,123.98320426940919,-0.8352805131034979,156.6134844830799,105.92267660028074,6.8326512264602846,38.400034830964344,33.471645919778695,1,https://www.tradingview.com/symbols/REDTAPE/?exchange=NSE,False,False,False,False,True,False,False,False,False
LTTS,daily,3270.10009765625,3429.7520068359377,3388.428961588542,3525.220627441406,-3.4373805039519256,4673.3032272251885,2976.4372238818078,9.866254575040333,42.91009717331418,33.33333333333333,1,https://www.tradingview.com/symbols/LTTS/?exchange=NSE,False,False,False,True,False,False,False,False,False
CIEINDIA,daily,370.75,393.33099975585935,436.94146118164065,432.8536737060547,-0.6307714836999101,518.5450350593709,366.8999938964844,1.049333924110618,39.86379907198136,33.0567081604426,1,https://www.tradingview.com/symbols/CIEINDIA/?exchange=NSE,False,False,False,False,True,False,False,False,False
JSWCEMENT,daily,112.43000030517578,122.5959992980957,125.34654708862304,123.90420143127442,-0.09865573408600614,143.39999389648438,106.25579106571017,5.8107037532169725,27.546022865111453,32.365145228215766,1,https://www.tradingview.com/symbols/JSWCEMENT/?exchange=NSE,False,False,False,False,True,False,False,False,False
KFINTECH,daily,842.3499755859375,917.7310009765625,893.7121826171875,925.9400103759766,-1.929608948068351,1198.7685004367224,774.4636355142945,8.765594271777788,42.312404010323704,32.2268326417704,1,https://www.tradingview.com/symbols/KFINTECH/?exchange=NSE,False,False,False,True,False,False,False,False,False
CESC,daily,133.22999572753906,147.99295837402343,157.83630442301433,156.35564575195312,-1.7644326586790604,197.1955548334318,128.30999755859375,3.8344620548360187,48.01137968712765,31.535269709543567,1,https://www.tradingview.com/symbols/CESC/?exchange=NSE,False,False,False,False,True,False,False,False,False
BANCOINDIA,daily,590.7999877929688,614.9325659179688,611.9190600585938,616.6395156860351,-1.5751968211969003,848.8262434052705,495.5999980879241,19.209037544861985,43.67404552193739,31.3969571230982,1,https://www.tradingview.com/symbols/BANCOINDIA/?exchange=NSE,False,False,False,True,False,False,False,False,False
ADVENZYMES,daily,267.1499938964844,296.48,316.70641031901044,310.9614883422852,-0.888087807092075,417.20001286678644,250.86763242464252,6.490419395468594,56.16695579204978,30.982019363762102,1,https://www.tradingview.com/symbols/ADVENZYMES/?exchange=NSE,False,False,False,False,True,False,False,False,False
DMART,daily,3516.800048828125,3832.275986328125,4052.777337239583,3990.7955029296877,-0.6026415200731661,4644.0,3497.699951171875,0.5460759334102061,32.05186349867923,30.70539419087137,1,https://www.tradingview.com/symbols/DMART/?exchange=NSE,False,False,False,False,True,False,False,False,False
MAHSCOOTER,daily,12155.0,13104.97818359375,12619.0966796875,12831.757392578125,-1.1245454179677927,17441.422617950317,10721.758704587743,13.367595139023102,43.49175333566695,29.87551867219917,1,https://www.tradingview.com/symbols/MAHSCOOTER/?exchange=NSE,False,False,False,True,False,False,False,False,False
FORTIS,daily,786.25,888.1889978027343,911.4006884765626,906.8199139404297,-0.6156465653508358,1103.1298326042547,745.3499755859375,5.487358389179531,40.302681412305844,29.737206085753805,1,https://www.tradingview.com/symbols/FORTIS/?exchange=NSE,False,False,False,False,True,False,False,False,False
LTM,daily,4070.0,4393.952001953125,4210.670343424479,4570.0937536621095,-4.344269349078955,6344.474916122625,3528.0,15.362811791383212,55.88390457303747,29.045643153526974,1,https://www.tradingview.com/symbols/LTM/?exchange=NSE,False,False,False,True,False,False,False,False,False
AFFLE,daily,1417.5,1597.8820043945314,1497.9706656901042,1535.0944989013672,-1.0074052950302836,1993.699951171875,1251.300048828125,13.28218210552501,40.64902653769842,28.90733056708161,1,https://www.tradingview.com/symbols/AFFLE/?exchange=NSE,False,False,False,True,False,False,False,False,False
MMTC,daily,54.869998931884766,61.463599853515625,62.79926653544108,63.19209997177124,0.04005260617465645,78.3499984741211,50.099998474121094,9.520959287508933,42.79205394442278,28.492392807745503,1,https://www.tradingview.com/symbols/MMTC/?exchange=NSE,False,False,False,False,False,True,False,False,False
AWL,daily,182.17999267578125,188.60159942626953,188.1447114054362,194.96131546020507,-3.9301192192701007,281.42985528309595,170.3003850027749,6.97567869433342,54.47901339196224,28.21576763485477,1,https://www.tradingview.com/symbols/AWL/?exchange=NSE,False,False,False,True,False,False,False,False,False
M&M,daily,2796.199951171875,3201.45400390625,3135.3605110677086,3238.2939294433595,-2.1784507485109628,3799.9943064302024,2744.300048828125,1.8911890617030913,35.89851844599459,27.93914246196404,1,https://www.tradingview.com/symbols/M&M/?exchange=NSE,False,False,False,True,False,False,False,False,False
PFC,daily,323.70001220703125,360.1840167236328,398.68600179036457,390.9470445251465,-0.1101851350539862,476.82888450136187,313.3500061035156,3.3030176805219247,47.30579750376804,27.800829875518673,1,https://www.tradingview.com/symbols/PFC/?exchange=NSE,False,False,False,False,True,False,False,False,False
FACT,daily,729.4000244140625,795.1730029296875,834.4699995930989,832.8167501831055,-1.228569409712288,1058.5999755859375,652.0999755859375,11.85401805277908,45.132977810951694,27.247579529737205,1,https://www.tradingview.com/symbols/FACT/?exchange=NSE,False,False,False,False,True,False,False,False,False
GODIGIT,daily,272.8500061035156,257.9839990234375,292.98199981689453,302.99199989318845,-3.3592325293402836,374.0,231.64999389648438,17.78545792901769,37.07164802411968,26.970954356846473,1,https://www.tradingview.com/symbols/GODIGIT/?exchange=NSE,True,False,False,False,False,False,False,False,False
HDFCLIFE,daily,556.6500244140625,540.3800012207031,576.6634204101563,615.5140188598633,-3.877783024167336,785.6996289453043,508.70001220703125,9.425989985531302,41.147865711915244,26.832641770401107,1,https://www.tradingview.com/symbols/HDFCLIFE/?exchange=NSE,True,False,False,False,False,False,False,False,False
TSFINV,daily,397.54998779296875,427.71600219726565,411.02946512858074,415.169577331543,-1.407356965933626,684.5682054144123,328.50158671142503,21.019198650690196,72.19676177450003,26.69432918395574,1,https://www.tradingview.com/symbols/TSFINV/?exchange=NSE,False,False,False,True,False,False,False,False,False
JPPOWER,daily,14.529999732971191,16.53300006866455,17.14660004297892,16.85445004940033,-2.1691244105649155,24.5,13.149999618530273,10.494297752650095,68.61665829494189,26.141078838174277,1,https://www.tradingview.com/symbols/JPPOWER/?exchange=NSE,False,False,False,False,True,False,False,False,False
JUBLFOOD,daily,422.75,479.21899963378905,456.6878306070964,474.92331466674807,-2.7176749413257983,633.1992004085787,407.64069289260294,3.7065257151296604,49.78100541894233,25.864453665283545,1,https://www.tradingview.com/symbols/JUBLFOOD/?exchange=NSE,False,False,False,True,False,False,False,False,False
JMFINANCIL,daily,117.81999969482422,126.5647999572754,126.3183199564616,128.41870037078857,-1.4586970976704694,177.98981701911703,110.30581750563591,6.812135895556359,51.06927302677293,25.72614107883817,1,https://www.tradingview.com/symbols/JMFINANCIL/?exchange=NSE,False,False,False,True,False,False,False,False,False
SBFC,daily,81.27999877929688,92.89160018920899,92.1176665242513,93.82414981842041,-1.9044252077792145,123.0,79.5999984741211,2.110553187663644,51.32874243020999,25.44951590594744,1,https://www.tradingview.com/symbols/SBFC/?exchange=NSE,False,False,False,True,False,False,False,False,False
ELECON,daily,416.3999938964844,433.53900024414065,459.3181935628255,453.74268661499025,-1.3520648026759674,623.6463522815318,351.0001816860465,18.632415486592247,49.770980168786494,25.172890733056708,1,https://www.tradingview.com/symbols/ELECON/?exchange=NSE,False,False,False,False,True,False,False,False,False
ITCHOTELS,daily,154.52000427246094,161.58199981689452,161.0701601155599,167.34034355163575,-2.8289899759986747,225.15377366925506,136.40565982941717,13.279760140229335,45.71173145468435,24.75795297372061,1,https://www.tradingview.com/symbols/ITCHOTELS/?exchange=NSE,False,False,False,True,False,False,False,False,False
TECHNOE,daily,942.7000122070312,987.5444860839843,1068.6196647135416,1061.7780908203124,-1.5863147743686246,1379.6524287751324,863.7720549794727,9.137590961938935,46.35116271454336,24.20470262793914,1,https://www.tradingview.com/symbols/TECHNOE/?exchange=NSE,False,False,False,False,True,False,False,False,False
ARE&M,daily,721.0,856.9150012207032,835.2711059570313,844.6092095947265,-2.015300278510501,1017.2999877929688,666.0087356197063,8.256838302447434,41.09569872301924,23.236514522821576,1,https://www.tradingview.com/symbols/ARE&M/?exchange=NSE,False,False,False,True,False,False,False,False,False
WAAREERTL,daily,795.9500122070312,859.7610021972656,922.170332438151,921.5999993896485,-2.424847292365584,1358.0,779.5,2.1103286987852687,70.61372940173737,22.959889349930844,1,https://www.tradingview.com/symbols/WAAREERTL/?exchange=NSE,False,False,False,False,True,False,False,False,False
JBMA,daily,528.5999755859375,613.0924536132812,623.7210758463542,614.9485025024414,-0.2784724580055742,737.4798969586368,476.3411078671452,10.970891836899298,39.5156888044049,22.544951590594746,1,https://www.tradingview.com/symbols/JBMA/?exchange=NSE,False,False,False,False,True,False,False,False,False
SAMMAANCAP,daily,127.81999969482422,149.32239974975585,154.49326665242512,152.3102000808716,-0.8819483501199099,192.9499969482422,127.4000015258789,0.3296688884732779,50.95446519239451,21.715076071922546,1,https://www.tradingview.com/symbols/SAMMAANCAP/?exchange=NSE,False,False,False,False,True,False,False,False,False
GPIL,daily,206.47000122070312,236.72922943115233,260.2174975585938,259.62110862731936,-0.3861918222306193,318.68479368531104,203.82000732421875,1.3001637725726267,54.349199303126625,21.57676348547718,1,https://www.tradingview.com/symbols/GPIL/?exchange=NSE,False,False,False,False,True,False,False,False,False
TRANSRAILL,daily,472.1499938964844,455.7514208984375,493.1930963134766,502.92525299072264,-3.4707758466947736,758.589574672296,400.6499938964844,17.846000521460994,60.667072853676984,21.43845089903181,1,https://www.tradingview.com/symbols/TRANSRAILL/?exchange=NSE,True,False,False,False,False,False,False,False,False
SONATSOFTW,daily,240.89999389648438,292.8165075683594,272.4192670694987,283.73503623962404,-3.0538381480843535,390.5481555478003,203.57848075867477,18.332739786014574,62.12045057818487,20.74688796680498,1,https://www.tradingview.com/symbols/SONATSOFTW/?exchange=NSE,False,False,False,True,False,False,False,False,False
SAMHI,daily,143.88999938964844,160.39279968261718,160.30740000406902,164.33975021362303,-1.8711916039666265,217.3000030517578,127.0,13.299212117833425,51.01814161755467,20.60857538035961,1,https://www.tradingview.com/symbols/SAMHI/?exchange=NSE,False,False,False,True,False,False,False,False,False
SANOFICONR,daily,3600.5,4176.262016601562,4416.684541015625,4368.72779296875,-1.6536962224280916,5175.356390056189,3573.39990234375,0.7583841270739189,43.73993584380473,20.470262793914245,1,https://www.tradingview.com/symbols/SANOFICONR/?exchange=NSE,False,False,False,False,True,False,False,False,False
GRSE,daily,2046.0,2447.9714111328126,2554.599727376302,2524.795779418945,-1.2483885005614481,3329.438873827357,1958.0769611497133,4.490274927634164,62.72917271883465,19.91701244813278,1,https://www.tradingview.com/symbols/GRSE/?exchange=NSE,False,False,False,False,True,False,False,False,False
LEMONTREE,daily,110.43000030517578,107.84080017089843,111.15813344319662,117.900950050354,-4.602970721982791,174.1999969482422,99.61000061035156,10.862362843615724,57.74698584337281,19.363762102351316,1,https://www.tradingview.com/symbols/LEMONTREE/?exchange=NSE,True,False,False,False,False,False,False,False,False
GALLANTT,daily,503.75,563.369877319336,637.409360555013,615.5288276672363,-1.0282082067453735,944.5255741327327,494.4312144905384,1.8847486235398003,87.49887327696926,19.22544951590595,1,https://www.tradingview.com/symbols/GALLANTT/?exchange=NSE,False,False,False,False,True,False,False,False,False
GODREJPROP,daily,1550.0,1878.61798828125,1813.990927734375,1819.267620239258,-2.2722718885498594,2340.6858887816,1427.1018020889294,8.611733075466477,51.01199282461937,19.08713692946058,1,https://www.tradingview.com/symbols/GODREJPROP/?exchange=NSE,False,False,False,True,False,False,False,False,False
TIINDIA,daily,2241.0,2677.013955078125,2819.5029720052084,2732.1140258789064,-1.0917160292506556,3333.3831842009567,2161.889399515081,3.6593269064857603,48.745345122755765,18.948824343015215,1,https://www.tradingview.com/symbols/TIINDIA/?exchange=NSE,False,False,False,False,True,False,False,False,False
MAZDOCK,daily,2010.0,2370.067998046875,2419.0744384765626,2417.975426025391,-1.779575527019328,2908.974368726317,1987.699951171875,1.1219021671242446,44.725092971458565,18.118948824343015,1,https://www.tradingview.com/symbols/MAZDOCK/?exchange=NSE,False,False,False,False,True,False,False,False,False
CROMPTON,daily,205.11000061035156,234.36959930419923,251.16839223225912,250.58914276123048,-1.648383632949868,306.8101698068928,201.10000610351562,1.9940300274142286,49.58323284769597,17.98063623789765,1,https://www.tradingview.com/symbols/CROMPTON/?exchange=NSE,False,False,False,False,True,False,False,False,False
THOMASCOOK,daily,98.52999877929688,105.2849739074707,101.39858545939127,107.8657430267334,-4.146874521269039,168.23674919231718,85.96001645922374,14.623057134983064,70.74672818088685,17.289073305670815,1,https://www.tradingview.com/symbols/THOMASCOOK/?exchange=NSE,False,False,False,True,False,False,False,False,False
CELLO,daily,364.95001220703125,349.945,377.02852701822917,408.2182418823242,-6.029330734162652,670.829945323981,314.0,16.226118537271095,83.81419999608826,16.32088520055325,1,https://www.tradingview.com/symbols/CELLO/?exchange=NSE,True,False,False,False,False,False,False,False,False
BORORENEW,daily,430.3999938964844,505.8220025634766,514.7926684570313,513.4460012817383,-2.2706151177845024,721.0,374.3999938964844,14.957265201100167,67.51858973618106,15.214384508990317,1,https://www.tradingview.com/symbols/BORORENEW/?exchange=NSE,False,False,False,False,True,False,False,False,False
WAAREEENER,daily,2317.0,2579.8619580078125,2875.4094287109374,2869.586455078125,-2.312846350479525,3713.7978498601774,2301.10009765625,0.6909696088381656,60.284758302122455,14.107883817427386,1,https://www.tradingview.com/symbols/WAAREEENER/?exchange=NSE,False,False,False,False,True,False,False,False,False
RELAXO,daily,281.79998779296875,347.30570617675784,332.30853881835935,343.68863891601563,-3.199422134555352,449.67627748624506,233.86133830038253,20.498749319142085,59.57285201041624,13.831258644536653,1,https://www.tradingview.com/symbols/RELAXO/?exchange=NSE,False,False,False,True,False,False,False,False,False
ZEEL,daily,68.37000274658203,88.70133422851562,89.8523750813802,89.18655059814454,-2.135728004675841,115.58836251075492,66.41325236662951,2.946325183941334,69.06297772020118,10.78838174273859,1,https://www.tradingview.com/symbols/ZEEL/?exchange=NSE,False,False,False,False,True,False,False,False,False
V2RETAIL,daily,154.8699951171875,213.06619995117188,214.13499989827474,213.3344997406006,-1.3961991326707723,259.25,153.5,0.8925049623371262,67.39846850503864,9.95850622406639,1,https://www.tradingview.com/symbols/V2RETAIL/?exchange=NSE,False,False,False,False,True,False,False,False,False
KAYNES,daily,3264.0,3640.7140087890625,3580.4446744791667,3637.2875061035156,-4.452723781706503,7705.0,2995.0,8.981636060100161,136.06004901960787,9.820193637621024,1,https://www.tradingview.com/symbols/KAYNES/?exchange=NSE,False,False,False,True,False,False,False,False,False
SUZLON,daily,36.43000030517578,44.782799911499026,48.906666666666666,48.88084993362427,-2.6784851543174004,61.5,36.310001373291016,0.33048451486161756,68.81690772663103,8.852005532503458,1,https://www.tradingview.com/symbols/SUZLON/?exchange=NSE,False,False,False,False,True,False,False,False,False
SWIGGY,daily,234.9499969482422,273.9581994628906,269.73786580403646,289.3941491699219,-4.771789768351031,459.95001220703125,234.0,0.4059816018129103,95.76506413335046,7.883817427385892,1,https://www.tradingview.com/symbols/SWIGGY/?exchange=NSE,False,False,False,True,False,False,False,False,False
NEWGEN,daily,449.29998779296875,513.4499987792968,485.7233915201823,530.0990768432617,-7.373320654548088,1030.4143551726484,396.6099082577377,13.285114274298548,129.3377216042679,6.085753803596127,1,https://www.tradingview.com/symbols/NEWGEN/?exchange=NSE,False,False,False,True,False,False,False,False,False
MAPMYINDIA,daily,873.0999755859375,965.3324963378906,948.1643884277344,1062.4062789916993,-7.383109463878634,1992.1530909053106,792.673490779813,10.146231171046583,128.17010040211903,4.564315352697095,1,https://www.tradingview.com/symbols/MAPMYINDIA/?exchange=NSE,False,False,False,True,False,False,False,False,False
POLICYBZR,daily,1012.0,1605.9700012207031,1592.1126680501302,1607.3270028686522,-2.8197695048077898,1964.199951171875,945.0999755859375,7.078618785550828,94.09090426599556,2.904564315352697,1,https://www.tradingview.com/symbols/POLICYBZR/?exchange=NSE,False,False,False,True,False,False,False,False,False
ALOKINDS,daily,9.0,9.319999980926514,11.753799991607666,12.690550031661987,-7.224005159991098,18.450000762939453,6.920000076293945,30.05780203430306,105.00000847710504,1.5214384508990317,1,https://www.tradingview.com/symbols/ALOKINDS/?exchange=NSE,False,False,False,False,False,False,True,False,False
INDIAGLYCO,daily,329.6000061035156,693.4100033569335,889.6984337361654,902.6158394622803,-8.66612214866902,1219.0,217.0,51.88940373433899,269.8422261609897,0.13831258644536654,1,https://www.tradingview.com/symbols/INDIAGLYCO/?exchange=NSE,False,False,False,False,False,False,True,False,False
BANKINDIA,daily,134.4600067138672,139.78440063476563,141.44527618408202,144.303673248291,-0.24991379123765478,172.71800537071604,118.33448803073854,13.627065914156722,28.453069125797704,59.88934993084371,0,https://www.tradingview.com/symbols/BANKINDIA/?exchange=NSE,False,False,False,False,False,False,False,False,False
SANDUMA,daily,179.14999389648438,195.95240570068358,203.1942212931315,207.97661514282225,-1.0638101044880166,272.33215508462166,166.0926978715283,7.861450980256723,52.013488340937016,47.026279391424616,0,https://www.tradingview.com/symbols/SANDUMA/?exchange=NSE,False,False,False,False,False,False,False,False,False
CANBK,daily,119.58999633789062,125.61460083007813,128.54427998860677,133.08028053283692,-1.741359721070601,157.68821233301085,116.51000213623047,2.6435448847205834,31.85736028244135,45.50484094052559,0,https://www.tradingview.com/symbols/CANBK/?exchange=NSE,False,False,False,False,False,False,False,False,False
FORCEMOT,daily,16900.0,17641.3583203125,18959.516796875,19501.8648828125,-0.0029820978219241567,26374.965142944882,14868.699517207699,13.661588092768007,56.06488250263244,42.60027662517289,0,https://www.tradingview.com/symbols/FORCEMOT/?exchange=NSE,False,False,False,False,False,False,False,False,False
SBILIFE,daily,1682.5,1769.8780004882813,1822.2944685872396,1876.8781719970702,-1.6400658508313515,2129.040438508761,1652.9000244140625,1.7907904379413697,26.540293522066015,40.52558782849239,0,https://www.tradingview.com/symbols/SBILIFE/?exchange=NSE,False,False,False,False,False,False,False,False,False
BANKBARODA,daily,235.8000030517578,239.52280029296875,255.06485982259116,263.8597297668457,-1.8507169799381606,315.30188105660324,223.82000732421875,5.352513330135511,33.71580872600535,40.24896265560166,0,https://www.tradingview.com/symbols/BANKBARODA/?exchange=NSE,False,False,False,False,False,False,False,False,False
SRF,daily,2485.199951171875,2557.1499951171877,2606.236953125,2680.735859375,-1.4752968494476049,3198.0092293385956,2350.533958547856,5.729166010739739,28.682170134061092,39.695712309820195,0,https://www.tradingview.com/symbols/SRF/?exchange=NSE,False,False,False,False,False,False,False,False,False
BEL,daily,368.1499938964844,398.57655944824216,415.5020284016927,416.62313568115235,-0.29765552092118064,472.8081629796919,360.5,2.1220510115074642,28.428132776945002,38.72752420470263,0,https://www.tradingview.com/symbols/BEL/?exchange=NSE,False,False,False,False,False,False,False,False,False
COLPAL,daily,1817.800048828125,1886.9460107421876,1985.2723543294271,2015.8510021972656,-1.6742421110817918,2278.1147610448475,1716.0999755859375,5.926232427540445,25.322626243379844,38.589211618257266,0,https://www.tradingview.com/symbols/COLPAL/?exchange=NSE,False,False,False,False,False,False,False,False,False
SUNDARMFIN,daily,4110.60009765625,4562.392001953125,4607.288341471354,4751.850645751953,-0.32238231243469917,5612.405266256894,3979.0182224383775,3.3068930038032907,36.53493730652446,38.17427385892116,0,https://www.tradingview.com/symbols/SUNDARMFIN/?exchange=NSE,False,False,False,False,False,False,False,False,False
VAIBHAVGBL,daily,199.5500030517578,222.1486376953125,223.0059726969401,224.39901779174804,-1.349239678509706,286.0804190389319,171.95283303256198,16.049267425544468,43.362773572461656,37.06777316735823,0,https://www.tradingview.com/symbols/VAIBHAVGBL/?exchange=NSE,False,False,False,False,False,False,False,False,False
HBLENGINE,daily,719.0499877929688,720.0636181640625,741.3644563802084,756.7293508911133,-1.3752451439330238,1117.5593013063567,612.1496526863262,17.463104755107928,55.42164248365553,36.7911479944675,0,https://www.tradingview.com/symbols/HBLENGINE/?exchange=NSE,False,False,False,False,False,False,False,False,False
IOC,daily,126.3499984741211,136.45326095581055,140.18064295450847,146.12666889190675,-1.7187534431327256,184.95879041358242,125.2699966430664,0.8621392671797956,46.38606461991017,35.9612724757953,0,https://www.tradingview.com/symbols/IOC/?exchange=NSE,False,False,False,False,False,False,False,False,False
GICRE,daily,312.6000061035156,339.05811950683596,354.7015301513672,356.6510594177246,-1.0598730588933014,402.400829796409,308.0,1.4935084751674044,28.727070358135688,35.82295988934993,0,https://www.tradingview.com/symbols/GICRE/?exchange=NSE,False,False,False,False,False,False,False,False,False
NESCO,daily,1038.5,1055.2320043945313,1101.8956384277344,1119.2956893920898,-1.68016693297669,1413.6962088264588,989.6270152436205,4.938525727730703,36.12866719561472,34.85477178423236,0,https://www.tradingview.com/symbols/NESCO/?exchange=NSE,False,False,False,False,False,False,False,False,False
DBL,daily,395.6499938964844,413.4096221923828,427.5959521484375,434.678671875,-1.1284556818795255,536.8656777272844,380.60403377874786,3.9531793629079104,35.692072793952036,34.439834024896264,0,https://www.tradingview.com/symbols/DBL/?exchange=NSE,False,False,False,False,False,False,False,False,False
RHIM,daily,367.1000061035156,380.08353820800784,384.0317423502604,399.39594604492186,-2.158074221837769,504.94444206371475,320.9173739231228,14.390817055438099,37.54955970263032,33.8865836791148,0,https://www.tradingview.com/symbols/RHIM/?exchange=NSE,False,False,False,False,False,False,False,False,False
MRF,daily,122090.0,129275.8,130131.19140625,133963.907421875,-2.273530573367033,163308.50228634744,121787.43505408362,0.24843691451585936,33.76075213887086,33.748271092669434,0,https://www.tradingview.com/symbols/MRF/?exchange=NSE,False,False,False,False,False,False,False,False,False
GILLETTE,daily,7100.5,7337.92056640625,7625.210260416667,7752.09908203125,-1.338519105028546,9440.291959091537,6860.0,3.505830903790086,32.952495726942274,33.19502074688796,0,https://www.tradingview.com/symbols/GILLETTE/?exchange=NSE,False,False,False,False,False,False,False,False,False
FINPIPE,daily,151.16000366210938,155.95077087402345,164.7050760904948,167.10517059326173,-1.2501945792329217,203.07147405770002,144.957002251532,4.279200945266393,34.34206743711734,32.780082987551864,0,https://www.tradingview.com/symbols/FINPIPE/?exchange=NSE,False,False,False,False,False,False,False,False,False
HDFCAMC,daily,2262.5,2472.0040087890625,2537.9869270833333,2552.1095166015625,-0.9147603971163765,2903.739155124938,2158.391558795009,4.823426999645641,28.342062104969635,32.6417704011065,0,https://www.tradingview.com/symbols/HDFCAMC/?exchange=NSE,False,False,False,False,False,False,False,False,False
BRITANNIA,daily,4825.0,5184.547998046875,5318.94408203125,5461.8594580078125,-1.7288675988151425,6168.271363350723,4734.10009765625,1.9201094287962572,27.83982100208753,32.50345781466113,0,https://www.tradingview.com/symbols/BRITANNIA/?exchange=NSE,False,False,False,False,False,False,False,False,False
BLUEDART,daily,4560.39990234375,4917.663740234375,4988.945602213542,5123.3569921875,-1.8165575816505575,6999.5885406940915,4458.10009765625,2.2946951043401276,53.4862882769723,32.088520055325034,0,https://www.tradingview.com/symbols/BLUEDART/?exchange=NSE,False,False,False,False,False,False,False,False,False
TATACONSUM,daily,951.9000244140625,1029.63099609375,1086.8485477701822,1104.8668075561523,-1.6537157950470172,1271.9371979227803,945.0,0.7301613136574181,33.620880901407176,31.950207468879665,0,https://www.tradingview.com/symbols/TATACONSUM/?exchange=NSE,False,False,False,False,False,False,False,False,False
RELIANCE,daily,1178.0,1273.90400390625,1317.6484627278646,1353.4527355957032,-2.430555519347366,1604.3820104615531,1160.800048828125,1.4817324645393537,36.1954168473305,31.8118948824343,0,https://www.tradingview.com/symbols/RELIANCE/?exchange=NSE,False,False,False,False,False,False,False,False,False
CANFINHOME,daily,718.1500244140625,786.8430029296875,828.1503727213542,847.2104202270508,-1.6829515980648746,962.6932158005569,700.0,2.5928606305803514,34.05182525559569,31.673582295988933,0,https://www.tradingview.com/symbols/CANFINHOME/?exchange=NSE,False,False,False,False,False,False,False,False,False
GSFC,daily,147.27999877929688,153.85774993896484,156.70120493570963,160.28194877624512,-1.5466427189482768,193.75512406777963,134.50184366279788,9.500356849036518,31.55562579690607,30.843706777316736,0,https://www.tradingview.com/symbols/GSFC/?exchange=NSE,False,False,False,False,False,False,False,False,False
CENTRALBK,daily,30.100000381469727,30.86759998321533,32.52325107574463,33.62466212272644,-1.9352759538940445,40.260706628503506,29.31999969482422,2.660302506016743,33.75649873177062,30.567081604426004,0,https://www.tradingview.com/symbols/CENTRALBK/?exchange=NSE,False,False,False,False,False,False,False,False,False
MAXHEALTH,daily,883.7999877929688,1012.9730004882813,1024.5430411783855,1027.983469543457,-1.2772838430844091,1219.732372328196,870.0,1.5862054934446812,38.01000103814438,30.428769017980635,0,https://www.tradingview.com/symbols/MAXHEALTH/?exchange=NSE,False,False,False,False,False,False,False,False,False
CENTURYPLY,daily,665.7000122070312,733.5564147949219,744.2925846354167,754.112822265625,-1.4761861648658892,857.8455599050699,617.6687891415212,7.776210148527518,28.86368396794947,30.29045643153527,0,https://www.tradingview.com/symbols/CENTURYPLY/?exchange=NSE,False,False,False,False,False,False,False,False,False
IRB,daily,17.479999542236328,18.8583980178833,20.22101926167806,20.352373247146605,-1.6343945297676132,23.835262248930352,16.75,4.358206222306427,36.35733909110248,30.152143845089903,0,https://www.tradingview.com/symbols/IRB/?exchange=NSE,False,False,False,False,False,False,False,False,False
FIEMIND,daily,1747.699951171875,2105.4660009765626,2148.5902555338544,2168.70080078125,-1.681207885782432,2674.800048828125,1732.199951171875,0.8948158663504069,53.04686865926882,30.013831258644537,0,https://www.tradingview.com/symbols/FIEMIND/?exchange=NSE,False,False,False,False,False,False,False,False,False
DCMSHRIRAM,daily,955.5499877929688,1005.9469995117188,1055.3356892903646,1081.1649768066407,-2.3540294413184726,1395.1299395484884,886.2999877929688,7.813381581155587,46.00282113663319,29.59889349930844,0,https://www.tradingview.com/symbols/DCMSHRIRAM/?exchange=NSE,False,False,False,False,False,False,False,False,False
BAJAJHFL,daily,81.51000213623047,84.08260009765625,84.82639979044596,86.55874977111816,-2.1199544884897947,113.44999694824219,72.6500015258789,12.195458257761382,39.18536863565445,29.322268326417706,0,https://www.tradingview.com/symbols/BAJAJHFL/?exchange=NSE,False,False,False,False,False,False,False,False,False
JKCEMENT,daily,4874.0,5150.77,5280.985833333333,5377.082768554687,-1.330669043689614,6739.416026951673,4654.177313328525,4.723126599451888,38.272794972336335,29.18395573997234,0,https://www.tradingview.com/symbols/JKCEMENT/?exchange=NSE,False,False,False,False,False,False,False,False,False
RECLTD,daily,295.0,325.03719116210937,336.93654642740887,340.15321197509763,-1.0554606626510976,381.3442016302781,286.20001220703125,3.074768489738222,29.269220891619696,28.769017980636235,0,https://www.tradingview.com/symbols/RECLTD/?exchange=NSE,False,False,False,False,False,False,False,False,False
SHARDACROP,daily,725.7999877929688,772.05494140625,898.5893168131511,915.4547219848632,-1.0938199857433828,1282.80960014975,697.5999755859375,4.042433083995611,76.74423005304125,28.63070539419087,0,https://www.tradingview.com/symbols/SHARDACROP/?exchange=NSE,False,False,False,False,False,False,False,False,False
DOMS,daily,2059.39990234375,2170.700791015625,2232.506570638021,2289.1032177734373,-2.071364412803589,2750.437480198048,2020.0,1.9504902150371262,33.555288463782375,28.354080221300137,0,https://www.tradingview.com/symbols/DOMS/?exchange=NSE,False,False,False,False,False,False,False,False,False
IOB,daily,30.579999923706055,32.7411999130249,33.52666665395101,33.993550062179565,-1.9679345113356783,41.79999923706055,30.06999969482422,1.696043345719156,36.69064532814661,28.077455048409405,0,https://www.tradingview.com/symbols/IOB/?exchange=NSE,False,False,False,False,False,False,False,False,False
IGL,daily,146.14999389648438,148.0953173828125,154.35193013509115,159.66992935180664,-2.8576264543953567,217.02796589243272,137.76603443172203,6.085650573703272,48.49673277862059,27.662517289073307,0,https://www.tradingview.com/symbols/IGL/?exchange=NSE,False,False,False,False,False,False,False,False,False
DABUR,daily,386.70001220703125,392.7119995117188,421.69744099934894,442.28307540893553,-2.9034294108245318,527.1610207391882,368.04998779296875,5.067253099476621,36.3229904572532,27.52420470262794,0,https://www.tradingview.com/symbols/DABUR/?exchange=NSE,False,False,False,False,False,False,False,False,False
TRIDENT,daily,21.829999923706055,23.85899990081787,24.414737815856935,24.79101992607117,-1.9237042445788943,30.31139406763905,21.533432302754022,1.3772426837597163,38.85201178916504,27.385892116182575,0,https://www.tradingview.com/symbols/TRIDENT/?exchange=NSE,False,False,False,False,False,False,False,False,False
RAMCOCEM,daily,817.9000244140625,888.1453161621093,919.7612658691406,963.915920715332,-1.7041769867355838,1211.1945755050306,811.5999755859375,0.7762504950270088,48.0858955069382,27.10926694329184,0,https://www.tradingview.com/symbols/RAMCOCEM/?exchange=NSE,False,False,False,False,False,False,False,False,False
KANSAINER,daily,181.2899932861328,193.90899993896485,197.21638580322266,202.76835983276368,-2.425020089745944,260.8927950067185,156.051448925647,16.17322013620719,43.90909849886051,26.41770401106501,0,https://www.tradingview.com/symbols/KANSAINER/?exchange=NSE,False,False,False,False,False,False,False,False,False
SURYAROSNI,daily,213.0,221.98519165039062,231.19777079264324,235.91970016479493,-1.94183930989823,308.07465261661673,185.2067002350832,15.006638382757597,44.63598714395152,26.279391424619643,0,https://www.tradingview.com/symbols/SURYAROSNI/?exchange=NSE,False,False,False,False,False,False,False,False,False
EIHOTEL,daily,291.29998779296875,300.9179986572266,310.9912677001953,318.03567474365235,-2.6022740502969044,412.08004369538395,269.9251049923642,7.918819852347281,41.46243081488057,26.00276625172891,0,https://www.tradingview.com/symbols/EIHOTEL/?exchange=NSE,False,False,False,False,False,False,False,False,False
JKTYRE,daily,333.3999938964844,367.7700006103516,388.4354874674479,420.9229133605957,-2.6613678964598986,605.8045982960336,327.0,1.9571846778239754,81.70504180756726,25.587828492392806,0,https://www.tradingview.com/symbols/JKTYRE/?exchange=NSE,False,False,False,False,False,False,False,False,False
HINDPETRO,daily,326.0,359.723154296875,361.0360713704427,378.871411895752,-2.520780434378256,483.5386775606495,300.70788795552824,8.41085753234787,48.32474771799065,25.311203319502074,0,https://www.tradingview.com/symbols/HINDPETRO/?exchange=NSE,False,False,False,False,False,False,False,False,False
BSOFT,daily,285.29998779296875,293.2569970703125,317.830268758138,341.83006256103516,-3.8260405167740763,467.1017114386881,266.2676853930341,7.147807805457607,63.72300435485678,25.03457814661134,0,https://www.tradingview.com/symbols/BSOFT/?exchange=NSE,False,False,False,False,False,False,False,False,False
HDBFS,daily,588.6500244140625,668.7160021972657,671.7720267740885,687.1824102783203,-1.5699117716251432,794.4312900037413,553.7186859929476,6.308499117828181,34.95816819077038,24.896265560165975,0,https://www.tradingview.com/symbols/HDBFS/?exchange=NSE,False,False,False,False,False,False,False,False,False
UTIAMC,daily,877.2000122070312,897.8890002441407,914.4847172037761,944.237307434082,-2.244889251221427,1354.175046192178,861.6167441984458,1.8086078425834762,54.374718119882324,24.619640387275243,0,https://www.tradingview.com/symbols/UTIAMC/?exchange=NSE,False,False,False,False,False,False,False,False,False
SOBHA,daily,1183.9000244140625,1269.6019897460938,1332.193702799479,1367.9211889648439,-2.3445196378407362,1724.929636640264,1125.387113140645,5.199358566504664,45.698927364577834,24.481327800829874,0,https://www.tradingview.com/symbols/SOBHA/?exchange=NSE,False,False,False,False,False,False,False,False,False
ESCORTS,daily,2730.5,2953.4439990234373,2974.14494140625,3127.571604003906,-2.7918063011004746,3923.3920175282797,2550.10009765625,7.074228282629069,43.687676891715064,24.343015214384508,0,https://www.tradingview.com/symbols/ESCORTS/?exchange=NSE,False,False,False,False,False,False,False,False,False
UCOBANK,daily,22.959999084472656,24.85099994659424,25.520807456970214,26.275367136001588,-2.470192319720066,33.63829638359693,21.855055871357475,5.055778487225382,46.50826535243973,24.066390041493776,0,https://www.tradingview.com/symbols/UCOBANK/?exchange=NSE,False,False,False,False,False,False,False,False,False
AAVAS,daily,1193.0,1309.066005859375,1332.2220052083333,1349.840503540039,-2.3806035981639995,1771.9000244140625,1060.4000244140625,12.504712611564429,48.52472962397842,23.92807745504841,0,https://www.tradingview.com/symbols/AAVAS/?exchange=NSE,False,False,False,False,False,False,False,False,False
ITC,daily,266.0,269.54599914550784,283.9675067138672,294.80413162231446,-4.29707328646709,406.5707642578344,253.14999389648438,5.076044405819791,52.84615197662947,23.78976486860304,0,https://www.tradingview.com/symbols/ITC/?exchange=NSE,False,False,False,False,False,False,False,False,False
ARVINDFASN,daily,402.79998779296875,433.9930767822266,443.2055267333984,451.2234651184082,-1.897786960790948,567.0187417779242,364.92489307412075,10.378873964938062,40.76930460816217,23.651452282157674,0,https://www.tradingview.com/symbols/ARVINDFASN/?exchange=NSE,False,False,False,False,False,False,False,False,False
TARC,daily,117.55000305175781,127.12339935302734,128.10113301595052,136.14734970092775,-1.225115505848362,186.3000030517578,109.0999984741211,7.745192205150286,58.485749225994546,23.513139695712308,0,https://www.tradingview.com/symbols/TARC/?exchange=NSE,False,False,False,False,False,False,False,False,False
HINDUNILVR,daily,1856.699951171875,1984.407998046875,2104.247351074219,2161.5666168212892,-2.2255796059028055,2619.7497080594576,1826.9000244140625,1.6311744682016904,41.09709575884764,23.374827109266942,0,https://www.tradingview.com/symbols/HINDUNILVR/?exchange=NSE,False,False,False,False,False,False,False,False,False
MFSL,daily,1309.699951171875,1499.1740014648437,1578.6560017903646,1611.496499633789,-1.6607261028061315,1892.5,1301.0,0.6687126188989145,44.49874555669451,23.09820193637621,0,https://www.tradingview.com/symbols/MFSL/?exchange=NSE,False,False,False,False,False,False,False,False,False
IEX,daily,104.77999877929688,118.35279983520508,121.67382237752278,123.53008460998535,-2.4010675731395037,155.89996069995715,103.5,1.2367137964220953,48.78790085533089,22.68326417704011,0,https://www.tradingview.com/symbols/IEX/?exchange=NSE,False,False,False,False,False,False,False,False,False
RENUKA,daily,21.6299991607666,23.230200004577636,24.12653331756592,24.329349956512452,-1.7581441757291483,31.350000381469727,20.950000762939453,3.245815623214998,44.93759407228119,22.40663900414938,0,https://www.tradingview.com/symbols/RENUKA/?exchange=NSE,False,False,False,False,False,False,False,False,False
HDFCBANK,daily,707.25,721.4509997558594,758.73546875,800.9552938842774,-3.529879937063618,1003.8961237048558,681.9000244140625,3.7175501801338218,41.94360179637408,22.268326417704014,0,https://www.tradingview.com/symbols/HDFCBANK/?exchange=NSE,False,False,False,False,False,False,False,False,False
CHOLAHLDNG,daily,1400.4000244140625,1508.1555444335938,1549.153758951823,1600.2152716064454,-2.853621633867265,2062.371871375786,1303.9706528841405,7.395056883882956,47.270196759579285,22.130013831258644,0,https://www.tradingview.com/symbols/CHOLAHLDNG/?exchange=NSE,False,False,False,False,False,False,False,False,False
SHREECEM,daily,21600.0,23856.7,24567.79703125,25113.19033203125,-1.719591655639341,30121.125232344428,21355.0,1.1472723015687247,39.449653853446435,21.991701244813278,0,https://www.tradingview.com/symbols/SHREECEM/?exchange=NSE,False,False,False,False,False,False,False,False,False
TCS,daily,2076.0,2260.034006347656,2285.2554833984377,2460.6988610839844,-3.9489882632032236,3287.1613923698505,1966.0205187179013,5.59401492685434,58.3411075322664,21.853388658367912,0,https://www.tradingview.com/symbols/TCS/?exchange=NSE,False,False,False,False,False,False,False,False,False
MUTHOOTFIN,daily,2624.699951171875,2875.5360009765627,3122.1066471354166,3274.0485119628906,-3.093051483494602,4114.708242760882,2559.60009765625,2.5433603309843233,56.76870954044666,21.300138312586444,0,https://www.tradingview.com/symbols/MUTHOOTFIN/?exchange=NSE,False,False,False,False,False,False,False,False,False
ICICIPRULI,daily,460.54998779296875,488.34299743652343,512.552792561849,548.1321817016601,-3.0272485935583293,704.3556293706895,441.79998779296875,4.244001928036822,52.93793248070149,21.023513139695712,0,https://www.tradingview.com/symbols/ICICIPRULI/?exchange=NSE,False,False,False,False,False,False,False,False,False
MEDPLUS,daily,625.2999877929688,667.3970007324219,786.6090026855469,797.0210018920899,-1.9749918455914894,1022.2000122070312,619.0999755859375,1.0014557343768882,63.473537847800586,20.885200553250346,0,https://www.tradingview.com/symbols/MEDPLUS/?exchange=NSE,False,False,False,False,False,False,False,False,False
INDIASHLTR,daily,643.4500122070312,667.53099609375,732.1956408691407,741.4442474365235,-2.9282567765004486,911.9719209725083,620.1500244140625,3.757153410577274,41.7315881065023,20.193637621023512,0,https://www.tradingview.com/symbols/INDIASHLTR/?exchange=NSE,False,False,False,False,False,False,False,False,False
JIOFIN,daily,214.6199951171875,237.0444677734375,237.91801818847657,247.0448430633545,-3.312629328491623,316.1097009027144,208.5,2.935249456684663,47.28809435025434,20.055325034578146,0,https://www.tradingview.com/symbols/JIOFIN/?exchange=NSE,False,False,False,False,False,False,False,False,False
DALBHARAT,daily,1598.5999755859375,1770.5559912109375,1799.1129361979167,1876.0969256591798,-1.804420582634969,2308.784934113526,1585.0999755859375,0.8516812950558394,44.425432839587245,19.778699861687414,0,https://www.tradingview.com/symbols/DALBHARAT/?exchange=NSE,False,False,False,False,False,False,False,False,False
CHAMBLFERT,daily,374.29998779296875,422.8633081054688,437.91541768391926,439.973798828125,-0.6169167058190927,509.57104264148865,371.25,0.8215455334595889,36.13974332356658,19.64038727524205,0,https://www.tradingview.com/symbols/CHAMBLFERT/?exchange=NSE,False,False,False,False,False,False,False,False,False
ITI,daily,240.1300048828125,266.5156011962891,279.3760003662109,283.25400039672854,-2.0675639345434926,372.8500061035156,236.14999389648438,1.6853741643850118,55.27006143421049,19.502074688796682,0,https://www.tradingview.com/symbols/ITI/?exchange=NSE,False,False,False,False,False,False,False,False,False
CAMPUS,daily,197.0,216.95799957275392,229.29475962320964,236.91569046020507,-2.5793944699053495,285.84084278783837,195.77999877929688,0.623149059306316,45.09687451159308,18.81051175656985,0,https://www.tradingview.com/symbols/CAMPUS/?exchange=NSE,False,False,False,False,False,False,False,False,False
TATAINVEST,daily,609.2999877929688,655.4130004882812,658.7152392578125,659.1163052368164,-1.3518223830597087,1178.621408861613,536.0852264589291,13.657298824974951,93.43860700389368,18.672199170124482,0,https://www.tradingview.com/symbols/TATAINVEST/?exchange=NSE,False,False,False,False,False,False,False,False,False
ERIS,daily,1170.699951171875,1305.59599609375,1353.5497306315103,1375.4141021728515,-2.6080064818368665,1730.7126256991257,1141.0,2.602975562828669,47.83571349487765,18.533886583679116,0,https://www.tradingview.com/symbols/ERIS/?exchange=NSE,False,False,False,False,False,False,False,False,False
VOLTAS,daily,1032.0,1192.3420043945312,1289.6148657226563,1323.9429888916015,-2.034814273140806,1577.544205432766,1024.0999755859375,0.7714114444288045,52.862810603950194,18.25726141078838,0,https://www.tradingview.com/symbols/VOLTAS/?exchange=NSE,False,False,False,False,False,False,False,False,False
MSUMI,daily,33.54999923706055,37.24439994812012,38.39702860514323,39.92260015487671,-2.9042353951335143,52.823297143452564,32.70000076293945,2.599383652261067,57.44649283062289,17.704011065006917,0,https://www.tradingview.com/symbols/MSUMI/?exchange=NSE,False,False,False,False,False,False,False,False,False
TATACHEM,daily,592.9500122070312,650.7160009765626,686.4185054524739,695.5948812866211,-2.0211854178361244,930.1982589199833,571.5129923118551,3.7509243330515085,56.87633692048906,17.565698478561547,0,https://www.tradingview.com/symbols/TATACHEM/?exchange=NSE,False,False,False,False,False,False,False,False,False
GODREJCP,daily,860.5,918.1975402832031,1001.7087845865885,1049.9109860229491,-2.6434432946043307,1255.178308316206,832.5999755859375,3.3509518655015613,45.8661601762006,17.42738589211618,0,https://www.tradingview.com/symbols/GODREJCP/?exchange=NSE,False,False,False,False,False,False,False,False,False
COROMANDEL,daily,1703.4000244140625,1954.8620043945311,1965.82451171875,2046.2691870117187,-2.202395534143875,2486.7668094210435,1651.0999755859375,3.167588250345954,45.98842161437942,17.15076071922545,0,https://www.tradingview.com/symbols/COROMANDEL/?exchange=NSE,False,False,False,False,False,False,False,False,False
PFIZER,daily,3750.0,4467.13599609375,4564.872578125,4625.469743652344,-2.1086218555570357,5489.439888599995,3731.0,0.5092468507102543,46.38506369599988,17.012448132780083,0,https://www.tradingview.com/symbols/PFIZER/?exchange=NSE,False,False,False,False,False,False,False,False,False
HAVELLS,daily,1041.5,1179.8299987792968,1210.1957206217448,1254.2528622436523,-2.8386962640540414,1507.8490924045077,1015.0999755859375,2.600731459856842,44.776677139175014,16.874135546334717,0,https://www.tradingview.com/symbols/HAVELLS/?exchange=NSE,False,False,False,False,False,False,False,False,False
APTUS,daily,215.72999572753906,248.53540069580077,252.49245178222657,255.58454071044923,-1.8610426719009143,326.69252082124143,191.24135126964168,12.805099051705348,51.43583520663715,16.735822959889347,0,https://www.tradingview.com/symbols/APTUS/?exchange=NSE,False,False,False,False,False,False,False,False,False
BIRLACORPN,daily,817.2999877929688,862.8400012207031,910.8984765625,944.6882189941406,-3.003127549775597,1328.8254130627743,759.7237180556469,7.578579998091439,62.58723025937212,16.59751037344398,0,https://www.tradingview.com/symbols/BIRLACORPN/?exchange=NSE,False,False,False,False,False,False,False,False,False
INFY,daily,1023.4000244140625,1094.5730004882812,1138.5739904785157,1233.9549942016602,-4.346341109699992,1691.3991593070652,980.4000244140625,4.385964803060771,65.27253458641053,16.459197786998615,0,https://www.tradingview.com/symbols/INFY/?exchange=NSE,False,False,False,False,False,False,False,False,False
EMAMILTD,daily,369.45001220703125,386.6509997558594,408.52733357747394,430.7540673828125,-3.477125777654655,549.1320296674938,361.1499938964844,2.2982191473955638,48.635001089071,16.182572614107883,0,https://www.tradingview.com/symbols/EMAMILTD/?exchange=NSE,False,False,False,False,False,False,False,False,False
COCHINSHIP,daily,1230.0,1427.4238427734374,1458.2236010742188,1479.541417236328,-2.0544166592355695,1879.129413417229,1185.6655491296951,3.7392037664286892,52.7747490583113,16.044260027662517,0,https://www.tradingview.com/symbols/COCHINSHIP/?exchange=NSE,False,False,False,False,False,False,False,False,False
MARUTI,daily,11420.0,12918.33458984375,13129.478020833334,13745.496806640625,-3.047414937879245,17197.28603290768,11225.0,1.737193763919831,50.58919468395515,15.90594744121715,0,https://www.tradingview.com/symbols/MARUTI/?exchange=NSE,False,False,False,False,False,False,False,False,False
BAYERCROP,daily,3492.0,3935.259404296875,4233.624661458333,4293.18603515625,-1.787084755706625,4992.8592352646965,3366.300048828125,3.7340685425719444,42.97993228134869,15.629322268326417,0,https://www.tradingview.com/symbols/BAYERCROP/?exchange=NSE,False,False,False,False,False,False,False,False,False
IREDA,daily,104.4000015258789,113.72162292480469,120.1976717631022,122.97132495880128,-2.378584102261738,156.81816409540926,103.41000366210938,0.9573521213714908,50.20896724463824,15.491009681881051,0,https://www.tradingview.com/symbols/IREDA/?exchange=NSE,False,False,False,False,False,False,False,False,False
HUDCO,daily,159.75,180.32629302978515,190.60154368082684,193.2109910583496,-2.80684966634116,239.21870378078592,155.8000030517578,2.535299660379331,49.74566746841058,15.352697095435685,0,https://www.tradingview.com/symbols/HUDCO/?exchange=NSE,False,False,False,False,False,False,False,False,False
VIPIND,daily,275.20001220703125,302.06099975585937,310.1986657714844,325.75824996948245,-2.336518924657649,447.29998779296875,273.79998779296875,0.5113310724911724,62.536325563992975,15.076071922544951,0,https://www.tradingview.com/symbols/VIPIND/?exchange=NSE,False,False,False,False,False,False,False,False,False
RCF,daily,103.5,115.49823471069335,121.53431009928386,124.65975471496581,-2.6092602151513433,154.10415849543918,103.0999984741211,0.38797432764201556,48.89290675887843,14.937759336099585,0,https://www.tradingview.com/symbols/RCF/?exchange=NSE,False,False,False,False,False,False,False,False,False
IRCTC,daily,458.79998779296875,479.21570678710935,510.0540405273438,541.2885366821289,-4.187475453228173,725.6811213920008,446.0256812201048,2.864029384568134,58.16938550562056,14.79944674965422,0,https://www.tradingview.com/symbols/IRCTC/?exchange=NSE,False,False,False,False,False,False,False,False,False
INDIAMART,daily,1606.800048828125,1706.9420068359375,1885.2050398763022,1949.3617840576171,-3.2990236945163898,2455.004088492464,1565.0999755859375,2.6643712154283294,52.78840016733588,14.661134163208853,0,https://www.tradingview.com/symbols/INDIAMART/?exchange=NSE,False,False,False,False,False,False,False,False,False
INDIACEM,daily,297.45001220703125,354.037998046875,375.9769999186198,393.8940007019043,-2.2182447561001406,485.79998779296875,289.20001220703125,2.852696975024349,63.321555843420875,14.522821576763487,0,https://www.tradingview.com/symbols/INDIACEM/?exchange=NSE,False,False,False,False,False,False,False,False,False
NCC,daily,125.05999755859375,139.52709228515624,144.82216217041017,146.14181755065917,-2.3990485296618735,213.9474194024461,119.01000213623047,5.083602481947591,71.07582246849664,14.384508990318118,0,https://www.tradingview.com/symbols/NCC/?exchange=NSE,False,False,False,False,False,False,False,False,False
ACI,daily,455.04998779296875,492.93400024414063,537.9309236653646,541.1162744140624,-0.9598325323771695,700.9383640503645,446.0,2.02914524506026,54.03546486177824,14.246196403872752,0,https://www.tradingview.com/symbols/ACI/?exchange=NSE,False,False,False,False,False,False,False,False,False
SUBROS,daily,664.5,731.36365234375,743.2516137695312,762.8587490844726,-2.2682613430023535,1184.9901234740087,619.4809592285877,7.267219452147899,78.32808479669053,13.96957123098202,0,https://www.tradingview.com/symbols/SUBROS/?exchange=NSE,False,False,False,False,False,False,False,False,False
STARCEMENT,daily,169.64999389648438,191.63440002441405,206.04219970703124,208.92903129577635,-1.9697623695179467,271.7552325198695,167.6199951171875,1.211071971382438,60.18581921416799,13.692946058091287,0,https://www.tradingview.com/symbols/STARCEMENT/?exchange=NSE,False,False,False,False,False,False,False,False,False
BDL,daily,1075.9000244140625,1234.5175732421876,1280.7392122395834,1310.0875762939454,-2.656893688818962,1627.0610201098634,1047.699951171875,2.6916173099602814,51.227900658889226,13.55463347164592,0,https://www.tradingview.com/symbols/BDL/?exchange=NSE,False,False,False,False,False,False,False,False,False
KPIGREEN,daily,325.29998779296875,326.4337432861328,380.8495965576172,391.6834394836426,-3.0274428753580995,541.0236304500187,271.56159908116916,19.788655278811085,66.31529380638752,13.416320885200554,0,https://www.tradingview.com/symbols/KPIGREEN/?exchange=NSE,False,False,False,False,False,False,False,False,False
GHCL,daily,386.25,427.12599853515627,441.48770426432293,460.8358560180664,-3.6073528560415458,649.6824619687275,382.1000061035156,1.0861014996581986,68.20257915047961,13.278008298755188,0,https://www.tradingview.com/symbols/GHCL/?exchange=NSE,False,False,False,False,False,False,False,False,False
EIDPARRY,daily,688.9000244140625,753.6209997558594,775.7910009765625,817.4160006713868,-4.168961420775641,1118.0,672.2999877929688,2.4691412944374047,62.28769928566986,13.139695712309821,0,https://www.tradingview.com/symbols/EIDPARRY/?exchange=NSE,False,False,False,False,False,False,False,False,False
NFL,daily,61.7400016784668,68.34177619934081,71.46211474100748,73.99000635147095,-2.7633392908339993,96.82798291770169,61.150001525878906,0.964840781464571,56.831843675625635,13.001383125864455,0,https://www.tradingview.com/symbols/NFL/?exchange=NSE,False,False,False,False,False,False,False,False,False
KNRCON,daily,112.91999816894531,123.8721533203125,124.9898014831543,130.57991756439208,-2.9746975400251063,199.70190451094848,108.43384507627295,4.137225872158989,76.85255734078598,12.863070539419086,0,https://www.tradingview.com/symbols/KNRCON/?exchange=NSE,False,False,False,False,False,False,False,False,False
UBL,daily,1162.699951171875,1303.4635083007813,1385.0861051432291,1425.2154772949218,-3.4085969211900324,1830.970927725064,1140.300048828125,1.964386686361208,57.475789508690056,12.72475795297372,0,https://www.tradingview.com/symbols/UBL/?exchange=NSE,False,False,False,False,False,False,False,False,False
JYOTHYLAB,daily,187.94000244140625,198.79399993896484,208.72485026041667,220.085302734375,-4.732033278761394,319.32386836316425,180.0,4.41111246744792,69.90734501172486,12.586445366528354,0,https://www.tradingview.com/symbols/JYOTHYLAB/?exchange=NSE,False,False,False,False,False,False,False,False,False
CSBBANK,daily,300.3500061035156,323.3110009765625,350.836333211263,374.09125,-2.518208231814567,574.4000244140625,295.0,1.8135613910222448,91.24355343482016,12.448132780082988,0,https://www.tradingview.com/symbols/CSBBANK/?exchange=NSE,False,False,False,False,False,False,False,False,False
GODFRYPHLP,daily,1813.199951171875,2047.3686938476562,2099.1427823893227,2132.003539428711,-4.316373705022536,3416.4727916478596,1770.0,2.440675207450571,88.42228566351913,12.309820193637622,0,https://www.tradingview.com/symbols/GODFRYPHLP/?exchange=NSE,False,False,False,False,False,False,False,False,False
SIGNATURE,daily,711.25,781.5200012207031,804.7496675618489,853.6160006713867,-4.434782397018299,1153.9000244140625,695.0,2.3381294964028854,62.23550431129175,12.171507607192254,0,https://www.tradingview.com/symbols/SIGNATURE/?exchange=NSE,False,False,False,False,False,False,False,False,False
WIPRO,daily,158.3800048828125,174.39059967041015,183.96571177164714,197.23996475219727,-4.2157634329447635,263.220498300555,156.7899932861328,1.0141027264271907,66.19553616967961,12.033195020746888,0,https://www.tradingview.com/symbols/WIPRO/?exchange=NSE,False,False,False,False,False,False,False,False,False
BLS,daily,216.22999572753906,240.04812866210938,253.36091623942056,262.86330696105955,-3.7439119912917262,355.6599215623946,212.0,1.9952810035561708,64.48223123055712,11.89488243430152,0,https://www.tradingview.com/symbols/BLS/?exchange=NSE,False,False,False,False,False,False,False,False,False
HEMIPROP,daily,110.3499984741211,125.64439987182617,132.7371999613444,133.50375003814696,-1.4604842739027846,190.69000244140625,108.1500015258789,2.0342088924665935,72.8047168810122,11.756569847856154,0,https://www.tradingview.com/symbols/HEMIPROP/?exchange=NSE,False,False,False,False,False,False,False,False,False
VMM,daily,97.0,105.3415998840332,112.54253321329753,116.23534999847412,-2.935313732862632,152.17999267578125,96.80000305175781,0.2066084110919464,56.88659038740336,11.618257261410788,0,https://www.tradingview.com/symbols/VMM/?exchange=NSE,False,False,False,False,False,False,False,False,False
RAILTEL,daily,248.10000610351562,272.7891836547852,293.3651481119792,305.0806120300293,-2.632727878831065,396.58160206280564,243.9284560598348,1.710153096142908,59.847477753522725,11.479944674965422,0,https://www.tradingview.com/symbols/RAILTEL/?exchange=NSE,False,False,False,False,False,False,False,False,False
BBTC,daily,1222.0999755859375,1444.869990234375,1489.251326497396,1564.325242919922,-3.154825428863972,2114.6666501437494,1205.5,1.3770199573569064,73.03548747146236,11.341632088520056,0,https://www.tradingview.com/symbols/BBTC/?exchange=NSE,False,False,False,False,False,False,False,False,False
UPL,daily,481.04998779296875,564.1759997558594,599.1706164550782,634.1640216064453,-3.322842598344322,804.4134581804076,476.45001220703125,0.965468667873326,67.22034686478486,11.20331950207469,0,https://www.tradingview.com/symbols/UPL/?exchange=NSE,False,False,False,False,False,False,False,False,False
RALLIS,daily,195.75999450683594,207.74200012207032,230.16113057454427,238.93714920043945,-2.3895558896575797,311.01502998141837,195.0500030517578,0.3640048418198205,58.875683852023066,11.065006915629322,0,https://www.tradingview.com/symbols/RALLIS/?exchange=NSE,False,False,False,False,False,False,False,False,False
SWSOLAR,daily,160.08999633789062,188.55319915771486,197.99873311360676,199.26644966125488,-2.5253034721088197,260.79998779296875,148.0,8.16891644452069,62.90836014669941,10.926694329183956,0,https://www.tradingview.com/symbols/SWSOLAR/?exchange=NSE,False,False,False,False,False,False,False,False,False
SBICARD,daily,547.6500244140625,634.4980029296875,641.4883996582031,683.7063079833985,-3.916966419180734,961.6311031378486,547.6500244140625,0.0,75.59226883386148,10.650069156293222,0,https://www.tradingview.com/symbols/SBICARD/?exchange=NSE,False,False,False,False,False,False,False,False,False
SUNTECK,daily,271.6000061035156,292.7785534667969,308.52909301757813,332.48634323120115,-4.111421590612341,469.97910852813845,268.54998779296875,1.135735784467129,73.04090499505148,10.511756569847856,0,https://www.tradingview.com/symbols/SUNTECK/?exchange=NSE,False,False,False,False,False,False,False,False,False
BATAINDIA,daily,613.25,664.9514306640625,665.3486730957031,710.4667495727539,-4.507774113513996,1181.5155114281206,577.3964738257137,6.209515956467149,92.66457585456511,10.37344398340249,0,https://www.tradingview.com/symbols/BATAINDIA/?exchange=NSE,False,False,False,False,False,False,False,False,False
PRSMJOHNSN,daily,96.87000274658203,109.92739974975586,118.05573323567708,120.66115001678467,-2.26067623688303,165.89999389648438,96.30000305175781,0.591899975867971,71.26044099584585,10.235131396957122,0,https://www.tradingview.com/symbols/PRSMJOHNSN/?exchange=NSE,False,False,False,False,False,False,False,False,False
NBCC,daily,74.45999908447266,85.74560623168945,91.510764058431,94.68913757324219,-3.570854512325805,124.82730179011317,73.9000015258789,0.7577774655358471,67.64343718094908,10.096818810511756,0,https://www.tradingview.com/symbols/NBCC/?exchange=NSE,False,False,False,False,False,False,False,False,False
ZENSARTECH,daily,441.79998779296875,465.90100158691405,490.517734781901,530.4094659423828,-5.351121319609275,799.7128098861871,412.9712066051201,6.980821114585489,81.01241104174484,9.681881051175658,0,https://www.tradingview.com/symbols/ZENSARTECH/?exchange=NSE,False,False,False,False,False,False,False,False,False
JWL,daily,214.39999389648438,241.62960052490234,261.1024003092448,272.9378003692627,-1.9524530184295674,358.25,213.1999969482422,0.562850359014555,67.09422117473036,9.54356846473029,0,https://www.tradingview.com/symbols/JWL/?exchange=NSE,False,False,False,False,False,False,False,False,False
KSCL,daily,676.7999877929688,748.5769958496094,833.6493310546875,847.8797473144531,-3.3245729185350625,1095.9000244140625,669.2999877929688,1.1205737541892802,61.92376539304774,9.405255878284924,0,https://www.tradingview.com/symbols/KSCL/?exchange=NSE,False,False,False,False,False,False,False,False,False
ACC,daily,1133.0,1275.9560009765626,1342.0951529947918,1427.7528479003906,-4.391352074425914,1975.569036609613,1124.5999755859375,0.746934429701196,74.36619917119268,9.266943291839558,0,https://www.tradingview.com/symbols/ACC/?exchange=NSE,False,False,False,False,False,False,False,False,False
PATANJALI,daily,355.0,357.50777526855467,411.56488118489585,440.4167723083496,-4.446930386122938,605.9581737112406,326.057353105007,8.876550894919388,70.69244329894101,9.12863070539419,0,https://www.tradingview.com/symbols/PATANJALI/?exchange=NSE,False,False,False,False,False,False,False,False,False
MOIL,daily,234.9600067138672,255.49420013427735,280.3537339274089,293.49200576782226,-3.0188291834315595,398.6210131186603,228.6999969482422,2.7372146257796937,69.65483560106401,8.990318118948824,0,https://www.tradingview.com/symbols/MOIL/?exchange=NSE,False,False,False,False,False,False,False,False,False
ANUP,daily,1498.199951171875,1783.3923120117188,1890.3054313151042,1912.7235626220704,-3.449500751072365,2507.7248616944585,1413.1287937902684,6.020056894703152,67.38252192125253,8.71369294605809,0,https://www.tradingview.com/symbols/ANUP/?exchange=NSE,False,False,False,False,False,False,False,False,False
ASHAPURMIN,daily,470.79998779296875,572.8953460693359,605.3766927083333,634.8467700195313,-3.247819828716636,921.4245512973316,453.38988582073415,3.839984639427607,95.71465063472391,8.575380359612724,0,https://www.tradingview.com/symbols/ASHAPURMIN/?exchange=NSE,False,False,False,False,False,False,False,False,False
AMBUJACEM,daily,351.5,400.46699951171877,423.08220967610674,450.7655790710449,-3.8392609412175704,585.8501015513514,341.0,3.079178885630496,66.6714371412095,8.437067773167358,0,https://www.tradingview.com/symbols/AMBUJACEM/?exchange=NSE,False,False,False,False,False,False,False,False,False
BAJAJELEC,daily,298.0,333.72699951171876,342.8215740966797,362.23488189697264,-4.667435460359293,555.940065373127,289.04998779296875,3.0963544663567655,86.55706891715671,8.29875518672199,0,https://www.tradingview.com/symbols/BAJAJELEC/?exchange=NSE,False,False,False,False,False,False,False,False,False
TTML,daily,32.95000076293945,37.130199890136716,39.990000025431314,41.45810005187988,-3.9982864052797384,60.08000183105469,31.219999313354492,5.541324431884109,82.33687538675183,8.160442600276625,0,https://www.tradingview.com/symbols/TTML/?exchange=NSE,False,False,False,False,False,False,False,False,False
INTELLECT,daily,584.0999755859375,673.11,696.0846936035156,735.3809729003906,-5.966888117326441,1232.7256944645226,564.0499877929688,3.5546473232666687,111.04703749181274,8.022130013831259,0,https://www.tradingview.com/symbols/INTELLECT/?exchange=NSE,False,False,False,False,False,False,False,False,False
BIKAJI,daily,472.04998779296875,581.3030041503906,624.6651590983073,639.2562875366211,-2.973496641481077,766.9994067456643,464.5,1.625401031855489,62.48266636584559,7.745504840940526,0,https://www.tradingview.com/symbols/BIKAJI/?exchange=NSE,False,False,False,False,False,False,False,False,False
HAPPSTMNDS,daily,306.1000061035156,363.3760021972656,365.9256809488932,378.44287673950197,-4.846251588415329,526.5420249047451,299.0,2.374583981108902,72.01633923740638,7.607192254495159,0,https://www.tradingview.com/symbols/HAPPSTMNDS/?exchange=NSE,False,False,False,False,False,False,False,False,False
SJVN,daily,54.2400016784668,64.56599273681641,69.66828384399415,70.74337711334229,-2.017243582295203,90.26870728553163,54.0099983215332,0.42585329398519,66.42460267726757,7.468879668049793,0,https://www.tradingview.com/symbols/SJVN/?exchange=NSE,False,False,False,False,False,False,False,False,False
INOXGREEN,daily,128.9199981689453,170.45739959716798,173.7656660970052,176.45449920654298,-2.9890913189966395,279.0,108.69999694824219,18.601657579007046,116.41328262693574,7.330567081604427,0,https://www.tradingview.com/symbols/INOXGREEN/?exchange=NSE,False,False,False,False,False,False,False,False,False
IRCON,daily,104.55999755859375,117.35228225708008,129.69571161905924,136.80051517486572,-3.617517787499458,183.78538352585957,101.5999984741211,2.91338496941671,75.77026378837584,7.192254495159059,0,https://www.tradingview.com/symbols/IRCON/?exchange=NSE,False,False,False,False,False,False,False,False,False
SAFARI,daily,1289.300048828125,1487.4079907226562,1536.4281526692707,1663.7190216064453,-5.5870074963993215,2504.019782423858,1280.0,0.7265663146972745,94.2154415257969,7.053941908713693,0,https://www.tradingview.com/symbols/SAFARI/?exchange=NSE,False,False,False,False,False,False,False,False,False
IRFC,daily,74.69999694824219,83.18240005493163,91.9711892191569,98.09660572052002,-3.8248412079437855,135.7285614195044,74.05999755859375,0.8641633955524863,81.69821548125016,6.915629322268327,0,https://www.tradingview.com/symbols/IRFC/?exchange=NSE,False,False,False,False,False,False,False,False,False
ABREL,daily,1022.2999877929688,1305.4980041503907,1309.9155578613281,1347.9739456176758,-4.180815522082304,1910.6691914062499,1002.2999877929688,1.995410580023993,86.89907211396634,6.77731673582296,0,https://www.tradingview.com/symbols/ABREL/?exchange=NSE,False,False,False,False,False,False,False,False,False
PIIND,daily,2100.0,2458.3695361328123,2720.3568570963544,2833.124172363281,-3.951663519508497,3812.9263498994665,2100.0,0.0,81.5679214237841,6.639004149377594,0,https://www.tradingview.com/symbols/PIIND/?exchange=NSE,False,False,False,False,False,False,False,False,False
CRIZAC,daily,162.94000244140625,175.99160034179687,197.03440063476563,209.58922744750976,-4.782702646716541,322.394908081455,159.02000427246094,2.4650975120267704,97.86111651581034,6.36237897648686,0,https://www.tradingview.com/symbols/CRIZAC/?exchange=NSE,False,False,False,False,False,False,False,False,False
KITEX,daily,115.01000213623047,126.68605392456055,148.23156560262044,155.95376399993896,-5.663742245327164,231.73507903347866,113.11000061035156,1.679782084365944,101.49123965669196,6.224066390041494,0,https://www.tradingview.com/symbols/KITEX/?exchange=NSE,False,False,False,False,False,False,False,False,False
DBREALTY,daily,84.72000122070312,103.31540008544921,108.3037333170573,109.96694988250732,-3.136672403627394,164.60000610351562,83.5,1.4610793062312943,94.28706767215218,5.94744121715076,0,https://www.tradingview.com/symbols/DBREALTY/?exchange=NSE,False,False,False,False,False,False,False,False,False
AFCONS,daily,242.0399932861328,268.3733999633789,293.4846458943685,307.0106761932373,-4.852472946976283,476.09320955207187,225.35000610351562,7.406251045296419,96.70022424320925,5.809128630705394,0,https://www.tradingview.com/symbols/AFCONS/?exchange=NSE,False,False,False,False,False,False,False,False,False
SYNGENE,daily,346.0,390.39899963378906,416.760322265625,450.1780665588379,-6.068323239144724,677.034031793237,345.20001220703125,0.23174616589787256,95.67457566278526,5.670816044260028,0,https://www.tradingview.com/symbols/SYNGENE/?exchange=NSE,False,False,False,False,False,False,False,False,False
CMSINFO,daily,213.85000610351562,241.6192562866211,272.65263498942056,285.2244116973877,-4.3797965927178435,385.6351549871131,210.5,1.591451830648749,80.32973765754473,5.532503457814661,0,https://www.tradingview.com/symbols/CMSINFO/?exchange=NSE,False,False,False,False,False,False,False,False,False
ASHOKA,daily,102.0199966430664,113.36040054321289,121.5347336324056,129.929450340271,-5.071322839731263,214.5,100.30999755859375,1.7047145111072304,110.25289850818484,5.394190871369295,0,https://www.tradingview.com/symbols/ASHOKA/?exchange=NSE,False,False,False,False,False,False,False,False,False
IXIGO,daily,150.75,169.05779907226562,174.70466583251954,185.92659927368163,-5.529229854375606,339.1499938964844,149.5,0.8361204013378032,124.97512032934286,5.255878284923928,0,https://www.tradingview.com/symbols/IXIGO/?exchange=NSE,False,False,False,False,False,False,False,False,False
JKLAKSHMI,daily,467.29998779296875,525.7240014648437,578.2893131510417,621.4252032470703,-4.584171951253868,874.9722477555258,461.45001220703125,1.267737659808077,87.23994663213452,5.117565698478561,0,https://www.tradingview.com/symbols/JKLAKSHMI/?exchange=NSE,False,False,False,False,False,False,False,False,False
SWANCORP,daily,260.25,295.14138061523437,316.20618611653646,344.51460327148436,-5.111913498027453,493.35629273111505,254.39999389648438,2.299530756237367,89.57014129917967,4.979253112033195,0,https://www.tradingview.com/symbols/SWANCORP/?exchange=NSE,False,False,False,False,False,False,False,False,False
ROUTE,daily,414.79998779296875,493.82689208984374,504.37449768066404,530.9443957519532,-3.990585502803057,798.1971250028588,406.117116732523,2.1380214481736326,92.42939934734227,4.840940525587829,0,https://www.tradingview.com/symbols/ROUTE/?exchange=NSE,False,False,False,False,False,False,False,False,False
ORIENTCEM,daily,111.62000274658203,127.39600006103515,134.06571416219074,141.58620822906494,-3.4402585240167927,225.98672509713518,109.29000091552734,2.13194419575089,102.46077722306381,4.702627939142462,0,https://www.tradingview.com/symbols/ORIENTCEM/?exchange=NSE,False,False,False,False,False,False,False,False,False
TATAELXSI,daily,2996.0,3498.23798828125,3872.953343098958,4198.351030273438,-4.530791727905825,5845.177388781378,2996.0,0.0,95.0993787977763,4.426002766251729,0,https://www.tradingview.com/symbols/TATAELXSI/?exchange=NSE,False,False,False,False,False,False,False,False,False
RTNPOWER,daily,6.429999828338623,7.63920000076294,8.568000014623006,8.655899994373321,-3.504361610260498,11.9399995803833,6.360000133514404,1.100624109351056,85.69206686072877,4.287690179806362,0,https://www.tradingview.com/symbols/RTNPOWER/?exchange=NSE,False,False,False,False,False,False,False,False,False
EUREKAFORB,daily,339.0,408.44700012207034,447.15200052897137,474.744500579834,-5.45772643920468,668.2999877929688,335.0,1.1940298507462588,97.13863946695243,4.149377593360995,0,https://www.tradingview.com/symbols/EUREKAFORB/?exchange=NSE,False,False,False,False,False,False,False,False,False
SKFINDIA,daily,1407.699951171875,1532.9740063476563,1569.2043074544272,1610.800806274414,-2.342819204408697,4953.039658667183,1370.529580184146,2.712117383320889,251.85336580738684,4.011065006915629,0,https://www.tradingview.com/symbols/SKFINDIA/?exchange=NSE,False,False,False,False,False,False,False,False,False
SHAKTIPUMP,daily,426.6499938964844,485.5640008544922,516.2612976074219,551.8193292236328,-3.7933805448133517,829.44826212853,423.0,0.8628827178450038,94.40953333982098,3.872752420470263,0,https://www.tradingview.com/symbols/SHAKTIPUMP/?exchange=NSE,False,False,False,False,False,False,False,False,False
TRIVENI,daily,237.86000061035156,255.56830322265625,345.1351854451497,351.0229853057861,-3.2695487832754,487.9415273208757,219.08086419063903,8.571783066991824,105.13811740890104,3.7344398340248963,0,https://www.tradingview.com/symbols/TRIVENI/?exchange=NSE,False,False,False,False,False,False,False,False,False
LATENTVIEW,daily,232.00999450683594,267.2007995605469,287.9812658691406,321.34894989013674,-7.54064811349231,517.5,228.3699951171875,1.5939043952689858,123.05073585299895,3.5961272475795294,0,https://www.tradingview.com/symbols/LATENTVIEW/?exchange=NSE,False,False,False,False,False,False,False,False,False
TMPV,daily,273.0,313.89799926757814,335.3513761393229,341.59701263427735,-1.8362845085686086,733.6144341409002,272.20001220703125,0.2938970452214029,168.72323594904773,3.4578146611341634,0,https://www.tradingview.com/symbols/TMPV/?exchange=NSE,False,False,False,False,False,False,False,False,False
RAYMONDLSL,daily,596.4000244140625,690.2429992675782,747.3820129394531,803.9673999023438,-5.821080147374024,1244.832144824717,593.9000244140625,0.4209462699494626,108.7243618153288,3.319502074688797,0,https://www.tradingview.com/symbols/RAYMONDLSL/?exchange=NSE,False,False,False,False,False,False,False,False,False
ABLBL,daily,72.45999908447266,84.40170532226563,94.1867551167806,99.00867630004883,-5.349306277016764,149.99351685072722,71.0999984741211,1.9127997743158431,107.0018199639601,3.18118948824343,0,https://www.tradingview.com/symbols/ABLBL/?exchange=NSE,False,False,False,False,False,False,False,False,False
RVNL,daily,187.1999969482422,214.21074127197267,245.09572733561197,266.11937438964844,-4.414693783755719,398.20450175980454,186.89999389648438,0.16051528173082197,112.71608346761978,3.0428769017980635,0,https://www.tradingview.com/symbols/RVNL/?exchange=NSE,False,False,False,False,False,False,False,False,False
AHLUCONT,daily,557.5999755859375,659.7064208984375,756.0308744303385,788.7458334350586,-5.431436363688147,1076.649454434594,540.5499877929688,3.1541926145596255,93.08635250624404,2.7662517289073305,0,https://www.tradingview.com/symbols/AHLUCONT/?exchange=NSE,False,False,False,False,False,False,False,False,False
RTNINDIA,daily,25.030000686645508,28.83900001525879,31.38553347269694,32.859500083923336,-5.0730090707706506,54.5,24.399999618530273,2.581971631002755,117.73870757054313,2.627939142461964,0,https://www.tradingview.com/symbols/RTNINDIA/?exchange=NSE,False,False,False,False,False,False,False,False,False
INOXWIND,daily,66.6500015258789,73.74579956054687,83.42293314615885,90.38919982910156,-6.6339640291030015,159.3000030517578,62.43000030517578,6.759572641477729,139.00975154502387,2.4896265560165975,0,https://www.tradingview.com/symbols/INOXWIND/?exchange=NSE,False,False,False,False,False,False,False,False,False
NETWORK18,daily,24.690000534057617,27.819399909973143,30.663000043233236,32.829749994277954,-5.637233742414505,53.2400016784668,24.25,1.8144351919901824,115.6338619961836,2.351313969571231,0,https://www.tradingview.com/symbols/NETWORK18/?exchange=NSE,False,False,False,False,False,False,False,False,False
ABFRL,daily,43.650001525878906,52.595400161743164,58.26473332722982,61.59939998626709,-4.8463934217273135,88.98999786376953,43.04999923706055,1.3937335643477322,103.87169473753572,2.2130013831258646,0,https://www.tradingview.com/symbols/ABFRL/?exchange=NSE,False,False,False,False,False,False,False,False,False
AURIONPRO,daily,601.5999755859375,685.4738195800782,782.6583996582032,835.30162109375,-5.452925701234013,1235.2944216929336,593.3499755859375,1.3904104389408811,105.3348523642807,2.0746887966804977,0,https://www.tradingview.com/symbols/AURIONPRO/?exchange=NSE,False,False,False,False,False,False,False,False,False
RPOWER,daily,19.799999237060547,22.030799980163575,24.432466646830242,26.07214998245239,-6.629744296798834,50.72999954223633,19.09000015258789,3.719219899411086,156.212128772625,1.9363762102351314,0,https://www.tradingview.com/symbols/RPOWER/?exchange=NSE,False,False,False,False,False,False,False,False,False
AWFIS,daily,247.02999877929688,262.77979919433596,292.389665629069,322.5294992828369,-8.263311761312975,639.4000244140625,229.0500030517578,7.849812481109719,158.83497047875522,1.7980636237897647,0,https://www.tradingview.com/symbols/AWFIS/?exchange=NSE,False,False,False,False,False,False,False,False,False
FIRSTCRY,daily,169.1699981689453,188.41799987792967,212.97386627197267,226.5131494140625,-5.7620557404899575,389.6499938964844,163.3699951171875,3.550225393345574,130.33043572380484,1.6597510373443984,0,https://www.tradingview.com/symbols/FIRSTCRY/?exchange=NSE,False,False,False,False,False,False,False,False,False
ZAGGLE,daily,166.42999267578125,186.75679962158202,210.20166676839193,233.0352498626709,-8.342915546483386,405.3999938964844,154.36000061035156,7.8193780886913755,143.58589901895598,1.3831258644536653,0,https://www.tradingview.com/symbols/ZAGGLE/?exchange=NSE,False,False,False,False,False,False,False,False,False
VIKRAMSOLR,daily,143.30999755859375,166.51800018310547,187.97880015055338,196.15235023498536,-5.448264519624713,354.3999938964844,143.0,0.2167815095061254,147.29607140742874,1.2448132780082988,0,https://www.tradingview.com/symbols/VIKRAMSOLR/?exchange=NSE,False,False,False,False,False,False,False,False,False
HGINFRA,daily,401.75,485.47532348632814,533.2600431315104,568.8234548950195,-6.815341575727574,972.8850012742132,398.54998779296875,0.8029136381992652,142.16179247646875,1.1065006915629323,0,https://www.tradingview.com/symbols/HGINFRA/?exchange=NSE,False,False,False,False,False,False,False,False,False
JSLL,daily,385.1499938964844,507.88767822265623,578.7362443033854,605.4500942993164,-3.8306731230799307,831.6028981949348,359.75,7.060456955242356,115.9166328374504,0.9681881051175657,0,https://www.tradingview.com/symbols/JSLL/?exchange=NSE,False,False,False,False,False,False,False,False,False
VEDL,daily,253.10000610351562,268.5900018310547,395.17651112874347,457.67147148132324,-5.713273338775682,795.0,247.25,2.366028757741412,214.10508922502837,0.8298755186721992,0,https://www.tradingview.com/symbols/VEDL/?exchange=NSE,False,False,False,False,False,False,False,False,False
KEC,daily,369.8500061035156,416.9791564941406,487.24704915364583,528.9877871704101,-5.9733652594325175,882.7184042406384,348.0,6.278737386067701,138.66929557210236,0.6915629322268326,0,https://www.tradingview.com/symbols/KEC/?exchange=NSE,False,False,False,False,False,False,False,False,False
KPITTECH,daily,479.0,565.5802655029297,645.6343157958985,744.4869035339356,-9.122751554268394,1271.2449225520793,470.1000061035156,1.8932128868180964,165.39559969772012,0.5532503457814661,0,https://www.tradingview.com/symbols/KPITTECH/?exchange=NSE,False,False,False,False,False,False,False,False,False
PNCINFRA,daily,134.49000549316406,184.03919555664064,201.9410028076172,209.33918174743653,-5.275804051210842,294.62840180334956,115.89978323828474,16.03991115035881,119.07085268007154,0.4149377593360996,0,https://www.tradingview.com/symbols/PNCINFRA/?exchange=NSE,False,False,False,False,False,False,False,False,False
OSWALPUMPS,daily,254.35000610351562,289.51400115966794,347.0326673380534,366.9577498626709,-7.813747114044345,790.0,251.10000610351562,1.294305026285092,210.59562848152046,0.2766251728907331,0,https://www.tradingview.com/symbols/OSWALPUMPS/?exchange=NSE,False,False,False,False,False,False,False,False,False
